{
"type": "FeatureCollection",
"name": "AGBRef",
"crs": { "type": "name", "properties": { "name": "urn:ogc:def:crs:OGC:1.3:CRS84" } },
"features": [
{ "type": "Feature", "properties": { "POINT_X": -47.65, "POINT_Y": -14.05, "n": 9.0, "AGB_T_HA": 25.675740121291653, "varTot": 69.033204691062338, "AVG_YEAR": 2018 }, "geometry": { "type": "Polygon", "coordinates": [ [ [ -47.602838447583729, -14.004244754668466 ], [ -47.602838447583729, -14.095746103034969 ], [ -47.697161552416276, -14.095746103034969 ], [ -47.697161552416276, -14.004244754668466 ], [ -47.602838447583729, -14.004244754668466 ] ] ] } },
{ "type": "Feature", "properties": { "POINT_X": -47.55, "POINT_Y": -13.95, "n": 6.0, "AGB_T_HA": 22.446182602499995, "varTot": 95.060608913043666, "AVG_YEAR": 2018 }, "geometry": { "type": "Polygon", "coordinates": [ [ [ -47.502838447583727, -13.904224871411976 ], [ -47.502838447583727, -13.995766046114097 ], [ -47.597161552416274, -13.995766046114097 ], [ -47.597161552416274, -13.904224871411976 ], [ -47.502838447583727, -13.904224871411976 ] ] ] } },
{ "type": "Feature", "properties": { "POINT_X": 9.85, "POINT_Y": -1.95, "n": 558.0, "AGB_T_HA": 268.04275683591044, "varTot": 2.0942231229420774, "AVG_YEAR": 2017 }, "geometry": { "type": "Polygon", "coordinates": [ [ [ 9.897161552416277, -1.902865103967891 ], [ 9.897161552416277, -1.997133575861705 ], [ 9.802838447583726, -1.997133575861705 ], [ 9.802838447583726, -1.902865103967891 ], [ 9.897161552416277, -1.902865103967891 ] ] ] } },
{ "type": "Feature", "properties": { "POINT_X": 10.55, "POINT_Y": -0.85, "n": 302.0, "AGB_T_HA": 309.24701867058155, "varTot": 5.4443104508116873, "AVG_YEAR": 2017 }, "geometry": { "type": "Polygon", "coordinates": [ [ [ 10.597161552416276, -0.802843354702432 ], [ 10.597161552416276, -0.897156069478556 ], [ 10.502838447583725, -0.897156069478556 ], [ 10.502838447583725, -0.802843354702432 ], [ 10.597161552416276, -0.802843354702432 ] ] ] } },
{ "type": "Feature", "properties": { "POINT_X": 10.65, "POINT_Y": -0.85, "n": 84.0, "AGB_T_HA": 332.4863653986518, "varTot": 19.501879978065745, "AVG_YEAR": 2017 }, "geometry": { "type": "Polygon", "coordinates": [ [ [ 10.697161552416274, -0.802843354702432 ], [ 10.697161552416274, -0.897156069478556 ], [ 10.602838447583725, -0.897156069478556 ], [ 10.602838447583725, -0.802843354702432 ], [ 10.697161552416274, -0.802843354702432 ] ] ] } },
{ "type": "Feature", "properties": { "POINT_X": 10.45, "POINT_Y": -0.75, "n": 916.0, "AGB_T_HA": 249.83889536202835, "varTot": 1.4441410999609903, "AVG_YEAR": 2017 }, "geometry": { "type": "Polygon", "coordinates": [ [ [ 10.497161552416275, -0.702842239305589 ], [ 10.497161552416275, -0.797157252602303 ], [ 10.402838447583727, -0.797157252602303 ], [ 10.402838447583727, -0.702842239305589 ], [ 10.497161552416275, -0.702842239305589 ] ] ] } },
{ "type": "Feature", "properties": { "POINT_X": 10.55, "POINT_Y": -0.75, "n": 5549.0, "AGB_T_HA": 294.88705769300208, "varTot": 0.25416961389347448, "AVG_YEAR": 2017 }, "geometry": { "type": "Polygon", "coordinates": [ [ [ 10.597161552416276, -0.702842239305589 ], [ 10.597161552416276, -0.797157252602303 ], [ 10.502838447583725, -0.797157252602303 ], [ 10.502838447583725, -0.702842239305589 ], [ 10.597161552416276, -0.702842239305589 ] ] ] } },
{ "type": "Feature", "properties": { "POINT_X": 10.65, "POINT_Y": -0.75, "n": 1222.0, "AGB_T_HA": 313.82162887418383, "varTot": 1.2304214022649116, "AVG_YEAR": 2017 }, "geometry": { "type": "Polygon", "coordinates": [ [ [ 10.697161552416274, -0.702842239305589 ], [ 10.697161552416274, -0.797157252602303 ], [ 10.602838447583725, -0.797157252602303 ], [ 10.602838447583725, -0.702842239305589 ], [ 10.697161552416274, -0.702842239305589 ] ] ] } },
{ "type": "Feature", "properties": { "POINT_X": -60.95, "POINT_Y": 0.25, "n": 8.0, "AGB_T_HA": 145.22208357092188, "varTot": 84.207499275171799, "AVG_YEAR": 2018 }, "geometry": { "type": "Polygon", "coordinates": [ [ [ -60.902838447583726, 0.297161013456334 ], [ -60.902838447583726, 0.202838817162432 ], [ -60.997161552416273, 0.202838817162432 ], [ -60.997161552416273, 0.297161013456334 ], [ -60.902838447583726, 0.297161013456334 ] ] ] } },
{ "type": "Feature", "properties": { "POINT_X": -61.05, "POINT_Y": 1.05, "n": 5.0, "AGB_T_HA": 173.64276438749999, "varTot": 157.44981105152218, "AVG_YEAR": 2018 }, "geometry": { "type": "Polygon", "coordinates": [ [ [ -61.002838447583734, 1.097153272306805 ], [ -61.002838447583734, 1.00284601644225 ], [ -61.097161552416281, 1.00284601644225 ], [ -61.097161552416281, 1.097153272306805 ], [ -61.002838447583734, 1.097153272306805 ] ] ] } },
{ "type": "Feature", "properties": { "POINT_X": 12.75, "POINT_Y": 3.15, "n": 32.0, "AGB_T_HA": 314.67183217792967, "varTot": 46.247072039037896, "AVG_YEAR": 2017 }, "geometry": { "type": "Polygon", "coordinates": [ [ [ 12.797161552416274, 3.197089225654725 ], [ 12.797161552416274, 3.1029086444126 ], [ 12.702838447583725, 3.1029086444126 ], [ 12.702838447583725, 3.197089225654725 ], [ 12.797161552416274, 3.197089225654725 ] ] ] } },
{ "type": "Feature", "properties": { "POINT_X": 12.85, "POINT_Y": 3.15, "n": 253.0, "AGB_T_HA": 280.94016731542496, "varTot": 5.493603370462167, "AVG_YEAR": 2017 }, "geometry": { "type": "Polygon", "coordinates": [ [ [ 12.897161552416277, 3.197089225654725 ], [ 12.897161552416277, 3.1029086444126 ], [ 12.802838447583728, 3.1029086444126 ], [ 12.802838447583728, 3.197089225654725 ], [ 12.897161552416277, 3.197089225654725 ] ] ] } },
{ "type": "Feature", "properties": { "POINT_X": 12.85, "POINT_Y": 3.25, "n": 102.0, "AGB_T_HA": 262.02366289856616, "varTot": 13.124764467939535, "AVG_YEAR": 2017 }, "geometry": { "type": "Polygon", "coordinates": [ [ [ 12.897161552416277, 3.297084597188242 ], [ 12.897161552416277, 3.202913205548009 ], [ 12.802838447583728, 3.202913205548009 ], [ 12.802838447583728, 3.297084597188242 ], [ 12.897161552416277, 3.297084597188242 ] ] ] } },
{ "type": "Feature", "properties": { "POINT_X": 12.75, "POINT_Y": 3.35, "n": 422.0, "AGB_T_HA": 334.40376619194313, "varTot": 3.5306579029627172, "AVG_YEAR": 2017 }, "geometry": { "type": "Polygon", "coordinates": [ [ [ 12.797161552416274, 3.397079825304015 ], [ 12.797161552416274, 3.302917910127933 ], [ 12.702838447583725, 3.302917910127933 ], [ 12.702838447583725, 3.397079825304015 ], [ 12.797161552416274, 3.397079825304015 ] ] ] } },
{ "type": "Feature", "properties": { "POINT_X": 11.45, "POINT_Y": 3.45, "n": 207.0, "AGB_T_HA": 278.76064300342267, "varTot": 6.4687264165185452, "AVG_YEAR": 2017 }, "geometry": { "type": "Polygon", "coordinates": [ [ [ 11.497161552416275, 3.497074910016885 ], [ 11.497161552416275, 3.402922758138353 ], [ 11.402838447583727, 3.402922758138353 ], [ 11.402838447583727, 3.497074910016885 ], [ 11.497161552416275, 3.497074910016885 ] ] ] } },
{ "type": "Feature", "properties": { "POINT_X": 12.85, "POINT_Y": 3.55, "n": 154.0, "AGB_T_HA": 322.37474271605112, "varTot": 9.6890335177874771, "AVG_YEAR": 2017 }, "geometry": { "type": "Polygon", "coordinates": [ [ [ 12.897161552416277, 3.597069851342135 ], [ 12.897161552416277, 3.502927749564807 ], [ 12.802838447583728, 3.502927749564807 ], [ 12.802838447583728, 3.597069851342135 ], [ 12.897161552416277, 3.597069851342135 ] ] ] } },
{ "type": "Feature", "properties": { "POINT_X": -77.05, "POINT_Y": 3.95, "n": 44.0, "AGB_T_HA": 53.897285262784088, "varTot": 73.939196740138158, "AVG_YEAR": 2017 }, "geometry": { "type": "Polygon", "coordinates": [ [ [ -77.002838447583741, 3.997048183087805 ], [ -77.002838447583741, 3.90294914912646 ], [ -77.097161552416296, 3.90294914912646 ], [ -77.097161552416296, 3.997048183087805 ], [ -77.002838447583741, 3.997048183087805 ] ] ] } },
{ "type": "Feature", "properties": { "POINT_X": -76.95, "POINT_Y": 3.95, "n": 47.0, "AGB_T_HA": 54.084179654255323, "varTot": 65.497909808213151, "AVG_YEAR": 2017 }, "geometry": { "type": "Polygon", "coordinates": [ [ [ -76.902838447583719, 3.997048183087805 ], [ -76.902838447583719, 3.90294914912646 ], [ -76.997161552416273, 3.90294914912646 ], [ -76.997161552416273, 3.997048183087805 ], [ -76.902838447583719, 3.997048183087805 ] ] ] } },
{ "type": "Feature", "properties": { "POINT_X": 11.45, "POINT_Y": 3.95, "n": 97.0, "AGB_T_HA": 95.863835039271194, "varTot": 10.897089204766321, "AVG_YEAR": 2017 }, "geometry": { "type": "Polygon", "coordinates": [ [ [ 11.497161552416275, 3.997048183087805 ], [ 11.497161552416275, 3.90294914912646 ], [ 11.402838447583727, 3.90294914912646 ], [ 11.402838447583727, 3.997048183087805 ], [ 11.497161552416275, 3.997048183087805 ] ] ] } },
{ "type": "Feature", "properties": { "POINT_X": 11.55, "POINT_Y": 3.95, "n": 246.0, "AGB_T_HA": 55.487287210038097, "varTot": 4.2826432973166302, "AVG_YEAR": 2017 }, "geometry": { "type": "Polygon", "coordinates": [ [ [ 11.597161552416276, 3.997048183087805 ], [ 11.597161552416276, 3.90294914912646 ], [ 11.502838447583725, 3.90294914912646 ], [ 11.502838447583725, 3.997048183087805 ], [ 11.597161552416276, 3.997048183087805 ] ] ] } },
{ "type": "Feature", "properties": { "POINT_X": 12.35, "POINT_Y": 3.95, "n": 22.0, "AGB_T_HA": 340.05136776136362, "varTot": 70.527691502982236, "AVG_YEAR": 2017 }, "geometry": { "type": "Polygon", "coordinates": [ [ [ 12.397161552416277, 3.997048183087805 ], [ 12.397161552416277, 3.90294914912646 ], [ 12.302838447583726, 3.90294914912646 ], [ 12.302838447583726, 3.997048183087805 ], [ 12.397161552416277, 3.997048183087805 ] ] ] } },
{ "type": "Feature", "properties": { "POINT_X": 12.45, "POINT_Y": 3.95, "n": 50.0, "AGB_T_HA": 321.83725298025752, "varTot": 30.824316683926366, "AVG_YEAR": 2017 }, "geometry": { "type": "Polygon", "coordinates": [ [ [ 12.497161552416275, 3.997048183087805 ], [ 12.497161552416275, 3.90294914912646 ], [ 12.402838447583726, 3.90294914912646 ], [ 12.402838447583726, 3.997048183087805 ], [ 12.497161552416275, 3.997048183087805 ] ] ] } },
{ "type": "Feature", "properties": { "POINT_X": -77.05, "POINT_Y": 4.05, "n": 22.0, "AGB_T_HA": 141.58344042613638, "varTot": 153.13321063135572, "AVG_YEAR": 2017 }, "geometry": { "type": "Polygon", "coordinates": [ [ [ -77.002838447583741, 4.097042407719433 ], [ -77.002838447583741, 4.002954857400884 ], [ -77.097161552416296, 4.002954857400884 ], [ -77.097161552416296, 4.097042407719433 ], [ -77.002838447583741, 4.097042407719433 ] ] ] } },
{ "type": "Feature", "properties": { "POINT_X": -76.95, "POINT_Y": 4.05, "n": 6.0, "AGB_T_HA": 119.569388875, "varTot": 522.87199496031315, "AVG_YEAR": 2017 }, "geometry": { "type": "Polygon", "coordinates": [ [ [ -76.902838447583719, 4.097042407719433 ], [ -76.902838447583719, 4.002954857400884 ], [ -76.997161552416273, 4.002954857400884 ], [ -76.997161552416273, 4.097042407719433 ], [ -76.902838447583719, 4.097042407719433 ] ] ] } },
{ "type": "Feature", "properties": { "POINT_X": 11.55, "POINT_Y": 4.05, "n": 625.0, "AGB_T_HA": 67.981899405825118, "varTot": 1.6627896990217552, "AVG_YEAR": 2017 }, "geometry": { "type": "Polygon", "coordinates": [ [ [ 11.597161552416276, 4.097042407719433 ], [ 11.597161552416276, 4.002954857400884 ], [ 11.502838447583725, 4.002954857400884 ], [ 11.502838447583725, 4.097042407719433 ], [ 11.597161552416276, 4.097042407719433 ] ] ] } },
{ "type": "Feature", "properties": { "POINT_X": -58.95, "POINT_Y": 4.15, "n": 7.0, "AGB_T_HA": 208.93999866071428, "varTot": 685.46773105539876, "AVG_YEAR": 2019 }, "geometry": { "type": "Polygon", "coordinates": [ [ [ -58.902838447583726, 4.197036489064287 ], [ -58.902838447583726, 4.102960708995405 ], [ -58.997161552416273, 4.102960708995405 ], [ -58.997161552416273, 4.197036489064287 ], [ -58.902838447583726, 4.197036489064287 ] ] ] } },
{ "type": "Feature", "properties": { "POINT_X": 11.55, "POINT_Y": 4.15, "n": 674.0, "AGB_T_HA": 88.170245454666485, "varTot": 1.552628505072803, "AVG_YEAR": 2017 }, "geometry": { "type": "Polygon", "coordinates": [ [ [ 11.597161552416276, 4.197036489064287 ], [ 11.597161552416276, 4.102960708995405 ], [ 11.502838447583725, 4.102960708995405 ], [ 11.502838447583725, 4.197036489064287 ], [ 11.597161552416276, 4.197036489064287 ] ] ] } },
{ "type": "Feature", "properties": { "POINT_X": 11.55, "POINT_Y": 4.25, "n": 99.0, "AGB_T_HA": 82.155515729111926, "varTot": 10.598740495004371, "AVG_YEAR": 2017 }, "geometry": { "type": "Polygon", "coordinates": [ [ [ 11.597161552416276, 4.297030427140704 ], [ 11.597161552416276, 4.202966703892503 ], [ 11.502838447583725, 4.202966703892503 ], [ 11.502838447583725, 4.297030427140704 ], [ 11.597161552416276, 4.297030427140704 ] ] ] } },
{ "type": "Feature", "properties": { "POINT_X": 11.65, "POINT_Y": 4.25, "n": 554.0, "AGB_T_HA": 54.981791272596936, "varTot": 1.7874600537696153, "AVG_YEAR": 2017 }, "geometry": { "type": "Polygon", "coordinates": [ [ [ 11.697161552416274, 4.297030427140704 ], [ 11.697161552416274, 4.202966703892503 ], [ 11.602838447583725, 4.202966703892503 ], [ 11.602838447583725, 4.297030427140704 ], [ 11.697161552416274, 4.297030427140704 ] ] ] } },
{ "type": "Feature", "properties": { "POINT_X": 11.55, "POINT_Y": 4.35, "n": 606.0, "AGB_T_HA": 69.320218301413533, "varTot": 1.6956831427244292, "AVG_YEAR": 2017 }, "geometry": { "type": "Polygon", "coordinates": [ [ [ 11.597161552416276, 4.397024221967455 ], [ 11.597161552416276, 4.302972842074223 ], [ 11.502838447583725, 4.302972842074223 ], [ 11.502838447583725, 4.397024221967455 ], [ 11.597161552416276, 4.397024221967455 ] ] ] } },
{ "type": "Feature", "properties": { "POINT_X": 11.65, "POINT_Y": 4.35, "n": 4476.0, "AGB_T_HA": 52.807905534555843, "varTot": 0.22429678053036367, "AVG_YEAR": 2017 }, "geometry": { "type": "Polygon", "coordinates": [ [ [ 11.697161552416274, 4.397024221967455 ], [ 11.697161552416274, 4.302972842074223 ], [ 11.602838447583725, 4.302972842074223 ], [ 11.602838447583725, 4.397024221967455 ], [ 11.697161552416274, 4.397024221967455 ] ] ] } },
{ "type": "Feature", "properties": { "POINT_X": 11.75, "POINT_Y": 4.35, "n": 1493.0, "AGB_T_HA": 89.643373064393231, "varTot": 0.70888204494602736, "AVG_YEAR": 2017 }, "geometry": { "type": "Polygon", "coordinates": [ [ [ 11.797161552416274, 4.397024221967455 ], [ 11.797161552416274, 4.302972842074223 ], [ 11.702838447583725, 4.302972842074223 ], [ 11.702838447583725, 4.397024221967455 ], [ 11.797161552416274, 4.397024221967455 ] ] ] } },
{ "type": "Feature", "properties": { "POINT_X": 11.55, "POINT_Y": 4.45, "n": 146.0, "AGB_T_HA": 65.355369806685175, "varTot": 7.0909954319046076, "AVG_YEAR": 2017 }, "geometry": { "type": "Polygon", "coordinates": [ [ [ 11.597161552416276, 4.49701787356375 ], [ 11.597161552416276, 4.402979123522174 ], [ 11.502838447583725, 4.402979123522174 ], [ 11.502838447583725, 4.49701787356375 ], [ 11.597161552416276, 4.49701787356375 ] ] ] } },
{ "type": "Feature", "properties": { "POINT_X": 11.65, "POINT_Y": 4.45, "n": 574.0, "AGB_T_HA": 89.057611821049832, "varTot": 1.8187343591948733, "AVG_YEAR": 2017 }, "geometry": { "type": "Polygon", "coordinates": [ [ [ 11.697161552416274, 4.49701787356375 ], [ 11.697161552416274, 4.402979123522174 ], [ 11.602838447583725, 4.402979123522174 ], [ 11.602838447583725, 4.49701787356375 ], [ 11.697161552416274, 4.49701787356375 ] ] ] } },
{ "type": "Feature", "properties": { "POINT_X": 11.75, "POINT_Y": 4.45, "n": 2640.0, "AGB_T_HA": 79.444476410656904, "varTot": 0.38655534651137807, "AVG_YEAR": 2017 }, "geometry": { "type": "Polygon", "coordinates": [ [ [ 11.797161552416274, 4.49701787356375 ], [ 11.797161552416274, 4.402979123522174 ], [ 11.702838447583725, 4.402979123522174 ], [ 11.702838447583725, 4.49701787356375 ], [ 11.797161552416274, 4.49701787356375 ] ] ] } },
{ "type": "Feature", "properties": { "POINT_X": 11.85, "POINT_Y": 4.45, "n": 1136.0, "AGB_T_HA": 69.321378884129246, "varTot": 0.91798543211958394, "AVG_YEAR": 2017 }, "geometry": { "type": "Polygon", "coordinates": [ [ [ 11.897161552416277, 4.49701787356375 ], [ 11.897161552416277, 4.402979123522174 ], [ 11.802838447583728, 4.402979123522174 ], [ 11.802838447583728, 4.49701787356375 ], [ 11.897161552416277, 4.49701787356375 ] ] ] } },
{ "type": "Feature", "properties": { "POINT_X": 75.65, "POINT_Y": 12.55, "n": 212.0, "AGB_T_HA": 318.90806293433553, "varTot": 5.0968116067840921, "AVG_YEAR": 2017 }, "geometry": { "type": "Polygon", "coordinates": [ [ [ 75.697161552416262, 12.596030588403556 ], [ 75.697161552416262, 12.503961177925357 ], [ 75.602838447583721, 12.503961177925357 ], [ 75.602838447583721, 12.596030588403556 ], [ 75.697161552416262, 12.596030588403556 ] ] ] } },
{ "type": "Feature", "properties": { "POINT_X": 101.35, "POINT_Y": 14.35, "n": 199.0, "AGB_T_HA": 282.52593035342966, "varTot": 5.0446204803163983, "AVG_YEAR": 2017 }, "geometry": { "type": "Polygon", "coordinates": [ [ [ 101.397161552416264, 14.395685438191352 ], [ 101.397161552416264, 14.304305240715468 ], [ 101.302838447583724, 14.304305240715468 ], [ 101.302838447583724, 14.395685438191352 ], [ 101.397161552416264, 14.395685438191352 ] ] ] } },
{ "type": "Feature", "properties": { "POINT_X": 101.45, "POINT_Y": 14.35, "n": 17.0, "AGB_T_HA": 349.69493168338232, "varTot": 68.714526082231998, "AVG_YEAR": 2017 }, "geometry": { "type": "Polygon", "coordinates": [ [ [ 101.497161552416273, 14.395685438191352 ], [ 101.497161552416273, 14.304305240715468 ], [ 101.402838447583719, 14.304305240715468 ], [ 101.402838447583719, 14.395685438191352 ], [ 101.497161552416273, 14.395685438191352 ] ] ] } },
{ "type": "Feature", "properties": { "POINT_X": 101.35, "POINT_Y": 14.45, "n": 728.0, "AGB_T_HA": 272.88523060714289, "varTot": 1.3054859156927159, "AVG_YEAR": 2017 }, "geometry": { "type": "Polygon", "coordinates": [ [ [ 101.397161552416264, 14.495664938247632 ], [ 101.397161552416264, 14.404325681286499 ], [ 101.302838447583724, 14.404325681286499 ], [ 101.302838447583724, 14.495664938247632 ], [ 101.397161552416264, 14.495664938247632 ] ] ] } },
{ "type": "Feature", "properties": { "POINT_X": 101.45, "POINT_Y": 14.45, "n": 50.0, "AGB_T_HA": 315.81510266182505, "varTot": 20.8446447331747, "AVG_YEAR": 2017 }, "geometry": { "type": "Polygon", "coordinates": [ [ [ 101.497161552416273, 14.495664938247632 ], [ 101.497161552416273, 14.404325681286499 ], [ 101.402838447583719, 14.404325681286499 ], [ 101.402838447583719, 14.495664938247632 ], [ 101.497161552416273, 14.495664938247632 ] ] ] } },
{ "type": "Feature", "properties": { "POINT_X": 74.55, "POINT_Y": 14.85, "n": 39.0, "AGB_T_HA": 206.80649875822277, "varTot": 21.592521046492795, "AVG_YEAR": 2017 }, "geometry": { "type": "Polygon", "coordinates": [ [ [ 74.597161552416267, 14.895581548502159 ], [ 74.597161552416267, 14.804408834691404 ], [ 74.502838447583727, 14.804408834691404 ], [ 74.502838447583727, 14.895581548502159 ], [ 74.597161552416267, 14.895581548502159 ] ] ] } },
{ "type": "Feature", "properties": { "POINT_X": 74.65, "POINT_Y": 14.85, "n": 82.0, "AGB_T_HA": 178.72809639434749, "varTot": 9.8251902523577339, "AVG_YEAR": 2017 }, "geometry": { "type": "Polygon", "coordinates": [ [ [ 74.69716155241629, 14.895581548502159 ], [ 74.69716155241629, 14.804408834691404 ], [ 74.602838447583736, 14.804408834691404 ], [ 74.602838447583736, 14.895581548502159 ], [ 74.69716155241629, 14.895581548502159 ] ] ] } },
{ "type": "Feature", "properties": { "POINT_X": 74.75, "POINT_Y": 14.85, "n": 160.0, "AGB_T_HA": 254.18483090174533, "varTot": 5.8259123934904915, "AVG_YEAR": 2017 }, "geometry": { "type": "Polygon", "coordinates": [ [ [ 74.797161552416284, 14.895581548502159 ], [ 74.797161552416284, 14.804408834691404 ], [ 74.702838447583716, 14.804408834691404 ], [ 74.702838447583716, 14.895581548502159 ], [ 74.797161552416284, 14.895581548502159 ] ] ] } },
{ "type": "Feature", "properties": { "POINT_X": 74.55, "POINT_Y": 14.95, "n": 781.0, "AGB_T_HA": 224.3975332550884, "varTot": 1.130724011376794, "AVG_YEAR": 2017 }, "geometry": { "type": "Polygon", "coordinates": [ [ [ 74.597161552416267, 14.995560353892017 ], [ 74.597161552416267, 14.904429970507556 ], [ 74.502838447583727, 14.904429970507556 ], [ 74.502838447583727, 14.995560353892017 ], [ 74.597161552416267, 14.995560353892017 ] ] ] } },
{ "type": "Feature", "properties": { "POINT_X": 74.65, "POINT_Y": 14.95, "n": 2059.0, "AGB_T_HA": 180.57147113473732, "varTot": 0.39824360254982505, "AVG_YEAR": 2017 }, "geometry": { "type": "Polygon", "coordinates": [ [ [ 74.69716155241629, 14.995560353892017 ], [ 74.69716155241629, 14.904429970507556 ], [ 74.602838447583736, 14.904429970507556 ], [ 74.602838447583736, 14.995560353892017 ], [ 74.69716155241629, 14.995560353892017 ] ] ] } },
{ "type": "Feature", "properties": { "POINT_X": 74.75, "POINT_Y": 14.95, "n": 242.0, "AGB_T_HA": 104.2132848168562, "varTot": 2.9245542238832822, "AVG_YEAR": 2017 }, "geometry": { "type": "Polygon", "coordinates": [ [ [ 74.797161552416284, 14.995560353892017 ], [ 74.797161552416284, 14.904429970507556 ], [ 74.702838447583716, 14.904429970507556 ], [ 74.702838447583716, 14.995560353892017 ], [ 74.797161552416284, 14.995560353892017 ] ] ] } },
{ "type": "Feature", "properties": { "POINT_X": 74.55, "POINT_Y": 15.05, "n": 12.0, "AGB_T_HA": 255.44402164854168, "varTot": 75.521220998530737, "AVG_YEAR": 2017 }, "geometry": { "type": "Polygon", "coordinates": [ [ [ 74.597161552416267, 15.095539020541382 ], [ 74.597161552416267, 15.004451245182084 ], [ 74.502838447583727, 15.004451245182084 ], [ 74.502838447583727, 15.095539020541382 ], [ 74.597161552416267, 15.095539020541382 ] ] ] } },
{ "type": "Feature", "properties": { "POINT_X": 74.65, "POINT_Y": 15.05, "n": 1546.0, "AGB_T_HA": 204.33557662199206, "varTot": 0.54319443738594986, "AVG_YEAR": 2017 }, "geometry": { "type": "Polygon", "coordinates": [ [ [ 74.69716155241629, 15.095539020541382 ], [ 74.69716155241629, 15.004451245182084 ], [ 74.602838447583736, 15.004451245182084 ], [ 74.602838447583736, 15.095539020541382 ], [ 74.69716155241629, 15.095539020541382 ] ] ] } },
{ "type": "Feature", "properties": { "POINT_X": 74.75, "POINT_Y": 15.05, "n": 2011.0, "AGB_T_HA": 198.4469049442969, "varTot": 0.41075607780163331, "AVG_YEAR": 2017 }, "geometry": { "type": "Polygon", "coordinates": [ [ [ 74.797161552416284, 15.095539020541382 ], [ 74.797161552416284, 15.004451245182084 ], [ 74.702838447583716, 15.004451245182084 ], [ 74.702838447583716, 15.095539020541382 ], [ 74.797161552416284, 15.095539020541382 ] ] ] } },
{ "type": "Feature", "properties": { "POINT_X": 74.85, "POINT_Y": 15.05, "n": 24.0, "AGB_T_HA": 123.87835578963545, "varTot": 32.793341387680449, "AVG_YEAR": 2017 }, "geometry": { "type": "Polygon", "coordinates": [ [ [ 74.897161552416293, 15.095539020541382 ], [ 74.897161552416293, 15.004451245182084 ], [ 74.802838447583724, 15.004451245182084 ], [ 74.802838447583724, 15.095539020541382 ], [ 74.897161552416293, 15.095539020541382 ] ] ] } },
{ "type": "Feature", "properties": { "POINT_X": 74.65, "POINT_Y": 15.15, "n": 74.0, "AGB_T_HA": 144.86421471609762, "varTot": 10.574091987061834, "AVG_YEAR": 2017 }, "geometry": { "type": "Polygon", "coordinates": [ [ [ 74.69716155241629, 15.195517548515527 ], [ 74.69716155241629, 15.104472658650453 ], [ 74.602838447583736, 15.104472658650453 ], [ 74.602838447583736, 15.195517548515527 ], [ 74.69716155241629, 15.195517548515527 ] ] ] } },
{ "type": "Feature", "properties": { "POINT_X": 74.75, "POINT_Y": 15.15, "n": 1335.0, "AGB_T_HA": 105.48825087945697, "varTot": 0.57748183822731536, "AVG_YEAR": 2017 }, "geometry": { "type": "Polygon", "coordinates": [ [ [ 74.797161552416284, 15.195517548515527 ], [ 74.797161552416284, 15.104472658650453 ], [ 74.702838447583716, 15.104472658650453 ], [ 74.702838447583716, 15.195517548515527 ], [ 74.797161552416284, 15.195517548515527 ] ] ] } },
{ "type": "Feature", "properties": { "POINT_X": -66.95, "POINT_Y": 17.95, "n": 68.0, "AGB_T_HA": 0.45037647652555579, "varTot": 6.485160055360498, "AVG_YEAR": 2018 }, "geometry": { "type": "Polygon", "coordinates": [ [ [ -66.902838447583719, 17.994860307814207 ], [ -66.902838447583719, 17.905128310753049 ], [ -66.997161552416273, 17.905128310753049 ], [ -66.997161552416273, 17.994860307814207 ], [ -66.902838447583719, 17.994860307814207 ] ] ] } },
{ "type": "Feature", "properties": { "POINT_X": -66.85, "POINT_Y": 17.95, "n": 411.0, "AGB_T_HA": 2.5451443711154513, "varTot": 1.0792737964655859, "AVG_YEAR": 2018 }, "geometry": { "type": "Polygon", "coordinates": [ [ [ -66.802838447583724, 17.994860307814207 ], [ -66.802838447583724, 17.905128310753049 ], [ -66.897161552416293, 17.905128310753049 ], [ -66.897161552416293, 17.994860307814207 ], [ -66.802838447583724, 17.994860307814207 ] ] ] } },
{ "type": "Feature", "properties": { "POINT_X": -66.75, "POINT_Y": 17.95, "n": 37.0, "AGB_T_HA": 0.078571489341795475, "varTot": 11.923478194982623, "AVG_YEAR": 2018 }, "geometry": { "type": "Polygon", "coordinates": [ [ [ -66.702838447583716, 17.994860307814207 ], [ -66.702838447583716, 17.905128310753049 ], [ -66.79716155241627, 17.905128310753049 ], [ -66.79716155241627, 17.994860307814207 ], [ -66.702838447583716, 17.994860307814207 ] ] ] } },
{ "type": "Feature", "properties": { "POINT_X": -67.15, "POINT_Y": 18.05, "n": 37.0, "AGB_T_HA": 15.132392763604825, "varTot": 12.929687074852373, "AVG_YEAR": 2018 }, "geometry": { "type": "Polygon", "coordinates": [ [ [ -67.102838447583736, 18.094834844481472 ], [ -67.102838447583736, 18.00515371927219 ], [ -67.197161552416276, 18.00515371927219 ], [ -67.197161552416276, 18.094834844481472 ], [ -67.102838447583736, 18.094834844481472 ] ] ] } },
{ "type": "Feature", "properties": { "POINT_X": -67.05, "POINT_Y": 18.05, "n": 306.0, "AGB_T_HA": 10.18274393832146, "varTot": 1.5129069984708539, "AVG_YEAR": 2018 }, "geometry": { "type": "Polygon", "coordinates": [ [ [ -67.002838447583727, 18.094834844481472 ], [ -67.002838447583727, 18.00515371927219 ], [ -67.097161552416281, 18.00515371927219 ], [ -67.097161552416281, 18.094834844481472 ], [ -67.002838447583727, 18.094834844481472 ] ] ] } },
{ "type": "Feature", "properties": { "POINT_X": -66.95, "POINT_Y": 18.05, "n": 166.0, "AGB_T_HA": 1.3372032534588263, "varTot": 2.661943964212333, "AVG_YEAR": 2018 }, "geometry": { "type": "Polygon", "coordinates": [ [ [ -66.902838447583719, 18.094834844481472 ], [ -66.902838447583719, 18.00515371927219 ], [ -66.997161552416273, 18.00515371927219 ], [ -66.997161552416273, 18.094834844481472 ], [ -66.902838447583719, 18.094834844481472 ] ] ] } },
{ "type": "Feature", "properties": { "POINT_X": -66.85, "POINT_Y": 18.05, "n": 176.0, "AGB_T_HA": 10.288889210670595, "varTot": 2.5562048348174593, "AVG_YEAR": 2018 }, "geometry": { "type": "Polygon", "coordinates": [ [ [ -66.802838447583724, 18.094834844481472 ], [ -66.802838447583724, 18.00515371927219 ], [ -66.897161552416293, 18.00515371927219 ], [ -66.897161552416293, 18.094834844481472 ], [ -66.802838447583724, 18.094834844481472 ] ] ] } },
{ "type": "Feature", "properties": { "POINT_X": -66.75, "POINT_Y": 18.05, "n": 6.0, "AGB_T_HA": 1.7227900702656249, "varTot": 73.478053796629823, "AVG_YEAR": 2018 }, "geometry": { "type": "Polygon", "coordinates": [ [ [ -66.702838447583716, 18.094834844481472 ], [ -66.702838447583716, 18.00515371927219 ], [ -66.79716155241627, 18.00515371927219 ], [ -66.79716155241627, 18.094834844481472 ], [ -66.702838447583716, 18.094834844481472 ] ] ] } },
{ "type": "Feature", "properties": { "POINT_X": -67.15, "POINT_Y": 18.15, "n": 35.0, "AGB_T_HA": 1.2534563639975314, "varTot": 12.616121857671656, "AVG_YEAR": 2018 }, "geometry": { "type": "Polygon", "coordinates": [ [ [ -67.102838447583736, 18.194809244626327 ], [ -67.102838447583736, 18.105179264453106 ], [ -67.197161552416276, 18.105179264453106 ], [ -67.197161552416276, 18.194809244626327 ], [ -67.102838447583736, 18.194809244626327 ] ] ] } },
{ "type": "Feature", "properties": { "POINT_X": -67.05, "POINT_Y": 18.15, "n": 36.0, "AGB_T_HA": 7.2437005876039535, "varTot": 12.353482503500418, "AVG_YEAR": 2018 }, "geometry": { "type": "Polygon", "coordinates": [ [ [ -67.002838447583727, 18.194809244626327 ], [ -67.002838447583727, 18.105179264453106 ], [ -67.097161552416281, 18.105179264453106 ], [ -67.097161552416281, 18.194809244626327 ], [ -67.002838447583727, 18.194809244626327 ] ] ] } },
{ "type": "Feature", "properties": { "POINT_X": 77.35, "POINT_Y": 21.85, "n": 462.0, "AGB_T_HA": 11.712313699785025, "varTot": 1.4751240303397883, "AVG_YEAR": 2017 }, "geometry": { "type": "Polygon", "coordinates": [ [ [ 77.397161552416264, 21.893766823669516 ], [ 77.397161552416264, 21.806219766367146 ], [ 77.302838447583724, 21.806219766367146 ], [ 77.302838447583724, 21.893766823669516 ], [ 77.397161552416264, 21.893766823669516 ] ] ] } },
{ "type": "Feature", "properties": { "POINT_X": 77.45, "POINT_Y": 21.85, "n": 1475.0, "AGB_T_HA": 23.007235365941593, "varTot": 0.45368266267939339, "AVG_YEAR": 2017 }, "geometry": { "type": "Polygon", "coordinates": [ [ [ 77.497161552416273, 21.893766823669516 ], [ 77.497161552416273, 21.806219766367146 ], [ 77.402838447583719, 21.806219766367146 ], [ 77.402838447583719, 21.893766823669516 ], [ 77.497161552416273, 21.893766823669516 ] ] ] } },
{ "type": "Feature", "properties": { "POINT_X": 77.35, "POINT_Y": 21.95, "n": 47.0, "AGB_T_HA": 5.0547632831249993, "varTot": 14.43236213144994, "AVG_YEAR": 2017 }, "geometry": { "type": "Polygon", "coordinates": [ [ [ 77.397161552416264, 21.993736097703668 ], [ 77.397161552416264, 21.906250443431333 ], [ 77.302838447583724, 21.906250443431333 ], [ 77.302838447583724, 21.993736097703668 ], [ 77.397161552416264, 21.993736097703668 ] ] ] } },
{ "type": "Feature", "properties": { "POINT_X": 77.45, "POINT_Y": 21.95, "n": 143.0, "AGB_T_HA": 11.435953629097732, "varTot": 4.7413558744737418, "AVG_YEAR": 2017 }, "geometry": { "type": "Polygon", "coordinates": [ [ [ 77.497161552416273, 21.993736097703668 ], [ 77.497161552416273, 21.906250443431333 ], [ 77.402838447583719, 21.906250443431333 ], [ 77.402838447583719, 21.993736097703668 ], [ 77.497161552416273, 21.993736097703668 ] ] ] } },
{ "type": "Feature", "properties": { "POINT_X": 78.15, "POINT_Y": 22.55, "n": 5.0, "AGB_T_HA": 15.61743045, "varTot": 156.09002197405579, "AVG_YEAR": 2019 }, "geometry": { "type": "Polygon", "coordinates": [ [ [ 78.19716155241629, 22.593548948730078 ], [ 78.19716155241629, 22.506437302459506 ], [ 78.102838447583736, 22.506437302459506 ], [ 78.102838447583736, 22.593548948730078 ], [ 78.19716155241629, 22.593548948730078 ] ] ] } },
{ "type": "Feature", "properties": { "POINT_X": 81.65, "POINT_Y": 22.55, "n": 366.0, "AGB_T_HA": 135.29893456288218, "varTot": 2.0451986271291469, "AVG_YEAR": 2017 }, "geometry": { "type": "Polygon", "coordinates": [ [ [ 81.69716155241629, 22.593548948730078 ], [ 81.69716155241629, 22.506437302459506 ], [ 81.602838447583721, 22.506437302459506 ], [ 81.602838447583721, 22.593548948730078 ], [ 81.69716155241629, 22.593548948730078 ] ] ] } },
{ "type": "Feature", "properties": { "POINT_X": 81.75, "POINT_Y": 22.55, "n": 413.0, "AGB_T_HA": 143.99878565734247, "varTot": 1.7968466064220914, "AVG_YEAR": 2017 }, "geometry": { "type": "Polygon", "coordinates": [ [ [ 81.797161552416284, 22.593548948730078 ], [ 81.797161552416284, 22.506437302459506 ], [ 81.70283844758373, 22.506437302459506 ], [ 81.70283844758373, 22.593548948730078 ], [ 81.797161552416284, 22.593548948730078 ] ] ] } },
{ "type": "Feature", "properties": { "POINT_X": 81.65, "POINT_Y": 22.65, "n": 821.0, "AGB_T_HA": 133.81377130444289, "varTot": 0.92977467100674049, "AVG_YEAR": 2017 }, "geometry": { "type": "Polygon", "coordinates": [ [ [ 81.69716155241629, 22.693517292593601 ], [ 81.69716155241629, 22.60646891085468 ], [ 81.602838447583721, 22.60646891085468 ], [ 81.602838447583721, 22.693517292593601 ], [ 81.69716155241629, 22.693517292593601 ] ] ] } },
{ "type": "Feature", "properties": { "POINT_X": 81.75, "POINT_Y": 22.65, "n": 832.0, "AGB_T_HA": 100.75585189043086, "varTot": 0.87570545659928012, "AVG_YEAR": 2017 }, "geometry": { "type": "Polygon", "coordinates": [ [ [ 81.797161552416284, 22.693517292593601 ], [ 81.797161552416284, 22.60646891085468 ], [ 81.70283844758373, 22.60646891085468 ], [ 81.70283844758373, 22.693517292593601 ], [ 81.797161552416284, 22.693517292593601 ] ] ] } },
{ "type": "Feature", "properties": { "POINT_X": 79.15, "POINT_Y": 23.15, "n": 6.0, "AGB_T_HA": 12.351134343750005, "varTot": 121.06135720510768, "AVG_YEAR": 2019 }, "geometry": { "type": "Polygon", "coordinates": [ [ [ 79.197161552416276, 23.193357026385893 ], [ 79.197161552416276, 23.106628940888971 ], [ 79.102838447583721, 23.106628940888971 ], [ 79.102838447583721, 23.193357026385893 ], [ 79.197161552416276, 23.193357026385893 ] ] ] } },
{ "type": "Feature", "properties": { "POINT_X": 81.05, "POINT_Y": 23.65, "n": 5.0, "AGB_T_HA": 33.53930955000001, "varTot": 172.92862050440033, "AVG_YEAR": 2018 }, "geometry": { "type": "Polygon", "coordinates": [ [ [ 81.097161552416281, 23.693193459976261 ], [ 81.097161552416281, 23.606792275399698 ], [ 81.002838447583741, 23.606792275399698 ], [ 81.002838447583741, 23.693193459976261 ], [ 81.097161552416281, 23.693193459976261 ] ] ] } },
{ "type": "Feature", "properties": { "POINT_X": 80.05, "POINT_Y": 24.65, "n": 5.0, "AGB_T_HA": 6.9943349874999994, "varTot": 208.58784246208128, "AVG_YEAR": 2018 }, "geometry": { "type": "Polygon", "coordinates": [ [ [ 80.097161552416267, 24.692856476731752 ], [ 80.097161552416267, 24.607128807951128 ], [ 80.002838447583727, 24.607128807951128 ], [ 80.002838447583727, 24.692856476731752 ], [ 80.097161552416267, 24.692856476731752 ] ] ] } },
{ "type": "Feature", "properties": { "POINT_X": 87.35, "POINT_Y": 26.85, "n": 10.0, "AGB_T_HA": 141.331485, "varTot": 577.69512695613059, "AVG_YEAR": 2022 }, "geometry": { "type": "Polygon", "coordinates": [ [ [ 87.397161552416279, 26.892069336112268 ], [ 87.397161552416279, 26.807915020894384 ], [ 87.302838447583724, 26.807915020894384 ], [ 87.302838447583724, 26.892069336112268 ], [ 87.397161552416279, 26.892069336112268 ] ] ] } },
{ "type": "Feature", "properties": { "POINT_X": 87.95, "POINT_Y": 26.85, "n": 9.0, "AGB_T_HA": 45.55997468, "varTot": 249.95022813162021, "AVG_YEAR": 2022 }, "geometry": { "type": "Polygon", "coordinates": [ [ [ 87.997161552416273, 26.892069336112268 ], [ 87.997161552416273, 26.807915020894384 ], [ 87.902838447583733, 26.807915020894384 ], [ 87.902838447583733, 26.892069336112268 ], [ 87.997161552416273, 26.892069336112268 ] ] ] } },
{ "type": "Feature", "properties": { "POINT_X": 88.05, "POINT_Y": 26.85, "n": 10.0, "AGB_T_HA": 65.451757546462503, "varTot": 236.13435308440538, "AVG_YEAR": 2022 }, "geometry": { "type": "Polygon", "coordinates": [ [ [ 88.097161552416296, 26.892069336112268 ], [ 88.097161552416296, 26.807915020894384 ], [ 88.002838447583727, 26.807915020894384 ], [ 88.002838447583727, 26.892069336112268 ], [ 88.097161552416296, 26.892069336112268 ] ] ] } },
{ "type": "Feature", "properties": { "POINT_X": 87.35, "POINT_Y": 26.95, "n": 7.0, "AGB_T_HA": 45.241925124999987, "varTot": 799.77581578713114, "AVG_YEAR": 2022 }, "geometry": { "type": "Polygon", "coordinates": [ [ [ 87.397161552416279, 26.992032075121596 ], [ 87.397161552416279, 26.907952241869555 ], [ 87.302838447583724, 26.907952241869555 ], [ 87.302838447583724, 26.992032075121596 ], [ 87.397161552416279, 26.992032075121596 ] ] ] } },
{ "type": "Feature", "properties": { "POINT_X": 86.85, "POINT_Y": 27.05, "n": 7.0, "AGB_T_HA": 52.022579076241072, "varTot": 237.34006249250149, "AVG_YEAR": 2022 }, "geometry": { "type": "Polygon", "coordinates": [ [ [ 86.897161552416279, 27.091994686165595 ], [ 86.897161552416279, 27.007989591001127 ], [ 86.802838447583724, 27.007989591001127 ], [ 86.802838447583724, 27.091994686165595 ], [ 86.897161552416279, 27.091994686165595 ] ] ] } },
{ "type": "Feature", "properties": { "POINT_X": 87.75, "POINT_Y": 27.05, "n": 7.0, "AGB_T_HA": 172.18216478571426, "varTot": 890.98511872646827, "AVG_YEAR": 2022 }, "geometry": { "type": "Polygon", "coordinates": [ [ [ 87.79716155241627, 27.091994686165595 ], [ 87.79716155241627, 27.007989591001127 ], [ 87.70283844758373, 27.007989591001127 ], [ 87.70283844758373, 27.091994686165595 ], [ 87.79716155241627, 27.091994686165595 ] ] ] } },
{ "type": "Feature", "properties": { "POINT_X": 87.95, "POINT_Y": 27.05, "n": 5.0, "AGB_T_HA": 93.1694841, "varTot": 1002.6229023951946, "AVG_YEAR": 2022 }, "geometry": { "type": "Polygon", "coordinates": [ [ [ 87.997161552416273, 27.091994686165595 ], [ 87.997161552416273, 27.007989591001127 ], [ 87.902838447583733, 27.007989591001127 ], [ 87.902838447583733, 27.091994686165595 ], [ 87.997161552416273, 27.091994686165595 ] ] ] } },
{ "type": "Feature", "properties": { "POINT_X": 87.05, "POINT_Y": 27.15, "n": 10.0, "AGB_T_HA": 50.789523881249998, "varTot": 498.32887159706905, "AVG_YEAR": 2022 }, "geometry": { "type": "Polygon", "coordinates": [ [ [ 87.097161552416296, 27.191957169358371 ], [ 87.097161552416296, 27.108027068175538 ], [ 87.002838447583741, 27.108027068175538 ], [ 87.002838447583741, 27.191957169358371 ], [ 87.097161552416296, 27.191957169358371 ] ] ] } },
{ "type": "Feature", "properties": { "POINT_X": 85.95, "POINT_Y": 27.25, "n": 5.0, "AGB_T_HA": 134.34205592500001, "varTot": 1135.8655391048362, "AVG_YEAR": 2022 }, "geometry": { "type": "Polygon", "coordinates": [ [ [ 85.997161552416287, 27.291919524814347 ], [ 85.997161552416287, 27.208064673278777 ], [ 85.902838447583733, 27.208064673278777 ], [ 85.902838447583733, 27.291919524814347 ], [ 85.997161552416287, 27.291919524814347 ] ] ] } },
{ "type": "Feature", "properties": { "POINT_X": 87.75, "POINT_Y": 27.25, "n": 5.0, "AGB_T_HA": 50.59936035, "varTot": 905.10763339447078, "AVG_YEAR": 2022 }, "geometry": { "type": "Polygon", "coordinates": [ [ [ 87.79716155241627, 27.291919524814347 ], [ 87.79716155241627, 27.208064673278777 ], [ 87.70283844758373, 27.208064673278777 ], [ 87.70283844758373, 27.291919524814347 ], [ 87.79716155241627, 27.291919524814347 ] ] ] } },
{ "type": "Feature", "properties": { "POINT_X": 87.85, "POINT_Y": 27.25, "n": 5.0, "AGB_T_HA": 144.33918102499999, "varTot": 1240.8593997222924, "AVG_YEAR": 2022 }, "geometry": { "type": "Polygon", "coordinates": [ [ [ 87.897161552416264, 27.291919524814347 ], [ 87.897161552416264, 27.208064673278777 ], [ 87.802838447583724, 27.208064673278777 ], [ 87.802838447583724, 27.291919524814347 ], [ 87.897161552416264, 27.291919524814347 ] ] ] } },
{ "type": "Feature", "properties": { "POINT_X": 86.15, "POINT_Y": 27.35, "n": 5.0, "AGB_T_HA": 76.38985625, "varTot": 1058.8165166577221, "AVG_YEAR": 2022 }, "geometry": { "type": "Polygon", "coordinates": [ [ [ 86.19716155241629, 27.391881752648402 ], [ 86.19716155241629, 27.3081024061965 ], [ 86.102838447583736, 27.3081024061965 ], [ 86.102838447583736, 27.391881752648402 ], [ 86.19716155241629, 27.391881752648402 ] ] ] } },
{ "type": "Feature", "properties": { "POINT_X": 85.55, "POINT_Y": 27.55, "n": 8.0, "AGB_T_HA": 135.20827884374998, "varTot": 712.67995871454957, "AVG_YEAR": 2022 }, "geometry": { "type": "Polygon", "coordinates": [ [ [ 85.597161552416267, 27.591805825912058 ], [ 85.597161552416267, 27.508178255015906 ], [ 85.502838447583727, 27.508178255015906 ], [ 85.502838447583727, 27.591805825912058 ], [ 85.597161552416267, 27.591805825912058 ] ] ] } },
{ "type": "Feature", "properties": { "POINT_X": 85.55, "POINT_Y": 27.65, "n": 15.0, "AGB_T_HA": 115.54586959593333, "varTot": 164.3334043848734, "AVG_YEAR": 2022 }, "geometry": { "type": "Polygon", "coordinates": [ [ [ 85.597161552416267, 27.691767671573302 ], [ 85.597161552416267, 27.608216370686915 ], [ 85.502838447583727, 27.608216370686915 ], [ 85.502838447583727, 27.691767671573302 ], [ 85.597161552416267, 27.691767671573302 ] ] ] } },
{ "type": "Feature", "properties": { "POINT_X": 85.75, "POINT_Y": 27.65, "n": 5.0, "AGB_T_HA": 64.747260862499999, "varTot": 908.26159140727361, "AVG_YEAR": 2022 }, "geometry": { "type": "Polygon", "coordinates": [ [ [ 85.79716155241627, 27.691767671573302 ], [ 85.79716155241627, 27.608216370686915 ], [ 85.70283844758373, 27.608216370686915 ], [ 85.70283844758373, 27.691767671573302 ], [ 85.79716155241627, 27.691767671573302 ] ] ] } },
{ "type": "Feature", "properties": { "POINT_X": 85.95, "POINT_Y": 27.65, "n": 11.0, "AGB_T_HA": 119.86213185227274, "varTot": 498.43222518868743, "AVG_YEAR": 2022 }, "geometry": { "type": "Polygon", "coordinates": [ [ [ 85.997161552416287, 27.691767671573302 ], [ 85.997161552416287, 27.608216370686915 ], [ 85.902838447583733, 27.608216370686915 ], [ 85.902838447583733, 27.691767671573302 ], [ 85.997161552416287, 27.691767671573302 ] ] ] } },
{ "type": "Feature", "properties": { "POINT_X": 86.05, "POINT_Y": 27.65, "n": 16.0, "AGB_T_HA": 52.278740573437503, "varTot": 142.26017310891814, "AVG_YEAR": 2022 }, "geometry": { "type": "Polygon", "coordinates": [ [ [ 86.097161552416296, 27.691767671573302 ], [ 86.097161552416296, 27.608216370686915 ], [ 86.002838447583727, 27.608216370686915 ], [ 86.002838447583727, 27.691767671573302 ], [ 86.097161552416296, 27.691767671573302 ] ] ] } },
{ "type": "Feature", "properties": { "POINT_X": 84.65, "POINT_Y": 27.75, "n": 6.0, "AGB_T_HA": 189.07749273041668, "varTot": 822.41375176354018, "AVG_YEAR": 2022 }, "geometry": { "type": "Polygon", "coordinates": [ [ [ 84.697161552416276, 27.791729390075904 ], [ 84.697161552416276, 27.708254613711006 ], [ 84.602838447583721, 27.708254613711006 ], [ 84.602838447583721, 27.791729390075904 ], [ 84.697161552416276, 27.791729390075904 ] ] ] } },
{ "type": "Feature", "properties": { "POINT_X": 84.85, "POINT_Y": 27.75, "n": 7.0, "AGB_T_HA": 167.55520048429466, "varTot": 349.62075338561186, "AVG_YEAR": 2022 }, "geometry": { "type": "Polygon", "coordinates": [ [ [ 84.897161552416279, 27.791729390075904 ], [ 84.897161552416279, 27.708254613711006 ], [ 84.802838447583724, 27.708254613711006 ], [ 84.802838447583724, 27.791729390075904 ], [ 84.897161552416279, 27.791729390075904 ] ] ] } },
{ "type": "Feature", "properties": { "POINT_X": 85.75, "POINT_Y": 27.75, "n": 15.0, "AGB_T_HA": 54.020380400699999, "varTot": 146.08531350823958, "AVG_YEAR": 2022 }, "geometry": { "type": "Polygon", "coordinates": [ [ [ 85.79716155241627, 27.791729390075904 ], [ 85.79716155241627, 27.708254613711006 ], [ 85.70283844758373, 27.708254613711006 ], [ 85.70283844758373, 27.791729390075904 ], [ 85.79716155241627, 27.791729390075904 ] ] ] } },
{ "type": "Feature", "properties": { "POINT_X": 85.95, "POINT_Y": 27.75, "n": 11.0, "AGB_T_HA": 98.352821142886356, "varTot": 213.13653330289654, "AVG_YEAR": 2022 }, "geometry": { "type": "Polygon", "coordinates": [ [ [ 85.997161552416287, 27.791729390075904 ], [ 85.997161552416287, 27.708254613711006 ], [ 85.902838447583733, 27.708254613711006 ], [ 85.902838447583733, 27.791729390075904 ], [ 85.997161552416287, 27.791729390075904 ] ] ] } },
{ "type": "Feature", "properties": { "POINT_X": 83.85, "POINT_Y": 27.85, "n": 5.0, "AGB_T_HA": 218.51527978799999, "varTot": 884.95247486476069, "AVG_YEAR": 2022 }, "geometry": { "type": "Polygon", "coordinates": [ [ [ 83.897161552416293, 27.891690981536634 ], [ 83.897161552416293, 27.80829298397186 ], [ 83.802838447583724, 27.80829298397186 ], [ 83.802838447583724, 27.891690981536634 ], [ 83.897161552416293, 27.891690981536634 ] ] ] } },
{ "type": "Feature", "properties": { "POINT_X": 82.95, "POINT_Y": 27.95, "n": 6.0, "AGB_T_HA": 145.1612163, "varTot": 293.24081212249394, "AVG_YEAR": 2022 }, "geometry": { "type": "Polygon", "coordinates": [ [ [ 82.997161552416273, 27.991652446072692 ], [ 82.997161552416273, 27.908331481352789 ], [ 82.902838447583719, 27.908331481352789 ], [ 82.902838447583719, 27.991652446072692 ], [ 82.997161552416273, 27.991652446072692 ] ] ] } },
{ "type": "Feature", "properties": { "POINT_X": 83.75, "POINT_Y": 27.95, "n": 6.0, "AGB_T_HA": 163.67735574999998, "varTot": 931.65841976002378, "AVG_YEAR": 2022 }, "geometry": { "type": "Polygon", "coordinates": [ [ [ 83.797161552416284, 27.991652446072692 ], [ 83.797161552416284, 27.908331481352789 ], [ 83.70283844758373, 27.908331481352789 ], [ 83.70283844758373, 27.991652446072692 ], [ 83.797161552416284, 27.991652446072692 ] ] ] } },
{ "type": "Feature", "properties": { "POINT_X": 84.65, "POINT_Y": 27.95, "n": 15.0, "AGB_T_HA": 72.594136670295811, "varTot": 143.22991226057485, "AVG_YEAR": 2022 }, "geometry": { "type": "Polygon", "coordinates": [ [ [ 84.697161552416276, 27.991652446072692 ], [ 84.697161552416276, 27.908331481352789 ], [ 84.602838447583721, 27.908331481352789 ], [ 84.602838447583721, 27.991652446072692 ], [ 84.697161552416276, 27.991652446072692 ] ] ] } },
{ "type": "Feature", "properties": { "POINT_X": -81.45, "POINT_Y": 28.05, "n": 1623.0, "AGB_T_HA": 27.197735115263374, "varTot": 0.15893771818054434, "AVG_YEAR": 2019 }, "geometry": { "type": "Polygon", "coordinates": [ [ [ -81.402838447583733, 28.091613783801616 ], [ -81.402838447583733, 28.008370105736685 ], [ -81.497161552416287, 28.008370105736685 ], [ -81.497161552416287, 28.091613783801616 ], [ -81.402838447583733, 28.091613783801616 ] ] ] } },
{ "type": "Feature", "properties": { "POINT_X": 85.25, "POINT_Y": 28.05, "n": 14.0, "AGB_T_HA": 111.66410418441207, "varTot": 180.35480584051558, "AVG_YEAR": 2022 }, "geometry": { "type": "Polygon", "coordinates": [ [ [ 85.29716155241627, 28.091613783801616 ], [ 85.29716155241627, 28.008370105736685 ], [ 85.20283844758373, 28.008370105736685 ], [ 85.20283844758373, 28.091613783801616 ], [ 85.29716155241627, 28.091613783801616 ] ] ] } },
{ "type": "Feature", "properties": { "POINT_X": 84.25, "POINT_Y": 28.25, "n": 8.0, "AGB_T_HA": 118.90967692421877, "varTot": 339.63752015568264, "AVG_YEAR": 2022 }, "geometry": { "type": "Polygon", "coordinates": [ [ [ 84.297161552416256, 28.291536079310241 ], [ 84.297161552416256, 28.208447735043034 ], [ 84.202838447583716, 28.208447735043034 ], [ 84.202838447583716, 28.291536079310241 ], [ 84.297161552416256, 28.291536079310241 ] ] ] } },
{ "type": "Feature", "properties": { "POINT_X": 84.35, "POINT_Y": 28.25, "n": 10.0, "AGB_T_HA": 119.06998623312501, "varTot": 271.63586410239373, "AVG_YEAR": 2022 }, "geometry": { "type": "Polygon", "coordinates": [ [ [ 84.397161552416279, 28.291536079310241 ], [ 84.397161552416279, 28.208447735043034 ], [ 84.302838447583738, 28.208447735043034 ], [ 84.302838447583738, 28.291536079310241 ], [ 84.397161552416279, 28.291536079310241 ] ] ] } },
{ "type": "Feature", "properties": { "POINT_X": 84.55, "POINT_Y": 28.25, "n": 7.0, "AGB_T_HA": 83.857247563035713, "varTot": 394.06861795435611, "AVG_YEAR": 2022 }, "geometry": { "type": "Polygon", "coordinates": [ [ [ 84.597161552416281, 28.291536079310241 ], [ 84.597161552416281, 28.208447735043034 ], [ 84.502838447583727, 28.208447735043034 ], [ 84.502838447583727, 28.291536079310241 ], [ 84.597161552416281, 28.291536079310241 ] ] ] } },
{ "type": "Feature", "properties": { "POINT_X": 83.55, "POINT_Y": 28.35, "n": 6.0, "AGB_T_HA": 95.955879159156268, "varTot": 511.52105189119283, "AVG_YEAR": 2022 }, "geometry": { "type": "Polygon", "coordinates": [ [ [ 83.597161552416281, 28.391497037326996 ], [ 83.597161552416281, 28.308486739729389 ], [ 83.502838447583727, 28.308486739729389 ], [ 83.502838447583727, 28.391497037326996 ], [ 83.597161552416281, 28.391497037326996 ] ] ] } },
{ "type": "Feature", "properties": { "POINT_X": 83.05, "POINT_Y": 28.45, "n": 9.0, "AGB_T_HA": 22.420394240755556, "varTot": 132.32105096775578, "AVG_YEAR": 2022 }, "geometry": { "type": "Polygon", "coordinates": [ [ [ 83.097161552416281, 28.491457869010709 ], [ 83.097161552416281, 28.408525870946441 ], [ 83.002838447583741, 28.408525870946441 ], [ 83.002838447583741, 28.491457869010709 ], [ 83.097161552416281, 28.491457869010709 ] ] ] } },
{ "type": "Feature", "properties": { "POINT_X": 83.35, "POINT_Y": 28.45, "n": 5.0, "AGB_T_HA": 42.941968848400009, "varTot": 465.32068751703355, "AVG_YEAR": 2022 }, "geometry": { "type": "Polygon", "coordinates": [ [ [ 83.397161552416264, 28.491457869010709 ], [ 83.397161552416264, 28.408525870946441 ], [ 83.302838447583724, 28.408525870946441 ], [ 83.302838447583724, 28.491457869010709 ], [ 83.397161552416264, 28.491457869010709 ] ] ] } },
{ "type": "Feature", "properties": { "POINT_X": 81.85, "POINT_Y": 28.75, "n": 5.0, "AGB_T_HA": 118.5654813635, "varTot": 457.19909600610396, "AVG_YEAR": 2022 }, "geometry": { "type": "Polygon", "coordinates": [ [ [ 81.897161552416279, 28.791339607260333 ], [ 81.897161552416279, 28.708644022589624 ], [ 81.802838447583724, 28.708644022589624 ], [ 81.802838447583724, 28.791339607260333 ], [ 81.897161552416279, 28.791339607260333 ] ] ] } },
{ "type": "Feature", "properties": { "POINT_X": 80.85, "POINT_Y": 29.15, "n": 5.0, "AGB_T_HA": 172.172047, "varTot": 1434.1048919045274, "AVG_YEAR": 2022 }, "geometry": { "type": "Polygon", "coordinates": [ [ [ 80.897161552416279, 29.191180163556375 ], [ 80.897161552416279, 29.108803322278565 ], [ 80.802838447583738, 29.108803322278565 ], [ 80.802838447583738, 29.191180163556375 ], [ 80.897161552416279, 29.191180163556375 ] ] ] } },
{ "type": "Feature", "properties": { "POINT_X": 81.65, "POINT_Y": 29.15, "n": 11.0, "AGB_T_HA": 33.943311766489771, "varTot": 138.22064030298895, "AVG_YEAR": 2022 }, "geometry": { "type": "Polygon", "coordinates": [ [ [ 81.69716155241629, 29.191180163556375 ], [ 81.69716155241629, 29.108803322278565 ], [ 81.602838447583721, 29.108803322278565 ], [ 81.602838447583721, 29.191180163556375 ], [ 81.69716155241629, 29.191180163556375 ] ] ] } },
{ "type": "Feature", "properties": { "POINT_X": 80.55, "POINT_Y": 29.25, "n": 8.0, "AGB_T_HA": 247.58708753124998, "varTot": 1274.1998765718922, "AVG_YEAR": 2022 }, "geometry": { "type": "Polygon", "coordinates": [ [ [ 80.597161552416281, 29.2911399889093 ], [ 80.597161552416281, 29.208843461423839 ], [ 80.502838447583741, 29.208843461423839 ], [ 80.502838447583741, 29.2911399889093 ], [ 80.597161552416281, 29.2911399889093 ] ] ] } },
{ "type": "Feature", "properties": { "POINT_X": 82.35, "POINT_Y": 29.25, "n": 5.0, "AGB_T_HA": 60.348577074999994, "varTot": 1370.5477298606304, "AVG_YEAR": 2022 }, "geometry": { "type": "Polygon", "coordinates": [ [ [ 82.397161552416279, 29.2911399889093 ], [ 82.397161552416279, 29.208843461423839 ], [ 82.302838447583724, 29.208843461423839 ], [ 82.302838447583724, 29.2911399889093 ], [ 82.397161552416279, 29.2911399889093 ] ] ] } },
{ "type": "Feature", "properties": { "POINT_X": 80.65, "POINT_Y": 29.35, "n": 6.0, "AGB_T_HA": 108.29171275000003, "varTot": 1417.7258710208262, "AVG_YEAR": 2022 }, "geometry": { "type": "Polygon", "coordinates": [ [ [ 80.697161552416276, 29.391099689018322 ], [ 80.697161552416276, 29.30888372601467 ], [ 80.602838447583736, 29.30888372601467 ], [ 80.602838447583736, 29.391099689018322 ], [ 80.697161552416276, 29.391099689018322 ] ] ] } },
{ "type": "Feature", "properties": { "POINT_X": 81.45, "POINT_Y": 29.45, "n": 9.0, "AGB_T_HA": 79.625607933069432, "varTot": 284.90650599927153, "AVG_YEAR": 2022 }, "geometry": { "type": "Polygon", "coordinates": [ [ [ 81.497161552416287, 29.491059264006356 ], [ 81.497161552416287, 29.408924115928606 ], [ 81.402838447583733, 29.408924115928606 ], [ 81.402838447583733, 29.491059264006356 ], [ 81.497161552416287, 29.491059264006356 ] ] ] } },
{ "type": "Feature", "properties": { "POINT_X": -82.05, "POINT_Y": 29.55, "n": 35.0, "AGB_T_HA": 35.310746991373499, "varTot": 7.567931531909724, "AVG_YEAR": 2019 }, "geometry": { "type": "Polygon", "coordinates": [ [ [ -82.002838447583727, 29.591018713996675 ], [ -82.002838447583727, 29.508964631042712 ], [ -82.097161552416267, 29.508964631042712 ], [ -82.097161552416267, 29.591018713996675 ], [ -82.002838447583727, 29.591018713996675 ] ] ] } },
{ "type": "Feature", "properties": { "POINT_X": 80.75, "POINT_Y": 29.55, "n": 8.0, "AGB_T_HA": 47.072647855492193, "varTot": 253.65929813191616, "AVG_YEAR": 2022 }, "geometry": { "type": "Polygon", "coordinates": [ [ [ 80.79716155241627, 29.591018713996675 ], [ 80.79716155241627, 29.508964631042712 ], [ 80.702838447583716, 29.508964631042712 ], [ 80.702838447583716, 29.591018713996675 ], [ 80.79716155241627, 29.591018713996675 ] ] ] } },
{ "type": "Feature", "properties": { "POINT_X": -84.55, "POINT_Y": 31.15, "n": 317.0, "AGB_T_HA": 6.0201981666153621, "varTot": 0.7457315617259066, "AVG_YEAR": 2019 }, "geometry": { "type": "Polygon", "coordinates": [ [ [ -84.502838447583727, 31.190353016237236 ], [ -84.502838447583727, 31.109629798354078 ], [ -84.597161552416281, 31.109629798354078 ], [ -84.597161552416281, 31.190353016237236 ], [ -84.502838447583727, 31.190353016237236 ] ] ] } },
{ "type": "Feature", "properties": { "POINT_X": -84.35, "POINT_Y": 31.15, "n": 202.0, "AGB_T_HA": 16.312684860178788, "varTot": 1.2861214532798073, "AVG_YEAR": 2018 }, "geometry": { "type": "Polygon", "coordinates": [ [ [ -84.302838447583738, 31.190353016237236 ], [ -84.302838447583738, 31.109629798354078 ], [ -84.397161552416279, 31.109629798354078 ], [ -84.397161552416279, 31.190353016237236 ], [ -84.302838447583738, 31.190353016237236 ] ] ] } },
{ "type": "Feature", "properties": { "POINT_X": -84.55, "POINT_Y": 31.25, "n": 1055.0, "AGB_T_HA": 19.176647653391814, "varTot": 0.25865045592301561, "AVG_YEAR": 2019 }, "geometry": { "type": "Polygon", "coordinates": [ [ [ -84.502838447583727, 31.290310360498466 ], [ -84.502838447583727, 31.209672422702994 ], [ -84.597161552416281, 31.209672422702994 ], [ -84.597161552416281, 31.290310360498466 ], [ -84.502838447583727, 31.290310360498466 ] ] ] } },
{ "type": "Feature", "properties": { "POINT_X": -84.35, "POINT_Y": 31.25, "n": 674.0, "AGB_T_HA": 19.105272534105449, "varTot": 0.4062999598182368, "AVG_YEAR": 2019 }, "geometry": { "type": "Polygon", "coordinates": [ [ [ -84.302838447583738, 31.290310360498466 ], [ -84.302838447583738, 31.209672422702994 ], [ -84.397161552416279, 31.209672422702994 ], [ -84.397161552416279, 31.290310360498466 ], [ -84.302838447583738, 31.290310360498466 ] ] ] } },
{ "type": "Feature", "properties": { "POINT_X": 130.45, "POINT_Y": 31.45, "n": 5.0, "AGB_T_HA": 31.8510225, "varTot": 206.78208222017443, "AVG_YEAR": 2020 }, "geometry": { "type": "Polygon", "coordinates": [ [ [ 130.497161552416287, 31.490224681010339 ], [ 130.497161552416287, 31.409758040041151 ], [ 130.402838447583747, 31.409758040041151 ], [ 130.402838447583747, 31.490224681010339 ], [ 130.497161552416287, 31.490224681010339 ] ] ] } },
{ "type": "Feature", "properties": { "POINT_X": -110.95, "POINT_Y": 31.75, "n": 411.0, "AGB_T_HA": 0.12205936296478657, "varTot": 0.54072999680075529, "AVG_YEAR": 2017 }, "geometry": { "type": "Polygon", "coordinates": [ [ [ -110.902838447583719, 31.790095243713999 ], [ -110.902838447583719, 31.709887385692468 ], [ -110.997161552416273, 31.709887385692468 ], [ -110.997161552416273, 31.790095243713999 ], [ -110.902838447583719, 31.790095243713999 ] ] ] } },
{ "type": "Feature", "properties": { "POINT_X": -110.85, "POINT_Y": 31.75, "n": 1171.0, "AGB_T_HA": 6.742330594047881, "varTot": 0.215439981181793, "AVG_YEAR": 2018 }, "geometry": { "type": "Polygon", "coordinates": [ [ [ -110.802838447583724, 31.790095243713999 ], [ -110.802838447583724, 31.709887385692468 ], [ -110.897161552416279, 31.709887385692468 ], [ -110.897161552416279, 31.790095243713999 ], [ -110.802838447583724, 31.790095243713999 ] ] ] } },
{ "type": "Feature", "properties": { "POINT_X": -110.75, "POINT_Y": 31.75, "n": 390.0, "AGB_T_HA": 0.16343697066565668, "varTot": 0.60170313054138891, "AVG_YEAR": 2018 }, "geometry": { "type": "Polygon", "coordinates": [ [ [ -110.702838447583716, 31.790095243713999 ], [ -110.702838447583716, 31.709887385692468 ], [ -110.797161552416284, 31.709887385692468 ], [ -110.797161552416284, 31.790095243713999 ], [ -110.702838447583716, 31.790095243713999 ] ] ] } },
{ "type": "Feature", "properties": { "POINT_X": -110.95, "POINT_Y": 31.85, "n": 963.0, "AGB_T_HA": 0.16186831353705167, "varTot": 0.23200322649041216, "AVG_YEAR": 2017 }, "geometry": { "type": "Polygon", "coordinates": [ [ [ -110.902838447583719, 31.890051853657351 ], [ -110.902838447583719, 31.809930745623593 ], [ -110.997161552416273, 31.809930745623593 ], [ -110.997161552416273, 31.890051853657351 ], [ -110.902838447583719, 31.890051853657351 ] ] ] } },
{ "type": "Feature", "properties": { "POINT_X": -110.85, "POINT_Y": 31.85, "n": 1592.0, "AGB_T_HA": 0.0, "varTot": 0.13984248008811925, "AVG_YEAR": 2017 }, "geometry": { "type": "Polygon", "coordinates": [ [ [ -110.802838447583724, 31.890051853657351 ], [ -110.802838447583724, 31.809930745623593 ], [ -110.897161552416279, 31.809930745623593 ], [ -110.897161552416279, 31.890051853657351 ], [ -110.802838447583724, 31.890051853657351 ] ] ] } },
{ "type": "Feature", "properties": { "POINT_X": -110.75, "POINT_Y": 31.85, "n": 611.0, "AGB_T_HA": 0.0103896074585185, "varTot": 0.36661461931348555, "AVG_YEAR": 2019 }, "geometry": { "type": "Polygon", "coordinates": [ [ [ -110.702838447583716, 31.890051853657351 ], [ -110.702838447583716, 31.809930745623593 ], [ -110.797161552416284, 31.809930745623593 ], [ -110.797161552416284, 31.890051853657351 ], [ -110.702838447583716, 31.890051853657351 ] ] ] } },
{ "type": "Feature", "properties": { "POINT_X": -88.15, "POINT_Y": 31.85, "n": 1494.0, "AGB_T_HA": 97.958568070692237, "varTot": 0.24495663516268645, "AVG_YEAR": 2018 }, "geometry": { "type": "Polygon", "coordinates": [ [ [ -88.102838447583736, 31.890051853657351 ], [ -88.102838447583736, 31.809930745623593 ], [ -88.19716155241629, 31.809930745623593 ], [ -88.19716155241629, 31.890051853657351 ], [ -88.102838447583736, 31.890051853657351 ] ] ] } },
{ "type": "Feature", "properties": { "POINT_X": -110.95, "POINT_Y": 31.95, "n": 137.0, "AGB_T_HA": 0.29954007278980749, "varTot": 1.6130223130525496, "AVG_YEAR": 2018 }, "geometry": { "type": "Polygon", "coordinates": [ [ [ -110.902838447583719, 31.99000834167531 ], [ -110.902838447583719, 31.909974227692128 ], [ -110.997161552416273, 31.909974227692128 ], [ -110.997161552416273, 31.99000834167531 ], [ -110.902838447583719, 31.99000834167531 ] ] ] } },
{ "type": "Feature", "properties": { "POINT_X": -110.85, "POINT_Y": 31.95, "n": 399.0, "AGB_T_HA": 0.0, "varTot": 0.55095609964057191, "AVG_YEAR": 2018 }, "geometry": { "type": "Polygon", "coordinates": [ [ [ -110.802838447583724, 31.99000834167531 ], [ -110.802838447583724, 31.909974227692128 ], [ -110.897161552416279, 31.909974227692128 ], [ -110.897161552416279, 31.99000834167531 ], [ -110.802838447583724, 31.99000834167531 ] ] ] } },
{ "type": "Feature", "properties": { "POINT_X": -110.75, "POINT_Y": 31.95, "n": 160.0, "AGB_T_HA": 0.0, "varTot": 1.3726293176266522, "AVG_YEAR": 2018 }, "geometry": { "type": "Polygon", "coordinates": [ [ [ -110.702838447583716, 31.99000834167531 ], [ -110.702838447583716, 31.909974227692128 ], [ -110.797161552416284, 31.909974227692128 ], [ -110.797161552416284, 31.99000834167531 ], [ -110.702838447583716, 31.99000834167531 ] ] ] } },
{ "type": "Feature", "properties": { "POINT_X": -108.55, "POINT_Y": 32.55, "n": 287.0, "AGB_T_HA": 0.013173080606707327, "varTot": 2.6577404882888018, "AVG_YEAR": 2020 }, "geometry": { "type": "Polygon", "coordinates": [ [ [ -108.502838447583741, 32.589744716805939 ], [ -108.502838447583741, 32.510237677553206 ], [ -108.597161552416296, 32.510237677553206 ], [ -108.597161552416296, 32.589744716805939 ], [ -108.502838447583741, 32.589744716805939 ] ] ] } },
{ "type": "Feature", "properties": { "POINT_X": -108.45, "POINT_Y": 32.55, "n": 1726.0, "AGB_T_HA": 4.7712321077056723, "varTot": 0.44204441365958497, "AVG_YEAR": 2020 }, "geometry": { "type": "Polygon", "coordinates": [ [ [ -108.402838447583719, 32.589744716805939 ], [ -108.402838447583719, 32.510237677553206 ], [ -108.497161552416273, 32.510237677553206 ], [ -108.497161552416273, 32.589744716805939 ], [ -108.402838447583719, 32.589744716805939 ] ] ] } },
{ "type": "Feature", "properties": { "POINT_X": -108.55, "POINT_Y": 32.65, "n": 561.0, "AGB_T_HA": 3.3644991038272076, "varTot": 1.3957355785800893, "AVG_YEAR": 2020 }, "geometry": { "type": "Polygon", "coordinates": [ [ [ -108.502838447583741, 32.689700355081946 ], [ -108.502838447583741, 32.610282010857915 ], [ -108.597161552416296, 32.610282010857915 ], [ -108.597161552416296, 32.689700355081946 ], [ -108.502838447583741, 32.689700355081946 ] ] ] } },
{ "type": "Feature", "properties": { "POINT_X": -108.45, "POINT_Y": 32.65, "n": 1812.0, "AGB_T_HA": 7.9604601625403602, "varTot": 0.43077547542463213, "AVG_YEAR": 2020 }, "geometry": { "type": "Polygon", "coordinates": [ [ [ -108.402838447583719, 32.689700355081946 ], [ -108.402838447583719, 32.610282010857915 ], [ -108.497161552416273, 32.610282010857915 ], [ -108.497161552416273, 32.689700355081946 ], [ -108.402838447583719, 32.689700355081946 ] ] ] } },
{ "type": "Feature", "properties": { "POINT_X": 130.95, "POINT_Y": 32.65, "n": 5.0, "AGB_T_HA": 24.24892275, "varTot": 196.2445935393188, "AVG_YEAR": 2020 }, "geometry": { "type": "Polygon", "coordinates": [ [ [ 130.997161552416287, 32.689700355081946 ], [ 130.997161552416287, 32.610282010857915 ], [ 130.902838447583747, 32.610282010857915 ], [ 130.902838447583747, 32.689700355081946 ], [ 130.997161552416287, 32.689700355081946 ] ] ] } },
{ "type": "Feature", "properties": { "POINT_X": -108.55, "POINT_Y": 32.75, "n": 462.0, "AGB_T_HA": 1.9206235137068994, "varTot": 1.6463867946683881, "AVG_YEAR": 2020 }, "geometry": { "type": "Polygon", "coordinates": [ [ [ -108.502838447583741, 32.789655872504355 ], [ -108.502838447583741, 32.710326465231084 ], [ -108.597161552416296, 32.710326465231084 ], [ -108.597161552416296, 32.789655872504355 ], [ -108.502838447583741, 32.789655872504355 ] ] ] } },
{ "type": "Feature", "properties": { "POINT_X": -108.45, "POINT_Y": 32.75, "n": 440.0, "AGB_T_HA": 0.039284293777215935, "varTot": 1.7264151845230429, "AVG_YEAR": 2020 }, "geometry": { "type": "Polygon", "coordinates": [ [ [ -108.402838447583719, 32.789655872504355 ], [ -108.402838447583719, 32.710326465231084 ], [ -108.497161552416273, 32.710326465231084 ], [ -108.497161552416273, 32.789655872504355 ], [ -108.402838447583719, 32.789655872504355 ] ] ] } },
{ "type": "Feature", "properties": { "POINT_X": 130.95, "POINT_Y": 33.25, "n": 5.0, "AGB_T_HA": 38.10294, "varTot": 223.89095928557899, "AVG_YEAR": 2020 }, "geometry": { "type": "Polygon", "coordinates": [ [ [ 130.997161552416287, 33.289431651572244 ], [ 130.997161552416287, 33.210550548376027 ], [ 130.902838447583747, 33.210550548376027 ], [ 130.902838447583747, 33.289431651572244 ], [ 130.997161552416287, 33.289431651572244 ] ] ] } },
{ "type": "Feature", "properties": { "POINT_X": 132.85, "POINT_Y": 33.35, "n": 7.0, "AGB_T_HA": 27.568112785714284, "varTot": 147.3083725905143, "AVG_YEAR": 2020 }, "geometry": { "type": "Polygon", "coordinates": [ [ [ 132.897161552416264, 33.389386446734093 ], [ 132.897161552416264, 33.310595726306076 ], [ 132.802838447583724, 33.310595726306076 ], [ 132.802838447583724, 33.389386446734093 ], [ 132.897161552416264, 33.389386446734093 ] ] ] } },
{ "type": "Feature", "properties": { "POINT_X": 133.25, "POINT_Y": 33.65, "n": 5.0, "AGB_T_HA": 31.0406634, "varTot": 193.48079786092899, "AVG_YEAR": 2020 }, "geometry": { "type": "Polygon", "coordinates": [ [ [ 133.29716155241627, 33.689250113393747 ], [ 133.29716155241627, 33.610731980226703 ], [ 133.20283844758373, 33.610731980226703 ], [ 133.20283844758373, 33.689250113393747 ], [ 133.29716155241627, 33.689250113393747 ] ] ] } },
{ "type": "Feature", "properties": { "POINT_X": 133.85, "POINT_Y": 33.65, "n": 6.0, "AGB_T_HA": 39.753307875000004, "varTot": 182.9055042547827, "AVG_YEAR": 2020 }, "geometry": { "type": "Polygon", "coordinates": [ [ [ 133.897161552416264, 33.689250113393747 ], [ 133.897161552416264, 33.610731980226703 ], [ 133.802838447583696, 33.610731980226703 ], [ 133.802838447583696, 33.689250113393747 ], [ 133.897161552416264, 33.689250113393747 ] ] ] } },
{ "type": "Feature", "properties": { "POINT_X": 134.05, "POINT_Y": 33.65, "n": 7.0, "AGB_T_HA": 35.060218392857138, "varTot": 149.20119951077524, "AVG_YEAR": 2020 }, "geometry": { "type": "Polygon", "coordinates": [ [ [ 134.097161552416281, 33.689250113393747 ], [ 134.097161552416281, 33.610731980226703 ], [ 134.002838447583713, 33.610731980226703 ], [ 134.002838447583713, 33.689250113393747 ], [ 134.097161552416281, 33.689250113393747 ] ] ] } },
{ "type": "Feature", "properties": { "POINT_X": 133.85, "POINT_Y": 33.75, "n": 7.0, "AGB_T_HA": 24.799162098214286, "varTot": 136.69884877485816, "AVG_YEAR": 2020 }, "geometry": { "type": "Polygon", "coordinates": [ [ [ 133.897161552416264, 33.789204429800179 ], [ 133.897161552416264, 33.710777637782982 ], [ 133.802838447583696, 33.710777637782982 ], [ 133.802838447583696, 33.789204429800179 ], [ 133.897161552416264, 33.789204429800179 ] ] ] } },
{ "type": "Feature", "properties": { "POINT_X": 134.05, "POINT_Y": 33.75, "n": 6.0, "AGB_T_HA": 36.337038281249995, "varTot": 165.55868111262592, "AVG_YEAR": 2020 }, "geometry": { "type": "Polygon", "coordinates": [ [ [ 134.097161552416281, 33.789204429800179 ], [ 134.097161552416281, 33.710777637782982 ], [ 134.002838447583713, 33.710777637782982 ], [ 134.002838447583713, 33.789204429800179 ], [ 134.097161552416281, 33.789204429800179 ] ] ] } },
{ "type": "Feature", "properties": { "POINT_X": 134.35, "POINT_Y": 33.75, "n": 5.0, "AGB_T_HA": 58.3502067, "varTot": 255.35160675786676, "AVG_YEAR": 2020 }, "geometry": { "type": "Polygon", "coordinates": [ [ [ 134.397161552416236, 33.789204429800179 ], [ 134.397161552416236, 33.710777637782982 ], [ 134.302838447583696, 33.710777637782982 ], [ 134.302838447583696, 33.789204429800179 ], [ 134.397161552416236, 33.789204429800179 ] ] ] } },
{ "type": "Feature", "properties": { "POINT_X": 133.15, "POINT_Y": 33.85, "n": 6.0, "AGB_T_HA": 24.002690906249999, "varTot": 161.00678291438945, "AVG_YEAR": 2020 }, "geometry": { "type": "Polygon", "coordinates": [ [ [ 133.197161552416276, 33.889158626865047 ], [ 133.197161552416276, 33.810823414899332 ], [ 133.102838447583736, 33.810823414899332 ], [ 133.102838447583736, 33.889158626865047 ], [ 133.197161552416276, 33.889158626865047 ] ] ] } },
{ "type": "Feature", "properties": { "POINT_X": 133.45, "POINT_Y": 33.85, "n": 5.0, "AGB_T_HA": 45.8585121375, "varTot": 243.72590877085148, "AVG_YEAR": 2020 }, "geometry": { "type": "Polygon", "coordinates": [ [ [ 133.497161552416287, 33.889158626865047 ], [ 133.497161552416287, 33.810823414899332 ], [ 133.402838447583747, 33.810823414899332 ], [ 133.402838447583747, 33.889158626865047 ], [ 133.497161552416287, 33.889158626865047 ] ] ] } },
{ "type": "Feature", "properties": { "POINT_X": 133.85, "POINT_Y": 33.85, "n": 5.0, "AGB_T_HA": 28.430860274999997, "varTot": 197.42525314252242, "AVG_YEAR": 2020 }, "geometry": { "type": "Polygon", "coordinates": [ [ [ 133.897161552416264, 33.889158626865047 ], [ 133.897161552416264, 33.810823414899332 ], [ 133.802838447583696, 33.810823414899332 ], [ 133.802838447583696, 33.889158626865047 ], [ 133.897161552416264, 33.889158626865047 ] ] ] } },
{ "type": "Feature", "properties": { "POINT_X": 135.65, "POINT_Y": 33.95, "n": 6.0, "AGB_T_HA": 39.845835156249997, "varTot": 189.68909661630533, "AVG_YEAR": 2020 }, "geometry": { "type": "Polygon", "coordinates": [ [ [ 135.697161552416276, 33.989112704727987 ], [ 135.697161552416276, 33.910869311436414 ], [ 135.602838447583736, 33.910869311436414 ], [ 135.602838447583736, 33.989112704727987 ], [ 135.697161552416276, 33.989112704727987 ] ] ] } },
{ "type": "Feature", "properties": { "POINT_X": 135.95, "POINT_Y": 33.95, "n": 5.0, "AGB_T_HA": 29.82976785, "varTot": 199.21435372623316, "AVG_YEAR": 2020 }, "geometry": { "type": "Polygon", "coordinates": [ [ [ 135.997161552416287, 33.989112704727987 ], [ 135.997161552416287, 33.910869311436414 ], [ 135.902838447583719, 33.910869311436414 ], [ 135.902838447583719, 33.989112704727987 ], [ 135.997161552416287, 33.989112704727987 ] ] ] } },
{ "type": "Feature", "properties": { "POINT_X": -108.75, "POINT_Y": 34.05, "n": 10.0, "AGB_T_HA": 7.5843360071625003, "varTot": 77.056440022484367, "AVG_YEAR": 2020 }, "geometry": { "type": "Polygon", "coordinates": [ [ [ -108.702838447583716, 34.089066663528996 ], [ -108.702838447583716, 34.010915327254551 ], [ -108.79716155241627, 34.010915327254551 ], [ -108.79716155241627, 34.089066663528996 ], [ -108.702838447583716, 34.089066663528996 ] ] ] } },
{ "type": "Feature", "properties": { "POINT_X": -108.65, "POINT_Y": 34.05, "n": 115.0, "AGB_T_HA": 22.237424582044028, "varTot": 6.8724308982870124, "AVG_YEAR": 2020 }, "geometry": { "type": "Polygon", "coordinates": [ [ [ -108.602838447583721, 34.089066663528996 ], [ -108.602838447583721, 34.010915327254551 ], [ -108.697161552416276, 34.010915327254551 ], [ -108.697161552416276, 34.089066663528996 ], [ -108.602838447583721, 34.089066663528996 ] ] ] } },
{ "type": "Feature", "properties": { "POINT_X": -108.55, "POINT_Y": 34.05, "n": 104.0, "AGB_T_HA": 30.916810440474755, "varTot": 7.7521003354502849, "AVG_YEAR": 2020 }, "geometry": { "type": "Polygon", "coordinates": [ [ [ -108.502838447583741, 34.089066663528996 ], [ -108.502838447583741, 34.010915327254551 ], [ -108.597161552416296, 34.010915327254551 ], [ -108.597161552416296, 34.089066663528996 ], [ -108.502838447583741, 34.089066663528996 ] ] ] } },
{ "type": "Feature", "properties": { "POINT_X": -108.45, "POINT_Y": 34.05, "n": 18.0, "AGB_T_HA": 31.260542470607636, "varTot": 44.981911150057783, "AVG_YEAR": 2020 }, "geometry": { "type": "Polygon", "coordinates": [ [ [ -108.402838447583719, 34.089066663528996 ], [ -108.402838447583719, 34.010915327254551 ], [ -108.497161552416273, 34.010915327254551 ], [ -108.497161552416273, 34.089066663528996 ], [ -108.402838447583719, 34.089066663528996 ] ] ] } },
{ "type": "Feature", "properties": { "POINT_X": 135.65, "POINT_Y": 34.05, "n": 6.0, "AGB_T_HA": 24.96504825, "varTot": 150.56994771043654, "AVG_YEAR": 2020 }, "geometry": { "type": "Polygon", "coordinates": [ [ [ 135.697161552416276, 34.089066663528996 ], [ 135.697161552416276, 34.010915327254551 ], [ 135.602838447583736, 34.010915327254551 ], [ 135.602838447583736, 34.089066663528996 ], [ 135.697161552416276, 34.089066663528996 ] ] ] } },
{ "type": "Feature", "properties": { "POINT_X": -108.75, "POINT_Y": 34.15, "n": 170.0, "AGB_T_HA": 0.37253843358823463, "varTot": 4.6842933182565627, "AVG_YEAR": 2020 }, "geometry": { "type": "Polygon", "coordinates": [ [ [ -108.702838447583716, 34.18902050340845 ], [ -108.702838447583716, 34.110961462213666 ], [ -108.79716155241627, 34.110961462213666 ], [ -108.79716155241627, 34.18902050340845 ], [ -108.702838447583716, 34.18902050340845 ] ] ] } },
{ "type": "Feature", "properties": { "POINT_X": -108.65, "POINT_Y": 34.15, "n": 2167.0, "AGB_T_HA": 3.0708318025487471, "varTot": 0.3655512927984057, "AVG_YEAR": 2020 }, "geometry": { "type": "Polygon", "coordinates": [ [ [ -108.602838447583721, 34.18902050340845 ], [ -108.602838447583721, 34.110961462213666 ], [ -108.697161552416276, 34.110961462213666 ], [ -108.697161552416276, 34.18902050340845 ], [ -108.602838447583721, 34.18902050340845 ] ] ] } },
{ "type": "Feature", "properties": { "POINT_X": -108.55, "POINT_Y": 34.15, "n": 2969.0, "AGB_T_HA": 11.701498809220206, "varTot": 0.26453641275648815, "AVG_YEAR": 2020 }, "geometry": { "type": "Polygon", "coordinates": [ [ [ -108.502838447583741, 34.18902050340845 ], [ -108.502838447583741, 34.110961462213666 ], [ -108.597161552416296, 34.110961462213666 ], [ -108.597161552416296, 34.18902050340845 ], [ -108.502838447583741, 34.18902050340845 ] ] ] } },
{ "type": "Feature", "properties": { "POINT_X": -108.45, "POINT_Y": 34.15, "n": 495.0, "AGB_T_HA": 18.802163071639775, "varTot": 1.591190045130966, "AVG_YEAR": 2020 }, "geometry": { "type": "Polygon", "coordinates": [ [ [ -108.402838447583719, 34.18902050340845 ], [ -108.402838447583719, 34.110961462213666 ], [ -108.497161552416273, 34.110961462213666 ], [ -108.497161552416273, 34.18902050340845 ], [ -108.402838447583719, 34.18902050340845 ] ] ] } },
{ "type": "Feature", "properties": { "POINT_X": -108.75, "POINT_Y": 34.25, "n": 79.0, "AGB_T_HA": 0.0, "varTot": 9.5771511536696714, "AVG_YEAR": 2020 }, "geometry": { "type": "Polygon", "coordinates": [ [ [ -108.702838447583716, 34.288974224507072 ], [ -108.702838447583716, 34.21100771617337 ], [ -108.79716155241627, 34.21100771617337 ], [ -108.79716155241627, 34.288974224507072 ], [ -108.702838447583716, 34.288974224507072 ] ] ] } },
{ "type": "Feature", "properties": { "POINT_X": -108.65, "POINT_Y": 34.25, "n": 1321.0, "AGB_T_HA": 0.00046384846877365639, "varTot": 0.57375542989134565, "AVG_YEAR": 2020 }, "geometry": { "type": "Polygon", "coordinates": [ [ [ -108.602838447583721, 34.288974224507072 ], [ -108.602838447583721, 34.21100771617337 ], [ -108.697161552416276, 34.21100771617337 ], [ -108.697161552416276, 34.288974224507072 ], [ -108.602838447583721, 34.288974224507072 ] ] ] } },
{ "type": "Feature", "properties": { "POINT_X": -108.55, "POINT_Y": 34.25, "n": 4257.0, "AGB_T_HA": 0.063690144908298149, "varTot": 0.17925054750519021, "AVG_YEAR": 2020 }, "geometry": { "type": "Polygon", "coordinates": [ [ [ -108.502838447583741, 34.288974224507072 ], [ -108.502838447583741, 34.21100771617337 ], [ -108.597161552416296, 34.21100771617337 ], [ -108.597161552416296, 34.288974224507072 ], [ -108.502838447583741, 34.288974224507072 ] ] ] } },
{ "type": "Feature", "properties": { "POINT_X": -108.45, "POINT_Y": 34.25, "n": 3380.0, "AGB_T_HA": 1.4488051203760355, "varTot": 0.22525309352945516, "AVG_YEAR": 2020 }, "geometry": { "type": "Polygon", "coordinates": [ [ [ -108.402838447583719, 34.288974224507072 ], [ -108.402838447583719, 34.21100771617337 ], [ -108.497161552416273, 34.21100771617337 ], [ -108.497161552416273, 34.288974224507072 ], [ -108.402838447583719, 34.288974224507072 ] ] ] } },
{ "type": "Feature", "properties": { "POINT_X": 131.45, "POINT_Y": 34.25, "n": 5.0, "AGB_T_HA": 29.36464245, "varTot": 197.31227228115367, "AVG_YEAR": 2020 }, "geometry": { "type": "Polygon", "coordinates": [ [ [ 131.497161552416316, 34.288974224507072 ], [ 131.497161552416316, 34.21100771617337 ], [ 131.402838447583719, 34.21100771617337 ], [ 131.402838447583719, 34.288974224507072 ], [ 131.497161552416316, 34.288974224507072 ] ] ] } },
{ "type": "Feature", "properties": { "POINT_X": 135.95, "POINT_Y": 34.25, "n": 7.0, "AGB_T_HA": 35.667635062499997, "varTot": 156.15725279112169, "AVG_YEAR": 2020 }, "geometry": { "type": "Polygon", "coordinates": [ [ [ 135.997161552416287, 34.288974224507072 ], [ 135.997161552416287, 34.21100771617337 ], [ 135.902838447583719, 34.21100771617337 ], [ 135.902838447583719, 34.288974224507072 ], [ 135.997161552416287, 34.288974224507072 ] ] ] } },
{ "type": "Feature", "properties": { "POINT_X": -108.75, "POINT_Y": 34.35, "n": 51.0, "AGB_T_HA": 0.0, "varTot": 14.719474271041914, "AVG_YEAR": 2020 }, "geometry": { "type": "Polygon", "coordinates": [ [ [ -108.702838447583716, 34.388927826965961 ], [ -108.702838447583716, 34.311054088992869 ], [ -108.79716155241627, 34.311054088992869 ], [ -108.79716155241627, 34.388927826965961 ], [ -108.702838447583716, 34.388927826965961 ] ] ] } },
{ "type": "Feature", "properties": { "POINT_X": -108.65, "POINT_Y": 34.35, "n": 413.0, "AGB_T_HA": 0.025507740550847448, "varTot": 1.8121267851240479, "AVG_YEAR": 2020 }, "geometry": { "type": "Polygon", "coordinates": [ [ [ -108.602838447583721, 34.388927826965961 ], [ -108.602838447583721, 34.311054088992869 ], [ -108.697161552416276, 34.311054088992869 ], [ -108.697161552416276, 34.388927826965961 ], [ -108.602838447583721, 34.388927826965961 ] ] ] } },
{ "type": "Feature", "properties": { "POINT_X": -108.55, "POINT_Y": 34.35, "n": 300.0, "AGB_T_HA": 0.0023254140525000009, "varTot": 2.4999701920870963, "AVG_YEAR": 2020 }, "geometry": { "type": "Polygon", "coordinates": [ [ [ -108.502838447583741, 34.388927826965961 ], [ -108.502838447583741, 34.311054088992869 ], [ -108.597161552416296, 34.311054088992869 ], [ -108.597161552416296, 34.388927826965961 ], [ -108.502838447583741, 34.388927826965961 ] ] ] } },
{ "type": "Feature", "properties": { "POINT_X": -108.45, "POINT_Y": 34.35, "n": 111.0, "AGB_T_HA": 0.00021117411542792794, "varTot": 6.7835126670660104, "AVG_YEAR": 2020 }, "geometry": { "type": "Polygon", "coordinates": [ [ [ -108.402838447583719, 34.388927826965961 ], [ -108.402838447583719, 34.311054088992869 ], [ -108.497161552416273, 34.311054088992869 ], [ -108.497161552416273, 34.388927826965961 ], [ -108.402838447583719, 34.388927826965961 ] ] ] } },
{ "type": "Feature", "properties": { "POINT_X": 131.65, "POINT_Y": 34.45, "n": 5.0, "AGB_T_HA": 31.5881064, "varTot": 197.06376498793824, "AVG_YEAR": 2020 }, "geometry": { "type": "Polygon", "coordinates": [ [ [ 131.697161552416276, 34.488881310926544 ], [ 131.697161552416276, 34.411100580530999 ], [ 131.602838447583707, 34.411100580530999 ], [ 131.602838447583707, 34.488881310926544 ], [ 131.697161552416276, 34.488881310926544 ] ] ] } },
{ "type": "Feature", "properties": { "POINT_X": 132.85, "POINT_Y": 34.45, "n": 5.0, "AGB_T_HA": 15.670314, "varTot": 186.83269072313277, "AVG_YEAR": 2020 }, "geometry": { "type": "Polygon", "coordinates": [ [ [ 132.897161552416264, 34.488881310926544 ], [ 132.897161552416264, 34.411100580530999 ], [ 132.802838447583724, 34.411100580530999 ], [ 132.802838447583724, 34.488881310926544 ], [ 132.897161552416264, 34.488881310926544 ] ] ] } },
{ "type": "Feature", "properties": { "POINT_X": -111.55, "POINT_Y": 34.55, "n": 1732.0, "AGB_T_HA": 11.194980334878538, "varTot": 0.45467046664324184, "AVG_YEAR": 2020 }, "geometry": { "type": "Polygon", "coordinates": [ [ [ -111.502838447583727, 34.588834676530645 ], [ -111.502838447583727, 34.511147190646284 ], [ -111.597161552416267, 34.511147190646284 ], [ -111.597161552416267, 34.588834676530645 ], [ -111.502838447583727, 34.588834676530645 ] ] ] } },
{ "type": "Feature", "properties": { "POINT_X": -111.45, "POINT_Y": 34.55, "n": 526.0, "AGB_T_HA": 37.133874425582228, "varTot": 1.502757855406234, "AVG_YEAR": 2020 }, "geometry": { "type": "Polygon", "coordinates": [ [ [ -111.402838447583719, 34.588834676530645 ], [ -111.402838447583719, 34.511147190646284 ], [ -111.497161552416273, 34.511147190646284 ], [ -111.497161552416273, 34.588834676530645 ], [ -111.402838447583719, 34.588834676530645 ] ] ] } },
{ "type": "Feature", "properties": { "POINT_X": 131.85, "POINT_Y": 34.55, "n": 5.0, "AGB_T_HA": 33.562124325000006, "varTot": 204.10586611906223, "AVG_YEAR": 2020 }, "geometry": { "type": "Polygon", "coordinates": [ [ [ 131.897161552416264, 34.588834676530645 ], [ 131.897161552416264, 34.511147190646284 ], [ 131.802838447583696, 34.511147190646284 ], [ 131.802838447583696, 34.588834676530645 ], [ 131.897161552416264, 34.588834676530645 ] ] ] } },
{ "type": "Feature", "properties": { "POINT_X": 136.35, "POINT_Y": 34.55, "n": 5.0, "AGB_T_HA": 38.6445921, "varTot": 214.01343084208597, "AVG_YEAR": 2020 }, "geometry": { "type": "Polygon", "coordinates": [ [ [ 136.397161552416264, 34.588834676530645 ], [ 136.397161552416264, 34.511147190646284 ], [ 136.302838447583696, 34.511147190646284 ], [ 136.302838447583696, 34.588834676530645 ], [ 136.397161552416264, 34.588834676530645 ] ] ] } },
{ "type": "Feature", "properties": { "POINT_X": -112.85, "POINT_Y": 34.65, "n": 10.0, "AGB_T_HA": 10.844663403750001, "varTot": 57.999458627568643, "AVG_YEAR": 2020 }, "geometry": { "type": "Polygon", "coordinates": [ [ [ -112.802838447583724, 34.688787923920422 ], [ -112.802838447583724, 34.611193919196815 ], [ -112.897161552416279, 34.611193919196815 ], [ -112.897161552416279, 34.688787923920422 ], [ -112.802838447583724, 34.688787923920422 ] ] ] } },
{ "type": "Feature", "properties": { "POINT_X": -112.75, "POINT_Y": 34.65, "n": 2173.0, "AGB_T_HA": 2.0349934100457574, "varTot": 0.08980285186185466, "AVG_YEAR": 2020 }, "geometry": { "type": "Polygon", "coordinates": [ [ [ -112.702838447583716, 34.688787923920422 ], [ -112.702838447583716, 34.611193919196815 ], [ -112.797161552416256, 34.611193919196815 ], [ -112.797161552416256, 34.688787923920422 ], [ -112.702838447583716, 34.688787923920422 ] ] ] } },
{ "type": "Feature", "properties": { "POINT_X": -112.65, "POINT_Y": 34.65, "n": 1738.0, "AGB_T_HA": 0.22953978173547182, "varTot": 0.13160710880347901, "AVG_YEAR": 2020 }, "geometry": { "type": "Polygon", "coordinates": [ [ [ -112.602838447583721, 34.688787923920422 ], [ -112.602838447583721, 34.611193919196815 ], [ -112.697161552416262, 34.611193919196815 ], [ -112.697161552416262, 34.688787923920422 ], [ -112.602838447583721, 34.688787923920422 ] ] ] } },
{ "type": "Feature", "properties": { "POINT_X": -111.55, "POINT_Y": 34.65, "n": 1091.0, "AGB_T_HA": 4.2382700516127398, "varTot": 0.72399475705761773, "AVG_YEAR": 2020 }, "geometry": { "type": "Polygon", "coordinates": [ [ [ -111.502838447583727, 34.688787923920422 ], [ -111.502838447583727, 34.611193919196815 ], [ -111.597161552416267, 34.611193919196815 ], [ -111.597161552416267, 34.688787923920422 ], [ -111.502838447583727, 34.688787923920422 ] ] ] } },
{ "type": "Feature", "properties": { "POINT_X": -111.45, "POINT_Y": 34.65, "n": 536.0, "AGB_T_HA": 34.087755217183307, "varTot": 1.4783972974554933, "AVG_YEAR": 2020 }, "geometry": { "type": "Polygon", "coordinates": [ [ [ -111.402838447583719, 34.688787923920422 ], [ -111.402838447583719, 34.611193919196815 ], [ -111.497161552416273, 34.611193919196815 ], [ -111.497161552416273, 34.688787923920422 ], [ -111.402838447583719, 34.688787923920422 ] ] ] } },
{ "type": "Feature", "properties": { "POINT_X": -112.85, "POINT_Y": 34.75, "n": 2178.0, "AGB_T_HA": 9.4145017349641886, "varTot": 0.33124648444769089, "AVG_YEAR": 2020 }, "geometry": { "type": "Polygon", "coordinates": [ [ [ -112.802838447583724, 34.788741053238397 ], [ -112.802838447583724, 34.711240766040376 ], [ -112.897161552416279, 34.711240766040376 ], [ -112.897161552416279, 34.788741053238397 ], [ -112.802838447583724, 34.788741053238397 ] ] ] } },
{ "type": "Feature", "properties": { "POINT_X": -112.75, "POINT_Y": 34.75, "n": 7847.0, "AGB_T_HA": 4.2322553087015677, "varTot": 0.08449865748485573, "AVG_YEAR": 2020 }, "geometry": { "type": "Polygon", "coordinates": [ [ [ -112.702838447583716, 34.788741053238397 ], [ -112.702838447583716, 34.711240766040376 ], [ -112.797161552416256, 34.711240766040376 ], [ -112.797161552416256, 34.788741053238397 ], [ -112.702838447583716, 34.788741053238397 ] ] ] } },
{ "type": "Feature", "properties": { "POINT_X": -112.65, "POINT_Y": 34.75, "n": 1044.0, "AGB_T_HA": 0.24668103539255845, "varTot": 0.50377898658166742, "AVG_YEAR": 2020 }, "geometry": { "type": "Polygon", "coordinates": [ [ [ -112.602838447583721, 34.788741053238397 ], [ -112.602838447583721, 34.711240766040376 ], [ -112.697161552416262, 34.711240766040376 ], [ -112.697161552416262, 34.788741053238397 ], [ -112.602838447583721, 34.788741053238397 ] ] ] } },
{ "type": "Feature", "properties": { "POINT_X": 132.35, "POINT_Y": 34.75, "n": 6.0, "AGB_T_HA": 27.723678906250001, "varTot": 130.60400405735575, "AVG_YEAR": 2020 }, "geometry": { "type": "Polygon", "coordinates": [ [ [ 132.397161552416236, 34.788741053238397 ], [ 132.397161552416236, 34.711240766040376 ], [ 132.302838447583696, 34.711240766040376 ], [ 132.302838447583696, 34.788741053238397 ], [ 132.397161552416236, 34.788741053238397 ] ] ] } },
{ "type": "Feature", "properties": { "POINT_X": -112.85, "POINT_Y": 34.85, "n": 939.0, "AGB_T_HA": 7.3830207812193107, "varTot": 0.80918916072747793, "AVG_YEAR": 2020 }, "geometry": { "type": "Polygon", "coordinates": [ [ [ -112.802838447583724, 34.888694064627465 ], [ -112.802838447583724, 34.811287731034376 ], [ -112.897161552416279, 34.811287731034376 ], [ -112.897161552416279, 34.888694064627465 ], [ -112.802838447583724, 34.888694064627465 ] ] ] } },
{ "type": "Feature", "properties": { "POINT_X": -112.75, "POINT_Y": 34.85, "n": 1056.0, "AGB_T_HA": 0.67216712419797608, "varTot": 0.72087663373840249, "AVG_YEAR": 2020 }, "geometry": { "type": "Polygon", "coordinates": [ [ [ -112.702838447583716, 34.888694064627465 ], [ -112.702838447583716, 34.811287731034376 ], [ -112.797161552416256, 34.811287731034376 ], [ -112.797161552416256, 34.888694064627465 ], [ -112.702838447583716, 34.888694064627465 ] ] ] } },
{ "type": "Feature", "properties": { "POINT_X": -112.65, "POINT_Y": 34.85, "n": 6.0, "AGB_T_HA": 0.0, "varTot": 125.70938172608433, "AVG_YEAR": 2020 }, "geometry": { "type": "Polygon", "coordinates": [ [ [ -112.602838447583721, 34.888694064627465 ], [ -112.602838447583721, 34.811287731034376 ], [ -112.697161552416262, 34.811287731034376 ], [ -112.697161552416262, 34.888694064627465 ], [ -112.602838447583721, 34.888694064627465 ] ] ] } },
{ "type": "Feature", "properties": { "POINT_X": 132.35, "POINT_Y": 34.85, "n": 6.0, "AGB_T_HA": 22.560939625, "varTot": 139.11815952465028, "AVG_YEAR": 2020 }, "geometry": { "type": "Polygon", "coordinates": [ [ [ 132.397161552416236, 34.888694064627465 ], [ 132.397161552416236, 34.811287731034376 ], [ 132.302838447583696, 34.811287731034376 ], [ 132.302838447583696, 34.888694064627465 ], [ 132.397161552416236, 34.888694064627465 ] ] ] } },
{ "type": "Feature", "properties": { "POINT_X": -108.15, "POINT_Y": 34.95, "n": 16.0, "AGB_T_HA": 0.38538328410156264, "varTot": 46.754894070597949, "AVG_YEAR": 2020 }, "geometry": { "type": "Polygon", "coordinates": [ [ [ -108.102838447583736, 34.988646958230873 ], [ -108.102838447583736, 34.911334814035868 ], [ -108.197161552416276, 34.911334814035868 ], [ -108.197161552416276, 34.988646958230873 ], [ -108.102838447583736, 34.988646958230873 ] ] ] } },
{ "type": "Feature", "properties": { "POINT_X": -108.05, "POINT_Y": 34.95, "n": 488.0, "AGB_T_HA": 1.6287488606075815, "varTot": 1.5267451074262255, "AVG_YEAR": 2020 }, "geometry": { "type": "Polygon", "coordinates": [ [ [ -108.002838447583727, 34.988646958230873 ], [ -108.002838447583727, 34.911334814035868 ], [ -108.097161552416267, 34.911334814035868 ], [ -108.097161552416267, 34.988646958230873 ], [ -108.002838447583727, 34.988646958230873 ] ] ] } },
{ "type": "Feature", "properties": { "POINT_X": -107.95, "POINT_Y": 34.95, "n": 421.0, "AGB_T_HA": 0.26525404551692383, "varTot": 1.7709737477198222, "AVG_YEAR": 2020 }, "geometry": { "type": "Polygon", "coordinates": [ [ [ -107.902838447583733, 34.988646958230873 ], [ -107.902838447583733, 34.911334814035868 ], [ -107.997161552416273, 34.911334814035868 ], [ -107.997161552416273, 34.988646958230873 ], [ -107.902838447583733, 34.988646958230873 ] ] ] } },
{ "type": "Feature", "properties": { "POINT_X": 132.35, "POINT_Y": 34.95, "n": 6.0, "AGB_T_HA": 25.848013, "varTot": 162.18096787990876, "AVG_YEAR": 2020 }, "geometry": { "type": "Polygon", "coordinates": [ [ [ 132.397161552416236, 34.988646958230873 ], [ 132.397161552416236, 34.911334814035868 ], [ 132.302838447583696, 34.911334814035868 ], [ 132.302838447583696, 34.988646958230873 ], [ 132.397161552416236, 34.988646958230873 ] ] ] } },
{ "type": "Feature", "properties": { "POINT_X": 133.85, "POINT_Y": 34.95, "n": 5.0, "AGB_T_HA": 16.7281632, "varTot": 186.42638541019488, "AVG_YEAR": 2020 }, "geometry": { "type": "Polygon", "coordinates": [ [ [ 133.897161552416264, 34.988646958230873 ], [ 133.897161552416264, 34.911334814035868 ], [ 133.802838447583696, 34.911334814035868 ], [ 133.802838447583696, 34.988646958230873 ], [ 133.897161552416264, 34.988646958230873 ] ] ] } },
{ "type": "Feature", "properties": { "POINT_X": -108.15, "POINT_Y": 35.05, "n": 7.0, "AGB_T_HA": 7.4229810862499965, "varTot": 97.81128505412947, "AVG_YEAR": 2020 }, "geometry": { "type": "Polygon", "coordinates": [ [ [ -108.102838447583736, 35.088599734192208 ], [ -108.102838447583736, 35.011382014901521 ], [ -108.197161552416276, 35.011382014901521 ], [ -108.197161552416276, 35.088599734192208 ], [ -108.102838447583736, 35.088599734192208 ] ] ] } },
{ "type": "Feature", "properties": { "POINT_X": -108.05, "POINT_Y": 35.05, "n": 63.0, "AGB_T_HA": 3.5997732880126985, "varTot": 10.923123558363278, "AVG_YEAR": 2020 }, "geometry": { "type": "Polygon", "coordinates": [ [ [ -108.002838447583727, 35.088599734192208 ], [ -108.002838447583727, 35.011382014901521 ], [ -108.097161552416267, 35.011382014901521 ], [ -108.097161552416267, 35.088599734192208 ], [ -108.002838447583727, 35.088599734192208 ] ] ] } },
{ "type": "Feature", "properties": { "POINT_X": -107.95, "POINT_Y": 35.05, "n": 500.0, "AGB_T_HA": 1.9687666755752748, "varTot": 1.4018186255732517, "AVG_YEAR": 2020 }, "geometry": { "type": "Polygon", "coordinates": [ [ [ -107.902838447583733, 35.088599734192208 ], [ -107.902838447583733, 35.011382014901521 ], [ -107.997161552416273, 35.011382014901521 ], [ -107.997161552416273, 35.088599734192208 ], [ -107.902838447583733, 35.088599734192208 ] ] ] } },
{ "type": "Feature", "properties": { "POINT_X": 133.45, "POINT_Y": 35.05, "n": 5.0, "AGB_T_HA": 14.4193392, "varTot": 142.33855096924222, "AVG_YEAR": 2020 }, "geometry": { "type": "Polygon", "coordinates": [ [ [ 133.497161552416287, 35.088599734192208 ], [ 133.497161552416287, 35.011382014901521 ], [ 133.402838447583747, 35.011382014901521 ], [ 133.402838447583747, 35.088599734192208 ], [ 133.497161552416287, 35.088599734192208 ] ] ] } },
{ "type": "Feature", "properties": { "POINT_X": 137.35, "POINT_Y": 35.05, "n": 7.0, "AGB_T_HA": 34.339531875, "varTot": 160.44350456004418, "AVG_YEAR": 2020 }, "geometry": { "type": "Polygon", "coordinates": [ [ [ 137.397161552416264, 35.088599734192208 ], [ 137.397161552416264, 35.011382014901521 ], [ 137.302838447583724, 35.011382014901521 ], [ 137.302838447583724, 35.088599734192208 ], [ 137.397161552416264, 35.088599734192208 ] ] ] } },
{ "type": "Feature", "properties": { "POINT_X": -108.05, "POINT_Y": 35.15, "n": 165.0, "AGB_T_HA": 5.1971647443066651, "varTot": 4.1598113948197364, "AVG_YEAR": 2020 }, "geometry": { "type": "Polygon", "coordinates": [ [ [ -108.002838447583727, 35.188552392655431 ], [ -108.002838447583727, 35.111429333487656 ], [ -108.097161552416267, 35.111429333487656 ], [ -108.097161552416267, 35.188552392655431 ], [ -108.002838447583727, 35.188552392655431 ] ] ] } },
{ "type": "Feature", "properties": { "POINT_X": -107.95, "POINT_Y": 35.15, "n": 537.0, "AGB_T_HA": 0.23046979078282137, "varTot": 1.2785773111039029, "AVG_YEAR": 2020 }, "geometry": { "type": "Polygon", "coordinates": [ [ [ -107.902838447583733, 35.188552392655431 ], [ -107.902838447583733, 35.111429333487656 ], [ -107.997161552416273, 35.111429333487656 ], [ -107.997161552416273, 35.188552392655431 ], [ -107.902838447583733, 35.188552392655431 ] ] ] } },
{ "type": "Feature", "properties": { "POINT_X": 132.95, "POINT_Y": 35.15, "n": 5.0, "AGB_T_HA": 25.8856103625, "varTot": 195.52296673872573, "AVG_YEAR": 2020 }, "geometry": { "type": "Polygon", "coordinates": [ [ [ 132.997161552416287, 35.188552392655431 ], [ 132.997161552416287, 35.111429333487656 ], [ 132.902838447583747, 35.111429333487656 ], [ 132.902838447583747, 35.188552392655431 ], [ 132.997161552416287, 35.188552392655431 ] ] ] } },
{ "type": "Feature", "properties": { "POINT_X": -111.55, "POINT_Y": 35.25, "n": 28.0, "AGB_T_HA": 9.1590006327142888, "varTot": 28.234042435762149, "AVG_YEAR": 2020 }, "geometry": { "type": "Polygon", "coordinates": [ [ [ -111.502838447583727, 35.288504933764862 ], [ -111.502838447583727, 35.211476769650254 ], [ -111.597161552416267, 35.211476769650254 ], [ -111.597161552416267, 35.288504933764862 ], [ -111.502838447583727, 35.288504933764862 ] ] ] } },
{ "type": "Feature", "properties": { "POINT_X": -111.45, "POINT_Y": 35.25, "n": 698.0, "AGB_T_HA": 2.6001522717944119, "varTot": 1.1179590600343827, "AVG_YEAR": 2020 }, "geometry": { "type": "Polygon", "coordinates": [ [ [ -111.402838447583719, 35.288504933764862 ], [ -111.402838447583719, 35.211476769650254 ], [ -111.497161552416273, 35.211476769650254 ], [ -111.497161552416273, 35.288504933764862 ], [ -111.402838447583719, 35.288504933764862 ] ] ] } },
{ "type": "Feature", "properties": { "POINT_X": -111.35, "POINT_Y": 35.25, "n": 107.0, "AGB_T_HA": 0.0092047007383177469, "varTot": 7.411492704793555, "AVG_YEAR": 2020 }, "geometry": { "type": "Polygon", "coordinates": [ [ [ -111.302838447583724, 35.288504933764862 ], [ -111.302838447583724, 35.211476769650254 ], [ -111.397161552416264, 35.211476769650254 ], [ -111.397161552416264, 35.288504933764862 ], [ -111.302838447583724, 35.288504933764862 ] ] ] } },
{ "type": "Feature", "properties": { "POINT_X": 133.45, "POINT_Y": 35.25, "n": 6.0, "AGB_T_HA": 31.17756225, "varTot": 170.41610447126155, "AVG_YEAR": 2020 }, "geometry": { "type": "Polygon", "coordinates": [ [ [ 133.497161552416287, 35.288504933764862 ], [ 133.497161552416287, 35.211476769650254 ], [ 133.402838447583747, 35.211476769650254 ], [ 133.402838447583747, 35.288504933764862 ], [ 133.497161552416287, 35.288504933764862 ] ] ] } },
{ "type": "Feature", "properties": { "POINT_X": 133.85, "POINT_Y": 35.25, "n": 5.0, "AGB_T_HA": 27.566462587500002, "varTot": 162.47587166072407, "AVG_YEAR": 2020 }, "geometry": { "type": "Polygon", "coordinates": [ [ [ 133.897161552416264, 35.288504933764862 ], [ 133.897161552416264, 35.211476769650254 ], [ 133.802838447583696, 35.211476769650254 ], [ 133.802838447583696, 35.288504933764862 ], [ 133.897161552416264, 35.288504933764862 ] ] ] } },
{ "type": "Feature", "properties": { "POINT_X": 134.75, "POINT_Y": 35.25, "n": 5.0, "AGB_T_HA": 50.89231605, "varTot": 190.81309514790004, "AVG_YEAR": 2020 }, "geometry": { "type": "Polygon", "coordinates": [ [ [ 134.79716155241627, 35.288504933764862 ], [ 134.79716155241627, 35.211476769650254 ], [ 134.70283844758373, 35.211476769650254 ], [ 134.70283844758373, 35.288504933764862 ], [ 134.79716155241627, 35.288504933764862 ] ] ] } },
{ "type": "Feature", "properties": { "POINT_X": 137.35, "POINT_Y": 35.25, "n": 5.0, "AGB_T_HA": 34.338525675000007, "varTot": 236.75844861959331, "AVG_YEAR": 2020 }, "geometry": { "type": "Polygon", "coordinates": [ [ [ 137.397161552416264, 35.288504933764862 ], [ 137.397161552416264, 35.211476769650254 ], [ 137.302838447583724, 35.211476769650254 ], [ 137.302838447583724, 35.288504933764862 ], [ 137.397161552416264, 35.288504933764862 ] ] ] } },
{ "type": "Feature", "properties": { "POINT_X": 137.75, "POINT_Y": 35.25, "n": 5.0, "AGB_T_HA": 30.683432812499998, "varTot": 204.79665307185525, "AVG_YEAR": 2020 }, "geometry": { "type": "Polygon", "coordinates": [ [ [ 137.79716155241627, 35.288504933764862 ], [ 137.79716155241627, 35.211476769650254 ], [ 137.70283844758373, 35.211476769650254 ], [ 137.70283844758373, 35.288504933764862 ], [ 137.79716155241627, 35.288504933764862 ] ] ] } },
{ "type": "Feature", "properties": { "POINT_X": -111.55, "POINT_Y": 35.35, "n": 46.0, "AGB_T_HA": 9.1502782417241839, "varTot": 17.332770676562919, "AVG_YEAR": 2020 }, "geometry": { "type": "Polygon", "coordinates": [ [ [ -111.502838447583727, 35.388457357665182 ], [ -111.502838447583727, 35.311524323244903 ], [ -111.597161552416267, 35.311524323244903 ], [ -111.597161552416267, 35.388457357665182 ], [ -111.502838447583727, 35.388457357665182 ] ] ] } },
{ "type": "Feature", "properties": { "POINT_X": -111.45, "POINT_Y": 35.35, "n": 330.0, "AGB_T_HA": 2.9325690436041687, "varTot": 2.4388551114529902, "AVG_YEAR": 2020 }, "geometry": { "type": "Polygon", "coordinates": [ [ [ -111.402838447583719, 35.388457357665182 ], [ -111.402838447583719, 35.311524323244903 ], [ -111.497161552416273, 35.311524323244903 ], [ -111.497161552416273, 35.388457357665182 ], [ -111.402838447583719, 35.388457357665182 ] ] ] } },
{ "type": "Feature", "properties": { "POINT_X": -111.35, "POINT_Y": 35.35, "n": 165.0, "AGB_T_HA": 0.024950052012500005, "varTot": 4.85889543700746, "AVG_YEAR": 2020 }, "geometry": { "type": "Polygon", "coordinates": [ [ [ -111.302838447583724, 35.388457357665182 ], [ -111.302838447583724, 35.311524323244903 ], [ -111.397161552416264, 35.311524323244903 ], [ -111.397161552416264, 35.388457357665182 ], [ -111.302838447583724, 35.388457357665182 ] ] ] } },
{ "type": "Feature", "properties": { "POINT_X": 134.55, "POINT_Y": 35.35, "n": 5.0, "AGB_T_HA": 29.49712605, "varTot": 153.29375209387274, "AVG_YEAR": 2020 }, "geometry": { "type": "Polygon", "coordinates": [ [ [ 134.597161552416253, 35.388457357665182 ], [ 134.597161552416253, 35.311524323244903 ], [ 134.502838447583713, 35.311524323244903 ], [ 134.502838447583713, 35.388457357665182 ], [ 134.597161552416253, 35.388457357665182 ] ] ] } },
{ "type": "Feature", "properties": { "POINT_X": 134.85, "POINT_Y": 35.35, "n": 5.0, "AGB_T_HA": 27.046757925000001, "varTot": 205.50117043647043, "AVG_YEAR": 2020 }, "geometry": { "type": "Polygon", "coordinates": [ [ [ 134.897161552416264, 35.388457357665182 ], [ 134.897161552416264, 35.311524323244903 ], [ 134.802838447583724, 35.311524323244903 ], [ 134.802838447583724, 35.388457357665182 ], [ 134.897161552416264, 35.388457357665182 ] ] ] } },
{ "type": "Feature", "properties": { "POINT_X": 138.45, "POINT_Y": 35.35, "n": 5.0, "AGB_T_HA": 25.254200324999996, "varTot": 201.07504568771017, "AVG_YEAR": 2020 }, "geometry": { "type": "Polygon", "coordinates": [ [ [ 138.497161552416287, 35.388457357665182 ], [ 138.497161552416287, 35.311524323244903 ], [ 138.402838447583719, 35.311524323244903 ], [ 138.402838447583719, 35.388457357665182 ], [ 138.497161552416287, 35.388457357665182 ] ] ] } },
{ "type": "Feature", "properties": { "POINT_X": -111.55, "POINT_Y": 35.45, "n": 268.0, "AGB_T_HA": 1.5229506197434686, "varTot": 2.9488384042443001, "AVG_YEAR": 2020 }, "geometry": { "type": "Polygon", "coordinates": [ [ [ -111.502838447583727, 35.488409664501397 ], [ -111.502838447583727, 35.411571994126867 ], [ -111.597161552416267, 35.411571994126867 ], [ -111.597161552416267, 35.488409664501397 ], [ -111.502838447583727, 35.488409664501397 ] ] ] } },
{ "type": "Feature", "properties": { "POINT_X": 136.35, "POINT_Y": 35.45, "n": 6.0, "AGB_T_HA": 24.38336775, "varTot": 179.59532360735895, "AVG_YEAR": 2020 }, "geometry": { "type": "Polygon", "coordinates": [ [ [ 136.397161552416264, 35.488409664501397 ], [ 136.397161552416264, 35.411571994126867 ], [ 136.302838447583696, 35.411571994126867 ], [ 136.302838447583696, 35.488409664501397 ], [ 136.397161552416264, 35.488409664501397 ] ] ] } },
{ "type": "Feature", "properties": { "POINT_X": 137.35, "POINT_Y": 35.45, "n": 6.0, "AGB_T_HA": 29.865484687500004, "varTot": 188.3497266022824, "AVG_YEAR": 2020 }, "geometry": { "type": "Polygon", "coordinates": [ [ [ 137.397161552416264, 35.488409664501397 ], [ 137.397161552416264, 35.411571994126867 ], [ 137.302838447583724, 35.411571994126867 ], [ 137.302838447583724, 35.488409664501397 ], [ 137.397161552416264, 35.488409664501397 ] ] ] } },
{ "type": "Feature", "properties": { "POINT_X": 138.05, "POINT_Y": 35.45, "n": 6.0, "AGB_T_HA": 22.685232374999998, "varTot": 144.4730509757286, "AVG_YEAR": 2020 }, "geometry": { "type": "Polygon", "coordinates": [ [ [ 138.097161552416281, 35.488409664501397 ], [ 138.097161552416281, 35.411571994126867 ], [ 138.002838447583713, 35.411571994126867 ], [ 138.002838447583713, 35.488409664501397 ], [ 138.097161552416281, 35.488409664501397 ] ] ] } },
{ "type": "Feature", "properties": { "POINT_X": 135.85, "POINT_Y": 35.55, "n": 5.0, "AGB_T_HA": 18.02625, "varTot": 175.71810939319968, "AVG_YEAR": 2020 }, "geometry": { "type": "Polygon", "coordinates": [ [ [ 135.897161552416264, 35.588361854418913 ], [ 135.897161552416264, 35.511619782151037 ], [ 135.802838447583724, 35.511619782151037 ], [ 135.802838447583724, 35.588361854418913 ], [ 135.897161552416264, 35.588361854418913 ] ] ] } },
{ "type": "Feature", "properties": { "POINT_X": 137.65, "POINT_Y": 35.55, "n": 5.0, "AGB_T_HA": 32.103489374999995, "varTot": 227.4594110898002, "AVG_YEAR": 2020 }, "geometry": { "type": "Polygon", "coordinates": [ [ [ 137.697161552416276, 35.588361854418913 ], [ 137.697161552416276, 35.511619782151037 ], [ 137.602838447583736, 35.511619782151037 ], [ 137.602838447583736, 35.588361854418913 ], [ 137.697161552416276, 35.588361854418913 ] ] ] } },
{ "type": "Feature", "properties": { "POINT_X": -83.55, "POINT_Y": 35.65, "n": 1741.0, "AGB_T_HA": 227.77778080335125, "varTot": 0.38569456299621158, "AVG_YEAR": 2017 }, "geometry": { "type": "Polygon", "coordinates": [ [ [ -83.502838447583727, 35.688313927563442 ], [ -83.502838447583727, 35.611667687171909 ], [ -83.597161552416281, 35.611667687171909 ], [ -83.597161552416281, 35.688313927563442 ], [ -83.502838447583727, 35.688313927563442 ] ] ] } },
{ "type": "Feature", "properties": { "POINT_X": -83.45, "POINT_Y": 35.65, "n": 1576.0, "AGB_T_HA": 178.63603791062684, "varTot": 0.30987992475275894, "AVG_YEAR": 2017 }, "geometry": { "type": "Polygon", "coordinates": [ [ [ -83.402838447583719, 35.688313927563442 ], [ -83.402838447583719, 35.611667687171909 ], [ -83.497161552416273, 35.611667687171909 ], [ -83.497161552416273, 35.688313927563442 ], [ -83.402838447583719, 35.688313927563442 ] ] ] } },
{ "type": "Feature", "properties": { "POINT_X": -83.35, "POINT_Y": 35.65, "n": 703.0, "AGB_T_HA": 180.73924365747865, "varTot": 0.70154416388809526, "AVG_YEAR": 2017 }, "geometry": { "type": "Polygon", "coordinates": [ [ [ -83.302838447583724, 35.688313927563442 ], [ -83.302838447583724, 35.611667687171909 ], [ -83.397161552416264, 35.611667687171909 ], [ -83.397161552416264, 35.688313927563442 ], [ -83.302838447583724, 35.688313927563442 ] ] ] } },
{ "type": "Feature", "properties": { "POINT_X": -83.25, "POINT_Y": 35.65, "n": 64.0, "AGB_T_HA": 131.73501590399212, "varTot": 8.876185697129845, "AVG_YEAR": 2017 }, "geometry": { "type": "Polygon", "coordinates": [ [ [ -83.202838447583716, 35.688313927563442 ], [ -83.202838447583716, 35.611667687171909 ], [ -83.29716155241627, 35.611667687171909 ], [ -83.29716155241627, 35.688313927563442 ], [ -83.202838447583716, 35.688313927563442 ] ] ] } },
{ "type": "Feature", "properties": { "POINT_X": 138.95, "POINT_Y": 35.65, "n": 5.0, "AGB_T_HA": 22.959441, "varTot": 196.93314426609996, "AVG_YEAR": 2020 }, "geometry": { "type": "Polygon", "coordinates": [ [ [ 138.997161552416259, 35.688313927563442 ], [ 138.997161552416259, 35.611667687171909 ], [ 138.902838447583719, 35.611667687171909 ], [ 138.902838447583719, 35.688313927563442 ], [ 138.997161552416259, 35.688313927563442 ] ] ] } },
{ "type": "Feature", "properties": { "POINT_X": -112.05, "POINT_Y": 35.75, "n": 77.0, "AGB_T_HA": 0.0, "varTot": 9.81133267798036, "AVG_YEAR": 2020 }, "geometry": { "type": "Polygon", "coordinates": [ [ [ -112.002838447583727, 35.788265884081092 ], [ -112.002838447583727, 35.711715709043695 ], [ -112.097161552416281, 35.711715709043695 ], [ -112.097161552416281, 35.788265884081092 ], [ -112.002838447583727, 35.788265884081092 ] ] ] } },
{ "type": "Feature", "properties": { "POINT_X": -83.25, "POINT_Y": 35.75, "n": 58.0, "AGB_T_HA": 132.09474548439115, "varTot": 10.678479286758602, "AVG_YEAR": 2017 }, "geometry": { "type": "Polygon", "coordinates": [ [ [ -83.202838447583716, 35.788265884081092 ], [ -83.202838447583716, 35.711715709043695 ], [ -83.29716155241627, 35.711715709043695 ], [ -83.29716155241627, 35.788265884081092 ], [ -83.202838447583716, 35.788265884081092 ] ] ] } },
{ "type": "Feature", "properties": { "POINT_X": 137.65, "POINT_Y": 35.75, "n": 5.0, "AGB_T_HA": 41.7400578, "varTot": 246.5039471307081, "AVG_YEAR": 2020 }, "geometry": { "type": "Polygon", "coordinates": [ [ [ 137.697161552416276, 35.788265884081092 ], [ 137.697161552416276, 35.711715709043695 ], [ 137.602838447583736, 35.711715709043695 ], [ 137.602838447583736, 35.788265884081092 ], [ 137.697161552416276, 35.788265884081092 ] ] ] } },
{ "type": "Feature", "properties": { "POINT_X": -112.25, "POINT_Y": 35.85, "n": 716.0, "AGB_T_HA": 0.0, "varTot": 1.0776849030619851, "AVG_YEAR": 2020 }, "geometry": { "type": "Polygon", "coordinates": [ [ [ -112.202838447583716, 35.88821772411832 ], [ -112.202838447583716, 35.811763847620199 ], [ -112.29716155241627, 35.811763847620199 ], [ -112.29716155241627, 35.88821772411832 ], [ -112.202838447583716, 35.88821772411832 ] ] ] } },
{ "type": "Feature", "properties": { "POINT_X": -112.15, "POINT_Y": 35.85, "n": 6209.0, "AGB_T_HA": 0.054795223278013706, "varTot": 0.12492812220066023, "AVG_YEAR": 2020 }, "geometry": { "type": "Polygon", "coordinates": [ [ [ -112.102838447583736, 35.88821772411832 ], [ -112.102838447583736, 35.811763847620199 ], [ -112.197161552416276, 35.811763847620199 ], [ -112.197161552416276, 35.88821772411832 ], [ -112.102838447583736, 35.88821772411832 ] ] ] } },
{ "type": "Feature", "properties": { "POINT_X": -112.05, "POINT_Y": 35.85, "n": 3131.0, "AGB_T_HA": 2.9637290696774885, "varTot": 0.24764157338342935, "AVG_YEAR": 2020 }, "geometry": { "type": "Polygon", "coordinates": [ [ [ -112.002838447583727, 35.88821772411832 ], [ -112.002838447583727, 35.811763847620199 ], [ -112.097161552416281, 35.811763847620199 ], [ -112.097161552416281, 35.88821772411832 ], [ -112.002838447583727, 35.88821772411832 ] ] ] } },
{ "type": "Feature", "properties": { "POINT_X": 136.35, "POINT_Y": 35.85, "n": 6.0, "AGB_T_HA": 29.856530624999998, "varTot": 128.77044429375488, "AVG_YEAR": 2020 }, "geometry": { "type": "Polygon", "coordinates": [ [ [ 136.397161552416264, 35.88821772411832 ], [ 136.397161552416264, 35.811763847620199 ], [ 136.302838447583696, 35.811763847620199 ], [ 136.302838447583696, 35.88821772411832 ], [ 136.397161552416264, 35.88821772411832 ] ] ] } },
{ "type": "Feature", "properties": { "POINT_X": 137.35, "POINT_Y": 35.85, "n": 6.0, "AGB_T_HA": 25.3340405625, "varTot": 161.00669443380434, "AVG_YEAR": 2020 }, "geometry": { "type": "Polygon", "coordinates": [ [ [ 137.397161552416264, 35.88821772411832 ], [ 137.397161552416264, 35.811763847620199 ], [ 137.302838447583724, 35.811763847620199 ], [ 137.302838447583724, 35.88821772411832 ], [ 137.397161552416264, 35.88821772411832 ] ] ] } },
{ "type": "Feature", "properties": { "POINT_X": 137.55, "POINT_Y": 35.85, "n": 5.0, "AGB_T_HA": 28.164022875000001, "varTot": 186.04720793315448, "AVG_YEAR": 2020 }, "geometry": { "type": "Polygon", "coordinates": [ [ [ 137.597161552416281, 35.88821772411832 ], [ 137.597161552416281, 35.811763847620199 ], [ 137.502838447583741, 35.811763847620199 ], [ 137.502838447583741, 35.88821772411832 ], [ 137.597161552416281, 35.88821772411832 ] ] ] } },
{ "type": "Feature", "properties": { "POINT_X": -112.25, "POINT_Y": 35.95, "n": 822.0, "AGB_T_HA": 0.20646380622323598, "varTot": 0.95485991892462474, "AVG_YEAR": 2020 }, "geometry": { "type": "Polygon", "coordinates": [ [ [ -112.202838447583716, 35.988169447821917 ], [ -112.202838447583716, 35.911812102754865 ], [ -112.29716155241627, 35.911812102754865 ], [ -112.29716155241627, 35.988169447821917 ], [ -112.202838447583716, 35.988169447821917 ] ] ] } },
{ "type": "Feature", "properties": { "POINT_X": -112.15, "POINT_Y": 35.95, "n": 1341.0, "AGB_T_HA": 4.226083953155622, "varTot": 0.58359857069973575, "AVG_YEAR": 2020 }, "geometry": { "type": "Polygon", "coordinates": [ [ [ -112.102838447583736, 35.988169447821917 ], [ -112.102838447583736, 35.911812102754865 ], [ -112.197161552416276, 35.911812102754865 ], [ -112.197161552416276, 35.988169447821917 ], [ -112.102838447583736, 35.988169447821917 ] ] ] } },
{ "type": "Feature", "properties": { "POINT_X": -112.05, "POINT_Y": 35.95, "n": 155.0, "AGB_T_HA": 12.980165728258063, "varTot": 5.0517611697493798, "AVG_YEAR": 2020 }, "geometry": { "type": "Polygon", "coordinates": [ [ [ -112.002838447583727, 35.988169447821917 ], [ -112.002838447583727, 35.911812102754865 ], [ -112.097161552416281, 35.911812102754865 ], [ -112.097161552416281, 35.988169447821917 ], [ -112.002838447583727, 35.988169447821917 ] ] ] } },
{ "type": "Feature", "properties": { "POINT_X": 138.05, "POINT_Y": 36.15, "n": 6.0, "AGB_T_HA": 26.411572406250002, "varTot": 131.13312758818307, "AVG_YEAR": 2020 }, "geometry": { "type": "Polygon", "coordinates": [ [ [ 138.097161552416281, 36.18807254681716 ], [ 138.097161552416281, 36.111908962110782 ], [ 138.002838447583713, 36.111908962110782 ], [ 138.002838447583713, 36.18807254681716 ], [ 138.097161552416281, 36.18807254681716 ] ] ] } },
{ "type": "Feature", "properties": { "POINT_X": 138.45, "POINT_Y": 36.15, "n": 5.0, "AGB_T_HA": 17.4042939, "varTot": 156.04226264444642, "AVG_YEAR": 2020 }, "geometry": { "type": "Polygon", "coordinates": [ [ [ 138.497161552416287, 36.18807254681716 ], [ 138.497161552416287, 36.111908962110782 ], [ 138.402838447583719, 36.111908962110782 ], [ 138.402838447583719, 36.18807254681716 ], [ 138.497161552416287, 36.18807254681716 ] ] ] } },
{ "type": "Feature", "properties": { "POINT_X": -106.25, "POINT_Y": 36.25, "n": 101.0, "AGB_T_HA": 0.15189273190160901, "varTot": 6.8174385123322336, "AVG_YEAR": 2020 }, "geometry": { "type": "Polygon", "coordinates": [ [ [ -106.202838447583716, 36.2880239224042 ], [ -106.202838447583716, 36.211957566037171 ], [ -106.29716155241627, 36.211957566037171 ], [ -106.29716155241627, 36.2880239224042 ], [ -106.202838447583716, 36.2880239224042 ] ] ] } },
{ "type": "Feature", "properties": { "POINT_X": -106.15, "POINT_Y": 36.25, "n": 19.0, "AGB_T_HA": 0.027332857832236809, "varTot": 36.303771096629525, "AVG_YEAR": 2020 }, "geometry": { "type": "Polygon", "coordinates": [ [ [ -106.102838447583736, 36.2880239224042 ], [ -106.102838447583736, 36.211957566037171 ], [ -106.19716155241629, 36.211957566037171 ], [ -106.19716155241629, 36.2880239224042 ], [ -106.102838447583736, 36.2880239224042 ] ] ] } },
{ "type": "Feature", "properties": { "POINT_X": 137.15, "POINT_Y": 36.25, "n": 5.0, "AGB_T_HA": 27.403157137499999, "varTot": 157.25570179860466, "AVG_YEAR": 2020 }, "geometry": { "type": "Polygon", "coordinates": [ [ [ 137.197161552416276, 36.2880239224042 ], [ 137.197161552416276, 36.211957566037171 ], [ 137.102838447583736, 36.211957566037171 ], [ 137.102838447583736, 36.2880239224042 ], [ 137.197161552416276, 36.2880239224042 ] ] ] } },
{ "type": "Feature", "properties": { "POINT_X": 137.65, "POINT_Y": 36.25, "n": 5.0, "AGB_T_HA": 25.520944875000001, "varTot": 152.90047164444357, "AVG_YEAR": 2020 }, "geometry": { "type": "Polygon", "coordinates": [ [ [ 137.697161552416276, 36.2880239224042 ], [ 137.697161552416276, 36.211957566037171 ], [ 137.602838447583736, 36.211957566037171 ], [ 137.602838447583736, 36.2880239224042 ], [ 137.697161552416276, 36.2880239224042 ] ] ] } },
{ "type": "Feature", "properties": { "POINT_X": -106.25, "POINT_Y": 36.35, "n": 1291.0, "AGB_T_HA": 12.031392170762834, "varTot": 0.34122733256738508, "AVG_YEAR": 2020 }, "geometry": { "type": "Polygon", "coordinates": [ [ [ -106.202838447583716, 36.387975182248333 ], [ -106.202838447583716, 36.312006285932014 ], [ -106.29716155241627, 36.312006285932014 ], [ -106.29716155241627, 36.387975182248333 ], [ -106.202838447583716, 36.387975182248333 ] ] ] } },
{ "type": "Feature", "properties": { "POINT_X": -106.15, "POINT_Y": 36.35, "n": 1209.0, "AGB_T_HA": 5.149271949152193, "varTot": 0.35529755594319251, "AVG_YEAR": 2020 }, "geometry": { "type": "Polygon", "coordinates": [ [ [ -106.102838447583736, 36.387975182248333 ], [ -106.102838447583736, 36.312006285932014 ], [ -106.19716155241629, 36.312006285932014 ], [ -106.19716155241629, 36.387975182248333 ], [ -106.102838447583736, 36.387975182248333 ] ] ] } },
{ "type": "Feature", "properties": { "POINT_X": 136.55, "POINT_Y": 36.35, "n": 5.0, "AGB_T_HA": 21.439584, "varTot": 144.02374988009953, "AVG_YEAR": 2020 }, "geometry": { "type": "Polygon", "coordinates": [ [ [ 136.597161552416253, 36.387975182248333 ], [ 136.597161552416253, 36.312006285932014 ], [ 136.502838447583713, 36.312006285932014 ], [ 136.502838447583713, 36.387975182248333 ], [ 136.597161552416253, 36.387975182248333 ] ] ] } },
{ "type": "Feature", "properties": { "POINT_X": 137.35, "POINT_Y": 36.55, "n": 5.0, "AGB_T_HA": 34.1723949, "varTot": 160.33508742317747, "AVG_YEAR": 2020 }, "geometry": { "type": "Polygon", "coordinates": [ [ [ 137.397161552416264, 36.58787735530251 ], [ 137.397161552416264, 36.51210407303347 ], [ 137.302838447583724, 36.51210407303347 ], [ 137.302838447583724, 36.58787735530251 ], [ 137.397161552416264, 36.58787735530251 ] ] ] } },
{ "type": "Feature", "properties": { "POINT_X": 137.65, "POINT_Y": 36.65, "n": 5.0, "AGB_T_HA": 21.3326676, "varTot": 149.92298146256564, "AVG_YEAR": 2020 }, "geometry": { "type": "Polygon", "coordinates": [ [ [ 137.697161552416276, 36.687828268810719 ], [ 137.697161552416276, 36.612153139942357 ], [ 137.602838447583736, 36.612153139942357 ], [ 137.602838447583736, 36.687828268810719 ], [ 137.697161552416276, 36.687828268810719 ] ] ] } },
{ "type": "Feature", "properties": { "POINT_X": 137.95, "POINT_Y": 36.65, "n": 6.0, "AGB_T_HA": 23.829801937500001, "varTot": 121.4347481343152, "AVG_YEAR": 2020 }, "geometry": { "type": "Polygon", "coordinates": [ [ [ 137.997161552416287, 36.687828268810719 ], [ 137.997161552416287, 36.612153139942357 ], [ 137.902838447583747, 36.612153139942357 ], [ 137.902838447583747, 36.687828268810719 ], [ 137.997161552416287, 36.687828268810719 ] ] ] } },
{ "type": "Feature", "properties": { "POINT_X": 138.85, "POINT_Y": 36.65, "n": 5.0, "AGB_T_HA": 33.68669175, "varTot": 162.94128650348134, "AVG_YEAR": 2020 }, "geometry": { "type": "Polygon", "coordinates": [ [ [ 138.897161552416236, 36.687828268810719 ], [ 138.897161552416236, 36.612153139942357 ], [ 138.802838447583696, 36.612153139942357 ], [ 138.802838447583696, 36.687828268810719 ], [ 138.897161552416236, 36.687828268810719 ] ] ] } },
{ "type": "Feature", "properties": { "POINT_X": 138.45, "POINT_Y": 36.75, "n": 6.0, "AGB_T_HA": 26.061177, "varTot": 125.15734763240172, "AVG_YEAR": 2020 }, "geometry": { "type": "Polygon", "coordinates": [ [ [ 138.497161552416287, 36.787779067172394 ], [ 138.497161552416287, 36.712202322224336 ], [ 138.402838447583719, 36.712202322224336 ], [ 138.402838447583719, 36.787779067172394 ], [ 138.497161552416287, 36.787779067172394 ] ] ] } },
{ "type": "Feature", "properties": { "POINT_X": 138.65, "POINT_Y": 36.75, "n": 5.0, "AGB_T_HA": 27.124740862500001, "varTot": 148.37027716333611, "AVG_YEAR": 2020 }, "geometry": { "type": "Polygon", "coordinates": [ [ [ 138.697161552416276, 36.787779067172394 ], [ 138.697161552416276, 36.712202322224336 ], [ 138.602838447583707, 36.712202322224336 ], [ 138.602838447583707, 36.787779067172394 ], [ 138.697161552416276, 36.787779067172394 ] ] ] } },
{ "type": "Feature", "properties": { "POINT_X": 139.15, "POINT_Y": 36.75, "n": 5.0, "AGB_T_HA": 27.442002, "varTot": 170.01644173669089, "AVG_YEAR": 2020 }, "geometry": { "type": "Polygon", "coordinates": [ [ [ 139.197161552416247, 36.787779067172394 ], [ 139.197161552416247, 36.712202322224336 ], [ 139.102838447583707, 36.712202322224336 ], [ 139.102838447583707, 36.787779067172394 ], [ 139.197161552416247, 36.787779067172394 ] ] ] } },
{ "type": "Feature", "properties": { "POINT_X": -107.75, "POINT_Y": 36.85, "n": 1553.0, "AGB_T_HA": 0.011669575542184481, "varTot": 0.32837364245781275, "AVG_YEAR": 2020 }, "geometry": { "type": "Polygon", "coordinates": [ [ [ -107.70283844758373, 36.887729750537503 ], [ -107.70283844758373, 36.812251619729651 ], [ -107.79716155241627, 36.812251619729651 ], [ -107.79716155241627, 36.887729750537503 ], [ -107.70283844758373, 36.887729750537503 ] ] ] } },
{ "type": "Feature", "properties": { "POINT_X": -107.65, "POINT_Y": 36.85, "n": 3894.0, "AGB_T_HA": 0.2750268516714176, "varTot": 0.12183485726078608, "AVG_YEAR": 2020 }, "geometry": { "type": "Polygon", "coordinates": [ [ [ -107.602838447583721, 36.887729750537503 ], [ -107.602838447583721, 36.812251619729651 ], [ -107.697161552416276, 36.812251619729651 ], [ -107.697161552416276, 36.887729750537503 ], [ -107.602838447583721, 36.887729750537503 ] ] ] } },
{ "type": "Feature", "properties": { "POINT_X": -119.35, "POINT_Y": 36.95, "n": 58.0, "AGB_T_HA": 37.739007678702635, "varTot": 7.1823071376931003, "AVG_YEAR": 2018 }, "geometry": { "type": "Polygon", "coordinates": [ [ [ -119.302838447583724, 36.987680319056345 ], [ -119.302838447583724, 36.912301032308221 ], [ -119.397161552416264, 36.912301032308221 ], [ -119.397161552416264, 36.987680319056345 ], [ -119.302838447583724, 36.987680319056345 ] ] ] } },
{ "type": "Feature", "properties": { "POINT_X": -119.25, "POINT_Y": 36.95, "n": 188.0, "AGB_T_HA": 70.837344439858782, "varTot": 2.1193344892597743, "AVG_YEAR": 2019 }, "geometry": { "type": "Polygon", "coordinates": [ [ [ -119.20283844758373, 36.987680319056345 ], [ -119.20283844758373, 36.912301032308221 ], [ -119.297161552416298, 36.912301032308221 ], [ -119.297161552416298, 36.987680319056345 ], [ -119.20283844758373, 36.987680319056345 ] ] ] } },
{ "type": "Feature", "properties": { "POINT_X": -119.05, "POINT_Y": 36.95, "n": 760.0, "AGB_T_HA": 195.88571262239483, "varTot": 1.015072001380745, "AVG_YEAR": 2018 }, "geometry": { "type": "Polygon", "coordinates": [ [ [ -119.002838447583741, 36.987680319056345 ], [ -119.002838447583741, 36.912301032308221 ], [ -119.097161552416281, 36.912301032308221 ], [ -119.097161552416281, 36.987680319056345 ], [ -119.002838447583741, 36.987680319056345 ] ] ] } },
{ "type": "Feature", "properties": { "POINT_X": -118.95, "POINT_Y": 36.95, "n": 261.0, "AGB_T_HA": 111.38697325452837, "varTot": 1.5731331276116223, "AVG_YEAR": 2019 }, "geometry": { "type": "Polygon", "coordinates": [ [ [ -118.902838447583719, 36.987680319056345 ], [ -118.902838447583719, 36.912301032308221 ], [ -118.997161552416273, 36.912301032308221 ], [ -118.997161552416273, 36.987680319056345 ], [ -118.902838447583719, 36.987680319056345 ] ] ] } },
{ "type": "Feature", "properties": { "POINT_X": -107.75, "POINT_Y": 36.95, "n": 4105.0, "AGB_T_HA": 0.5864870734618195, "varTot": 0.11623191059457599, "AVG_YEAR": 2020 }, "geometry": { "type": "Polygon", "coordinates": [ [ [ -107.70283844758373, 36.987680319056345 ], [ -107.70283844758373, 36.912301032308221 ], [ -107.79716155241627, 36.912301032308221 ], [ -107.79716155241627, 36.987680319056345 ], [ -107.70283844758373, 36.987680319056345 ] ] ] } },
{ "type": "Feature", "properties": { "POINT_X": -107.65, "POINT_Y": 36.95, "n": 7575.0, "AGB_T_HA": 2.613917483107314, "varTot": 0.061302281078960769, "AVG_YEAR": 2020 }, "geometry": { "type": "Polygon", "coordinates": [ [ [ -107.602838447583721, 36.987680319056345 ], [ -107.602838447583721, 36.912301032308221 ], [ -107.697161552416276, 36.912301032308221 ], [ -107.697161552416276, 36.987680319056345 ], [ -107.602838447583721, 36.987680319056345 ] ] ] } },
{ "type": "Feature", "properties": { "POINT_X": -119.75, "POINT_Y": 37.05, "n": 987.0, "AGB_T_HA": 0.033171341891560693, "varTot": 0.23598920656028491, "AVG_YEAR": 2018 }, "geometry": { "type": "Polygon", "coordinates": [ [ [ -119.702838447583716, 37.087630772879585 ], [ -119.702838447583716, 37.012350559809619 ], [ -119.79716155241627, 37.012350559809619 ], [ -119.79716155241627, 37.087630772879585 ], [ -119.702838447583716, 37.087630772879585 ] ] ] } },
{ "type": "Feature", "properties": { "POINT_X": -119.65, "POINT_Y": 37.05, "n": 210.0, "AGB_T_HA": 3.610115064440071, "varTot": 1.2297333577023613, "AVG_YEAR": 2018 }, "geometry": { "type": "Polygon", "coordinates": [ [ [ -119.602838447583721, 37.087630772879585 ], [ -119.602838447583721, 37.012350559809619 ], [ -119.697161552416276, 37.012350559809619 ], [ -119.697161552416276, 37.087630772879585 ], [ -119.602838447583721, 37.087630772879585 ] ] ] } },
{ "type": "Feature", "properties": { "POINT_X": -119.35, "POINT_Y": 37.05, "n": 310.0, "AGB_T_HA": 141.3915496690642, "varTot": 1.5893642860111801, "AVG_YEAR": 2019 }, "geometry": { "type": "Polygon", "coordinates": [ [ [ -119.302838447583724, 37.087630772879585 ], [ -119.302838447583724, 37.012350559809619 ], [ -119.397161552416264, 37.012350559809619 ], [ -119.397161552416264, 37.087630772879585 ], [ -119.302838447583724, 37.087630772879585 ] ] ] } },
{ "type": "Feature", "properties": { "POINT_X": -119.25, "POINT_Y": 37.05, "n": 1464.0, "AGB_T_HA": 172.98037004143004, "varTot": 0.38815240220275349, "AVG_YEAR": 2019 }, "geometry": { "type": "Polygon", "coordinates": [ [ [ -119.20283844758373, 37.087630772879585 ], [ -119.20283844758373, 37.012350559809619 ], [ -119.297161552416298, 37.012350559809619 ], [ -119.297161552416298, 37.087630772879585 ], [ -119.20283844758373, 37.087630772879585 ] ] ] } },
{ "type": "Feature", "properties": { "POINT_X": -119.15, "POINT_Y": 37.05, "n": 122.0, "AGB_T_HA": 159.34540962639755, "varTot": 4.595440668557357, "AVG_YEAR": 2019 }, "geometry": { "type": "Polygon", "coordinates": [ [ [ -119.102838447583736, 37.087630772879585 ], [ -119.102838447583736, 37.012350559809619 ], [ -119.197161552416276, 37.012350559809619 ], [ -119.197161552416276, 37.087630772879585 ], [ -119.102838447583736, 37.087630772879585 ] ] ] } },
{ "type": "Feature", "properties": { "POINT_X": -119.05, "POINT_Y": 37.05, "n": 1468.0, "AGB_T_HA": 108.23563106626585, "varTot": 0.34590359084899669, "AVG_YEAR": 2018 }, "geometry": { "type": "Polygon", "coordinates": [ [ [ -119.002838447583741, 37.087630772879585 ], [ -119.002838447583741, 37.012350559809619 ], [ -119.097161552416281, 37.012350559809619 ], [ -119.097161552416281, 37.087630772879585 ], [ -119.002838447583741, 37.087630772879585 ] ] ] } },
{ "type": "Feature", "properties": { "POINT_X": -118.95, "POINT_Y": 37.05, "n": 460.0, "AGB_T_HA": 67.648726806657947, "varTot": 0.92623019088234826, "AVG_YEAR": 2018 }, "geometry": { "type": "Polygon", "coordinates": [ [ [ -118.902838447583719, 37.087630772879585 ], [ -118.902838447583719, 37.012350559809619 ], [ -118.997161552416273, 37.012350559809619 ], [ -118.997161552416273, 37.087630772879585 ], [ -118.902838447583719, 37.087630772879585 ] ] ] } },
{ "type": "Feature", "properties": { "POINT_X": -112.25, "POINT_Y": 37.05, "n": 2432.0, "AGB_T_HA": 0.0, "varTot": 0.2999568524998576, "AVG_YEAR": 2020 }, "geometry": { "type": "Polygon", "coordinates": [ [ [ -112.202838447583716, 37.087630772879585 ], [ -112.202838447583716, 37.012350559809619 ], [ -112.29716155241627, 37.012350559809619 ], [ -112.29716155241627, 37.087630772879585 ], [ -112.202838447583716, 37.087630772879585 ] ] ] } },
{ "type": "Feature", "properties": { "POINT_X": -112.15, "POINT_Y": 37.05, "n": 3429.0, "AGB_T_HA": 0.00078031607911927599, "varTot": 0.21841828929254084, "AVG_YEAR": 2020 }, "geometry": { "type": "Polygon", "coordinates": [ [ [ -112.102838447583736, 37.087630772879585 ], [ -112.102838447583736, 37.012350559809619 ], [ -112.197161552416276, 37.012350559809619 ], [ -112.197161552416276, 37.087630772879585 ], [ -112.102838447583736, 37.087630772879585 ] ] ] } },
{ "type": "Feature", "properties": { "POINT_X": -112.05, "POINT_Y": 37.05, "n": 1160.0, "AGB_T_HA": 0.0, "varTot": 0.63856764830466206, "AVG_YEAR": 2020 }, "geometry": { "type": "Polygon", "coordinates": [ [ [ -112.002838447583727, 37.087630772879585 ], [ -112.002838447583727, 37.012350559809619 ], [ -112.097161552416281, 37.012350559809619 ], [ -112.097161552416281, 37.087630772879585 ], [ -112.002838447583727, 37.087630772879585 ] ] ] } },
{ "type": "Feature", "properties": { "POINT_X": -107.75, "POINT_Y": 37.05, "n": 445.0, "AGB_T_HA": 2.4400055896938215, "varTot": 0.62554633527841796, "AVG_YEAR": 2020 }, "geometry": { "type": "Polygon", "coordinates": [ [ [ -107.70283844758373, 37.087630772879585 ], [ -107.70283844758373, 37.012350559809619 ], [ -107.79716155241627, 37.012350559809619 ], [ -107.79716155241627, 37.087630772879585 ], [ -107.70283844758373, 37.087630772879585 ] ] ] } },
{ "type": "Feature", "properties": { "POINT_X": -107.65, "POINT_Y": 37.05, "n": 676.0, "AGB_T_HA": 1.7903460682327295, "varTot": 0.49732367802846145, "AVG_YEAR": 2020 }, "geometry": { "type": "Polygon", "coordinates": [ [ [ -107.602838447583721, 37.087630772879585 ], [ -107.602838447583721, 37.012350559809619 ], [ -107.697161552416276, 37.012350559809619 ], [ -107.697161552416276, 37.087630772879585 ], [ -107.602838447583721, 37.087630772879585 ] ] ] } },
{ "type": "Feature", "properties": { "POINT_X": 137.95, "POINT_Y": 37.05, "n": 5.0, "AGB_T_HA": 22.215545887500003, "varTot": 179.53155884772795, "AVG_YEAR": 2020 }, "geometry": { "type": "Polygon", "coordinates": [ [ [ 137.997161552416287, 37.087630772879585 ], [ 137.997161552416287, 37.012350559809619 ], [ 137.902838447583747, 37.012350559809619 ], [ 137.902838447583747, 37.087630772879585 ], [ 137.997161552416287, 37.087630772879585 ] ] ] } },
{ "type": "Feature", "properties": { "POINT_X": 139.15, "POINT_Y": 37.05, "n": 5.0, "AGB_T_HA": 25.1897166, "varTot": 148.26328264794412, "AVG_YEAR": 2020 }, "geometry": { "type": "Polygon", "coordinates": [ [ [ 139.197161552416247, 37.087630772879585 ], [ 139.197161552416247, 37.012350559809619 ], [ 139.102838447583707, 37.012350559809619 ], [ 139.102838447583707, 37.087630772879585 ], [ 139.197161552416247, 37.087630772879585 ] ] ] } },
{ "type": "Feature", "properties": { "POINT_X": -119.75, "POINT_Y": 37.15, "n": 627.0, "AGB_T_HA": 3.0107933782203227, "varTot": 0.40954846801714456, "AVG_YEAR": 2018 }, "geometry": { "type": "Polygon", "coordinates": [ [ [ -119.702838447583716, 37.187581112158227 ], [ -119.702838447583716, 37.112400202083052 ], [ -119.79716155241627, 37.112400202083052 ], [ -119.79716155241627, 37.187581112158227 ], [ -119.702838447583716, 37.187581112158227 ] ] ] } },
{ "type": "Feature", "properties": { "POINT_X": -119.65, "POINT_Y": 37.15, "n": 128.0, "AGB_T_HA": 11.586172232610119, "varTot": 1.9722789342594162, "AVG_YEAR": 2018 }, "geometry": { "type": "Polygon", "coordinates": [ [ [ -119.602838447583721, 37.187581112158227 ], [ -119.602838447583721, 37.112400202083052 ], [ -119.697161552416276, 37.112400202083052 ], [ -119.697161552416276, 37.187581112158227 ], [ -119.602838447583721, 37.187581112158227 ] ] ] } },
{ "type": "Feature", "properties": { "POINT_X": -119.25, "POINT_Y": 37.15, "n": 35.0, "AGB_T_HA": 181.40341818420245, "varTot": 20.540740034439313, "AVG_YEAR": 2019 }, "geometry": { "type": "Polygon", "coordinates": [ [ [ -119.20283844758373, 37.187581112158227 ], [ -119.20283844758373, 37.112400202083052 ], [ -119.297161552416298, 37.112400202083052 ], [ -119.297161552416298, 37.187581112158227 ], [ -119.20283844758373, 37.187581112158227 ] ] ] } },
{ "type": "Feature", "properties": { "POINT_X": -119.15, "POINT_Y": 37.15, "n": 9.0, "AGB_T_HA": 79.118336057936475, "varTot": 42.251468256159271, "AVG_YEAR": 2019 }, "geometry": { "type": "Polygon", "coordinates": [ [ [ -119.102838447583736, 37.187581112158227 ], [ -119.102838447583736, 37.112400202083052 ], [ -119.197161552416276, 37.112400202083052 ], [ -119.197161552416276, 37.187581112158227 ], [ -119.102838447583736, 37.187581112158227 ] ] ] } },
{ "type": "Feature", "properties": { "POINT_X": -119.05, "POINT_Y": 37.15, "n": 35.0, "AGB_T_HA": 34.760821964593823, "varTot": 8.4811854279558023, "AVG_YEAR": 2018 }, "geometry": { "type": "Polygon", "coordinates": [ [ [ -119.002838447583741, 37.187581112158227 ], [ -119.002838447583741, 37.112400202083052 ], [ -119.097161552416281, 37.112400202083052 ], [ -119.097161552416281, 37.187581112158227 ], [ -119.002838447583741, 37.187581112158227 ] ] ] } },
{ "type": "Feature", "properties": { "POINT_X": -118.95, "POINT_Y": 37.15, "n": 7.0, "AGB_T_HA": 26.922418944553684, "varTot": 37.262992731587623, "AVG_YEAR": 2018 }, "geometry": { "type": "Polygon", "coordinates": [ [ [ -118.902838447583719, 37.187581112158227 ], [ -118.902838447583719, 37.112400202083052 ], [ -118.997161552416273, 37.112400202083052 ], [ -118.997161552416273, 37.187581112158227 ], [ -118.902838447583719, 37.187581112158227 ] ] ] } },
{ "type": "Feature", "properties": { "POINT_X": -112.25, "POINT_Y": 37.15, "n": 607.0, "AGB_T_HA": 0.036279017539744635, "varTot": 1.1916340782168273, "AVG_YEAR": 2020 }, "geometry": { "type": "Polygon", "coordinates": [ [ [ -112.202838447583716, 37.187581112158227 ], [ -112.202838447583716, 37.112400202083052 ], [ -112.29716155241627, 37.112400202083052 ], [ -112.29716155241627, 37.187581112158227 ], [ -112.202838447583716, 37.187581112158227 ] ] ] } },
{ "type": "Feature", "properties": { "POINT_X": -112.15, "POINT_Y": 37.15, "n": 240.0, "AGB_T_HA": 0.077729322257812566, "varTot": 3.0137514526555229, "AVG_YEAR": 2020 }, "geometry": { "type": "Polygon", "coordinates": [ [ [ -112.102838447583736, 37.187581112158227 ], [ -112.102838447583736, 37.112400202083052 ], [ -112.197161552416276, 37.112400202083052 ], [ -112.197161552416276, 37.187581112158227 ], [ -112.102838447583736, 37.187581112158227 ] ] ] } },
{ "type": "Feature", "properties": { "POINT_X": -112.05, "POINT_Y": 37.15, "n": 239.0, "AGB_T_HA": 0.0, "varTot": 3.0183246045625469, "AVG_YEAR": 2020 }, "geometry": { "type": "Polygon", "coordinates": [ [ [ -112.002838447583727, 37.187581112158227 ], [ -112.002838447583727, 37.112400202083052 ], [ -112.097161552416281, 37.112400202083052 ], [ -112.097161552416281, 37.187581112158227 ], [ -112.002838447583727, 37.187581112158227 ] ] ] } },
{ "type": "Feature", "properties": { "POINT_X": 140.55, "POINT_Y": 37.15, "n": 5.0, "AGB_T_HA": 33.09285375, "varTot": 215.44412622215998, "AVG_YEAR": 2020 }, "geometry": { "type": "Polygon", "coordinates": [ [ [ 140.597161552416281, 37.187581112158227 ], [ 140.597161552416281, 37.112400202083052 ], [ 140.502838447583713, 37.112400202083052 ], [ 140.502838447583713, 37.187581112158227 ], [ 140.597161552416281, 37.187581112158227 ] ] ] } },
{ "type": "Feature", "properties": { "POINT_X": 139.55, "POINT_Y": 37.25, "n": 6.0, "AGB_T_HA": 23.556928093750003, "varTot": 121.55759403820035, "AVG_YEAR": 2020 }, "geometry": { "type": "Polygon", "coordinates": [ [ [ 139.597161552416281, 37.287531337043667 ], [ 139.597161552416281, 37.212449958977423 ], [ 139.502838447583741, 37.212449958977423 ], [ 139.502838447583741, 37.287531337043667 ], [ 139.597161552416281, 37.287531337043667 ] ] ] } },
{ "type": "Feature", "properties": { "POINT_X": -80.55, "POINT_Y": 37.45, "n": 457.0, "AGB_T_HA": 183.31842420180669, "varTot": 1.1936994056948989, "AVG_YEAR": 2018 }, "geometry": { "type": "Polygon", "coordinates": [ [ [ -80.502838447583741, 37.487431444242013 ], [ -80.502838447583741, 37.412549816022562 ], [ -80.597161552416281, 37.412549816022562 ], [ -80.597161552416281, 37.487431444242013 ], [ -80.502838447583741, 37.487431444242013 ] ] ] } },
{ "type": "Feature", "properties": { "POINT_X": -80.45, "POINT_Y": 37.45, "n": 192.0, "AGB_T_HA": 163.65799510263133, "varTot": 2.9517917412600707, "AVG_YEAR": 2018 }, "geometry": { "type": "Polygon", "coordinates": [ [ [ -80.402838447583719, 37.487431444242013 ], [ -80.402838447583719, 37.412549816022562 ], [ -80.497161552416273, 37.412549816022562 ], [ -80.497161552416273, 37.487431444242013 ], [ -80.402838447583719, 37.487431444242013 ] ] ] } },
{ "type": "Feature", "properties": { "POINT_X": -114.05, "POINT_Y": 37.75, "n": 420.0, "AGB_T_HA": 0.17177144102343764, "varTot": 1.7471896145861863, "AVG_YEAR": 2020 }, "geometry": { "type": "Polygon", "coordinates": [ [ [ -114.002838447583727, 37.787280750894219 ], [ -114.002838447583727, 37.712700457448626 ], [ -114.097161552416296, 37.712700457448626 ], [ -114.097161552416296, 37.787280750894219 ], [ -114.002838447583727, 37.787280750894219 ] ] ] } },
{ "type": "Feature", "properties": { "POINT_X": -113.95, "POINT_Y": 37.75, "n": 54.0, "AGB_T_HA": 0.050408224057870425, "varTot": 13.5956318581575, "AVG_YEAR": 2020 }, "geometry": { "type": "Polygon", "coordinates": [ [ [ -113.902838447583719, 37.787280750894219 ], [ -113.902838447583719, 37.712700457448626 ], [ -113.997161552416273, 37.712700457448626 ], [ -113.997161552416273, 37.787280750894219 ], [ -113.902838447583719, 37.787280750894219 ] ] ] } },
{ "type": "Feature", "properties": { "POINT_X": -108.55, "POINT_Y": 37.75, "n": 100.0, "AGB_T_HA": 24.916101629314376, "varTot": 3.0033998899634007, "AVG_YEAR": 2020 }, "geometry": { "type": "Polygon", "coordinates": [ [ [ -108.502838447583741, 37.787280750894219 ], [ -108.502838447583741, 37.712700457448626 ], [ -108.597161552416296, 37.712700457448626 ], [ -108.597161552416296, 37.787280750894219 ], [ -108.502838447583741, 37.787280750894219 ] ] ] } },
{ "type": "Feature", "properties": { "POINT_X": 139.65, "POINT_Y": 37.75, "n": 5.0, "AGB_T_HA": 32.7163968, "varTot": 157.31513240078866, "AVG_YEAR": 2020 }, "geometry": { "type": "Polygon", "coordinates": [ [ [ 139.697161552416276, 37.787280750894219 ], [ 139.697161552416276, 37.712700457448626 ], [ 139.602838447583736, 37.712700457448626 ], [ 139.602838447583736, 37.787280750894219 ], [ 139.697161552416276, 37.787280750894219 ] ] ] } },
{ "type": "Feature", "properties": { "POINT_X": 140.05, "POINT_Y": 37.75, "n": 6.0, "AGB_T_HA": 28.1213653125, "varTot": 125.25823294422401, "AVG_YEAR": 2020 }, "geometry": { "type": "Polygon", "coordinates": [ [ [ 140.097161552416281, 37.787280750894219 ], [ 140.097161552416281, 37.712700457448626 ], [ 140.002838447583741, 37.712700457448626 ], [ 140.002838447583741, 37.787280750894219 ], [ 140.097161552416281, 37.787280750894219 ] ] ] } },
{ "type": "Feature", "properties": { "POINT_X": -114.05, "POINT_Y": 37.85, "n": 4701.0, "AGB_T_HA": 5.3765628620242083, "varTot": 0.15194217196403495, "AVG_YEAR": 2020 }, "geometry": { "type": "Polygon", "coordinates": [ [ [ -114.002838447583727, 37.887230292618241 ], [ -114.002838447583727, 37.812750898875024 ], [ -114.097161552416296, 37.812750898875024 ], [ -114.097161552416296, 37.887230292618241 ], [ -114.002838447583727, 37.887230292618241 ] ] ] } },
{ "type": "Feature", "properties": { "POINT_X": -113.95, "POINT_Y": 37.85, "n": 3968.0, "AGB_T_HA": 7.5232500227464181, "varTot": 0.18012631851614611, "AVG_YEAR": 2020 }, "geometry": { "type": "Polygon", "coordinates": [ [ [ -113.902838447583719, 37.887230292618241 ], [ -113.902838447583719, 37.812750898875024 ], [ -113.997161552416273, 37.812750898875024 ], [ -113.997161552416273, 37.887230292618241 ], [ -113.902838447583719, 37.887230292618241 ] ] ] } },
{ "type": "Feature", "properties": { "POINT_X": -108.65, "POINT_Y": 37.85, "n": 3334.0, "AGB_T_HA": 12.880829146101924, "varTot": 0.16371475846918077, "AVG_YEAR": 2020 }, "geometry": { "type": "Polygon", "coordinates": [ [ [ -108.602838447583721, 37.887230292618241 ], [ -108.602838447583721, 37.812750898875024 ], [ -108.697161552416276, 37.812750898875024 ], [ -108.697161552416276, 37.887230292618241 ], [ -108.602838447583721, 37.887230292618241 ] ] ] } },
{ "type": "Feature", "properties": { "POINT_X": -108.55, "POINT_Y": 37.85, "n": 4357.0, "AGB_T_HA": 2.8764437508733232, "varTot": 0.099708038418978212, "AVG_YEAR": 2020 }, "geometry": { "type": "Polygon", "coordinates": [ [ [ -108.502838447583741, 37.887230292618241 ], [ -108.502838447583741, 37.812750898875024 ], [ -108.597161552416296, 37.812750898875024 ], [ -108.597161552416296, 37.887230292618241 ], [ -108.502838447583741, 37.887230292618241 ] ] ] } },
{ "type": "Feature", "properties": { "POINT_X": -108.45, "POINT_Y": 37.85, "n": 1027.0, "AGB_T_HA": 18.295959951657533, "varTot": 0.42433255588091978, "AVG_YEAR": 2020 }, "geometry": { "type": "Polygon", "coordinates": [ [ [ -108.402838447583719, 37.887230292618241 ], [ -108.402838447583719, 37.812750898875024 ], [ -108.497161552416273, 37.812750898875024 ], [ -108.497161552416273, 37.887230292618241 ], [ -108.402838447583719, 37.887230292618241 ] ] ] } },
{ "type": "Feature", "properties": { "POINT_X": -114.05, "POINT_Y": 37.95, "n": 3051.0, "AGB_T_HA": 24.766736281476245, "varTot": 0.218247611624212, "AVG_YEAR": 2020 }, "geometry": { "type": "Polygon", "coordinates": [ [ [ -114.002838447583727, 37.987179721018244 ], [ -114.002838447583727, 37.91280145385462 ], [ -114.097161552416296, 37.91280145385462 ], [ -114.097161552416296, 37.987179721018244 ], [ -114.002838447583727, 37.987179721018244 ] ] ] } },
{ "type": "Feature", "properties": { "POINT_X": -113.95, "POINT_Y": 37.95, "n": 2381.0, "AGB_T_HA": 12.638559092499991, "varTot": 0.28639278760444581, "AVG_YEAR": 2020 }, "geometry": { "type": "Polygon", "coordinates": [ [ [ -113.902838447583719, 37.987179721018244 ], [ -113.902838447583719, 37.91280145385462 ], [ -113.997161552416273, 37.91280145385462 ], [ -113.997161552416273, 37.987179721018244 ], [ -113.902838447583719, 37.987179721018244 ] ] ] } },
{ "type": "Feature", "properties": { "POINT_X": -108.65, "POINT_Y": 37.95, "n": 320.0, "AGB_T_HA": 0.11075225452011712, "varTot": 2.3434992470953291, "AVG_YEAR": 2020 }, "geometry": { "type": "Polygon", "coordinates": [ [ [ -108.602838447583721, 37.987179721018244 ], [ -108.602838447583721, 37.91280145385462 ], [ -108.697161552416276, 37.91280145385462 ], [ -108.697161552416276, 37.987179721018244 ], [ -108.602838447583721, 37.987179721018244 ] ] ] } },
{ "type": "Feature", "properties": { "POINT_X": -108.55, "POINT_Y": 37.95, "n": 37.0, "AGB_T_HA": 3.7922248636486482, "varTot": 20.332122504642562, "AVG_YEAR": 2020 }, "geometry": { "type": "Polygon", "coordinates": [ [ [ -108.502838447583741, 37.987179721018244 ], [ -108.502838447583741, 37.91280145385462 ], [ -108.597161552416296, 37.91280145385462 ], [ -108.597161552416296, 37.987179721018244 ], [ -108.502838447583741, 37.987179721018244 ] ] ] } },
{ "type": "Feature", "properties": { "POINT_X": -108.45, "POINT_Y": 37.95, "n": 52.0, "AGB_T_HA": 15.116138864242783, "varTot": 14.418077817738316, "AVG_YEAR": 2020 }, "geometry": { "type": "Polygon", "coordinates": [ [ [ -108.402838447583719, 37.987179721018244 ], [ -108.402838447583719, 37.91280145385462 ], [ -108.497161552416273, 37.91280145385462 ], [ -108.497161552416273, 37.987179721018244 ], [ -108.402838447583719, 37.987179721018244 ] ] ] } },
{ "type": "Feature", "properties": { "POINT_X": -114.05, "POINT_Y": 38.05, "n": 3847.0, "AGB_T_HA": 9.6206206101612111, "varTot": 0.1698820935801337, "AVG_YEAR": 2020 }, "geometry": { "type": "Polygon", "coordinates": [ [ [ -114.002838447583727, 38.087129036248363 ], [ -114.002838447583727, 38.012852122233475 ], [ -114.097161552416296, 38.012852122233475 ], [ -114.097161552416296, 38.087129036248363 ], [ -114.002838447583727, 38.087129036248363 ] ] ] } },
{ "type": "Feature", "properties": { "POINT_X": -113.95, "POINT_Y": 38.05, "n": 1545.0, "AGB_T_HA": 0.33852568827763746, "varTot": 0.41603926102282335, "AVG_YEAR": 2020 }, "geometry": { "type": "Polygon", "coordinates": [ [ [ -113.902838447583719, 38.087129036248363 ], [ -113.902838447583719, 38.012852122233475 ], [ -113.997161552416273, 38.012852122233475 ], [ -113.997161552416273, 38.087129036248363 ], [ -113.902838447583719, 38.087129036248363 ] ] ] } },
{ "type": "Feature", "properties": { "POINT_X": -114.05, "POINT_Y": 38.15, "n": 909.0, "AGB_T_HA": 9.948109308179097, "varTot": 0.82789007418051641, "AVG_YEAR": 2020 }, "geometry": { "type": "Polygon", "coordinates": [ [ [ -114.002838447583727, 38.187078238463052 ], [ -114.002838447583727, 38.112902903857332 ], [ -114.097161552416296, 38.112902903857332 ], [ -114.097161552416296, 38.187078238463052 ], [ -114.002838447583727, 38.187078238463052 ] ] ] } },
{ "type": "Feature", "properties": { "POINT_X": -113.95, "POINT_Y": 38.15, "n": 201.0, "AGB_T_HA": 0.53776289517117526, "varTot": 3.7557763181927575, "AVG_YEAR": 2020 }, "geometry": { "type": "Polygon", "coordinates": [ [ [ -113.902838447583719, 38.187078238463052 ], [ -113.902838447583719, 38.112902903857332 ], [ -113.997161552416273, 38.112902903857332 ], [ -113.997161552416273, 38.187078238463052 ], [ -113.902838447583719, 38.187078238463052 ] ] ] } },
{ "type": "Feature", "properties": { "POINT_X": -109.45, "POINT_Y": 38.15, "n": 36.0, "AGB_T_HA": 0.00018700939323630956, "varTot": 7.442321417471546, "AVG_YEAR": 2017 }, "geometry": { "type": "Polygon", "coordinates": [ [ [ -109.402838447583733, 38.187078238463052 ], [ -109.402838447583733, 38.112902903857332 ], [ -109.497161552416287, 38.112902903857332 ], [ -109.497161552416287, 38.187078238463052 ], [ -109.402838447583733, 38.187078238463052 ] ] ] } },
{ "type": "Feature", "properties": { "POINT_X": -109.35, "POINT_Y": 38.15, "n": 48.0, "AGB_T_HA": 0.0, "varTot": 5.5882645711550154, "AVG_YEAR": 2017 }, "geometry": { "type": "Polygon", "coordinates": [ [ [ -109.302838447583724, 38.187078238463052 ], [ -109.302838447583724, 38.112902903857332 ], [ -109.397161552416264, 38.112902903857332 ], [ -109.397161552416264, 38.187078238463052 ], [ -109.302838447583724, 38.187078238463052 ] ] ] } },
{ "type": "Feature", "properties": { "POINT_X": -112.05, "POINT_Y": 38.25, "n": 1013.0, "AGB_T_HA": 7.0968247018077477, "varTot": 0.69900875533742468, "AVG_YEAR": 2020 }, "geometry": { "type": "Polygon", "coordinates": [ [ [ -112.002838447583727, 38.28702732781715 ], [ -112.002838447583727, 38.212953798571569 ], [ -112.097161552416281, 38.212953798571569 ], [ -112.097161552416281, 38.28702732781715 ], [ -112.002838447583727, 38.28702732781715 ] ] ] } },
{ "type": "Feature", "properties": { "POINT_X": -111.95, "POINT_Y": 38.25, "n": 124.0, "AGB_T_HA": 2.1146897121033263, "varTot": 5.6938308697792221, "AVG_YEAR": 2020 }, "geometry": { "type": "Polygon", "coordinates": [ [ [ -111.902838447583733, 38.28702732781715 ], [ -111.902838447583733, 38.212953798571569 ], [ -111.997161552416287, 38.212953798571569 ], [ -111.997161552416287, 38.28702732781715 ], [ -111.902838447583733, 38.28702732781715 ] ] ] } },
{ "type": "Feature", "properties": { "POINT_X": -109.45, "POINT_Y": 38.25, "n": 673.0, "AGB_T_HA": 0.0044320114721073207, "varTot": 0.39919042344950645, "AVG_YEAR": 2019 }, "geometry": { "type": "Polygon", "coordinates": [ [ [ -109.402838447583733, 38.28702732781715 ], [ -109.402838447583733, 38.212953798571569 ], [ -109.497161552416287, 38.212953798571569 ], [ -109.497161552416287, 38.28702732781715 ], [ -109.402838447583733, 38.28702732781715 ] ] ] } },
{ "type": "Feature", "properties": { "POINT_X": -109.35, "POINT_Y": 38.25, "n": 1010.0, "AGB_T_HA": 0.0056880381468838396, "varTot": 0.26709409353747948, "AVG_YEAR": 2019 }, "geometry": { "type": "Polygon", "coordinates": [ [ [ -109.302838447583724, 38.28702732781715 ], [ -109.302838447583724, 38.212953798571569 ], [ -109.397161552416264, 38.212953798571569 ], [ -109.397161552416264, 38.28702732781715 ], [ -109.302838447583724, 38.28702732781715 ] ] ] } },
{ "type": "Feature", "properties": { "POINT_X": -112.05, "POINT_Y": 38.35, "n": 1475.0, "AGB_T_HA": 12.932666286499984, "varTot": 0.47637833147065289, "AVG_YEAR": 2020 }, "geometry": { "type": "Polygon", "coordinates": [ [ [ -112.002838447583727, 38.386976304465783 ], [ -112.002838447583727, 38.313004806221223 ], [ -112.097161552416281, 38.313004806221223 ], [ -112.097161552416281, 38.386976304465783 ], [ -112.002838447583727, 38.386976304465783 ] ] ] } },
{ "type": "Feature", "properties": { "POINT_X": -111.95, "POINT_Y": 38.35, "n": 2303.0, "AGB_T_HA": 2.5829538405582935, "varTot": 0.30208390548254116, "AVG_YEAR": 2020 }, "geometry": { "type": "Polygon", "coordinates": [ [ [ -111.902838447583733, 38.386976304465783 ], [ -111.902838447583733, 38.313004806221223 ], [ -111.997161552416287, 38.313004806221223 ], [ -111.997161552416287, 38.386976304465783 ], [ -111.902838447583733, 38.386976304465783 ] ] ] } },
{ "type": "Feature", "properties": { "POINT_X": -109.45, "POINT_Y": 38.35, "n": 14.0, "AGB_T_HA": 0.0018395475357377265, "varTot": 19.202960563852368, "AVG_YEAR": 2017 }, "geometry": { "type": "Polygon", "coordinates": [ [ [ -109.402838447583733, 38.386976304465783 ], [ -109.402838447583733, 38.313004806221223 ], [ -109.497161552416287, 38.313004806221223 ], [ -109.497161552416287, 38.386976304465783 ], [ -109.402838447583733, 38.386976304465783 ] ] ] } },
{ "type": "Feature", "properties": { "POINT_X": -109.35, "POINT_Y": 38.35, "n": 22.0, "AGB_T_HA": 1.0265201031145816, "varTot": 12.37322584734012, "AVG_YEAR": 2017 }, "geometry": { "type": "Polygon", "coordinates": [ [ [ -109.302838447583724, 38.386976304465783 ], [ -109.302838447583724, 38.313004806221223 ], [ -109.397161552416264, 38.313004806221223 ], [ -109.397161552416264, 38.386976304465783 ], [ -109.302838447583724, 38.386976304465783 ] ] ] } },
{ "type": "Feature", "properties": { "POINT_X": 140.55, "POINT_Y": 38.35, "n": 5.0, "AGB_T_HA": 29.325318, "varTot": 149.59269700831879, "AVG_YEAR": 2020 }, "geometry": { "type": "Polygon", "coordinates": [ [ [ 140.597161552416281, 38.386976304465783 ], [ 140.597161552416281, 38.313004806221223 ], [ 140.502838447583713, 38.313004806221223 ], [ 140.502838447583713, 38.386976304465783 ], [ 140.597161552416281, 38.386976304465783 ] ] ] } },
{ "type": "Feature", "properties": { "POINT_X": -111.95, "POINT_Y": 38.45, "n": 668.0, "AGB_T_HA": 3.3067074104786669, "varTot": 1.0297244959374292, "AVG_YEAR": 2020 }, "geometry": { "type": "Polygon", "coordinates": [ [ [ -111.902838447583733, 38.486925168564476 ], [ -111.902838447583733, 38.413055926651005 ], [ -111.997161552416287, 38.413055926651005 ], [ -111.997161552416287, 38.486925168564476 ], [ -111.902838447583733, 38.486925168564476 ] ] ] } },
{ "type": "Feature", "properties": { "POINT_X": 140.55, "POINT_Y": 38.45, "n": 6.0, "AGB_T_HA": 30.40900775, "varTot": 128.95301436138777, "AVG_YEAR": 2020 }, "geometry": { "type": "Polygon", "coordinates": [ [ [ 140.597161552416281, 38.486925168564476 ], [ 140.597161552416281, 38.413055926651005 ], [ 140.502838447583713, 38.413055926651005 ], [ 140.502838447583713, 38.486925168564476 ], [ 140.597161552416281, 38.486925168564476 ] ] ] } },
{ "type": "Feature", "properties": { "POINT_X": -78.05, "POINT_Y": 38.85, "n": 144.0, "AGB_T_HA": 121.99244618382838, "varTot": 3.064993236572314, "AVG_YEAR": 2019 }, "geometry": { "type": "Polygon", "coordinates": [ [ [ -78.002838447583727, 38.886719502581592 ], [ -78.002838447583727, 38.813261533053051 ], [ -78.097161552416296, 38.813261533053051 ], [ -78.097161552416296, 38.886719502581592 ], [ -78.002838447583727, 38.886719502581592 ] ] ] } },
{ "type": "Feature", "properties": { "POINT_X": -76.65, "POINT_Y": 38.85, "n": 295.0, "AGB_T_HA": 81.818770198642653, "varTot": 1.3815149065040628, "AVG_YEAR": 2017 }, "geometry": { "type": "Polygon", "coordinates": [ [ [ -76.602838447583736, 38.886719502581592 ], [ -76.602838447583736, 38.813261533053051 ], [ -76.697161552416276, 38.813261533053051 ], [ -76.697161552416276, 38.886719502581592 ], [ -76.602838447583736, 38.886719502581592 ] ] ] } },
{ "type": "Feature", "properties": { "POINT_X": -76.55, "POINT_Y": 38.85, "n": 1115.0, "AGB_T_HA": 64.553431293129478, "varTot": 0.31972540387171999, "AVG_YEAR": 2017 }, "geometry": { "type": "Polygon", "coordinates": [ [ [ -76.502838447583713, 38.886719502581592 ], [ -76.502838447583713, 38.813261533053051 ], [ -76.597161552416253, 38.813261533053051 ], [ -76.597161552416253, 38.886719502581592 ], [ -76.502838447583713, 38.886719502581592 ] ] ] } },
{ "type": "Feature", "properties": { "POINT_X": -78.25, "POINT_Y": 38.95, "n": 38.0, "AGB_T_HA": 46.153922300101627, "varTot": 8.064542258851322, "AVG_YEAR": 2019 }, "geometry": { "type": "Polygon", "coordinates": [ [ [ -78.202838447583716, 38.986667806274909 ], [ -78.202838447583716, 38.91331321504174 ], [ -78.29716155241627, 38.91331321504174 ], [ -78.29716155241627, 38.986667806274909 ], [ -78.202838447583716, 38.986667806274909 ] ] ] } },
{ "type": "Feature", "properties": { "POINT_X": -78.05, "POINT_Y": 38.95, "n": 29.0, "AGB_T_HA": 103.38900325014967, "varTot": 13.102910014906595, "AVG_YEAR": 2017 }, "geometry": { "type": "Polygon", "coordinates": [ [ [ -78.002838447583727, 38.986667806274909 ], [ -78.002838447583727, 38.91331321504174 ], [ -78.097161552416296, 38.91331321504174 ], [ -78.097161552416296, 38.986667806274909 ], [ -78.002838447583727, 38.986667806274909 ] ] ] } },
{ "type": "Feature", "properties": { "POINT_X": -76.65, "POINT_Y": 38.95, "n": 164.0, "AGB_T_HA": 82.587340606047036, "varTot": 2.417122667306999, "AVG_YEAR": 2017 }, "geometry": { "type": "Polygon", "coordinates": [ [ [ -76.602838447583736, 38.986667806274909 ], [ -76.602838447583736, 38.91331321504174 ], [ -76.697161552416276, 38.91331321504174 ], [ -76.697161552416276, 38.986667806274909 ], [ -76.602838447583736, 38.986667806274909 ] ] ] } },
{ "type": "Feature", "properties": { "POINT_X": -76.55, "POINT_Y": 38.95, "n": 688.0, "AGB_T_HA": 63.306846495955583, "varTot": 0.55387944230516017, "AVG_YEAR": 2017 }, "geometry": { "type": "Polygon", "coordinates": [ [ [ -76.502838447583713, 38.986667806274909 ], [ -76.502838447583713, 38.91331321504174 ], [ -76.597161552416253, 38.91331321504174 ], [ -76.597161552416253, 38.986667806274909 ], [ -76.502838447583713, 38.986667806274909 ] ] ] } },
{ "type": "Feature", "properties": { "POINT_X": -96.65, "POINT_Y": 39.05, "n": 672.0, "AGB_T_HA": 1.4524799507939785, "varTot": 0.40831463283107777, "AVG_YEAR": 2019 }, "geometry": { "type": "Polygon", "coordinates": [ [ [ -96.602838447583721, 39.086615998358454 ], [ -96.602838447583721, 39.013365008871517 ], [ -96.697161552416262, 39.013365008871517 ], [ -96.697161552416262, 39.086615998358454 ], [ -96.602838447583721, 39.086615998358454 ] ] ] } },
{ "type": "Feature", "properties": { "POINT_X": -96.55, "POINT_Y": 39.05, "n": 1197.0, "AGB_T_HA": 0.4172875576343788, "varTot": 0.22576673520044102, "AVG_YEAR": 2019 }, "geometry": { "type": "Polygon", "coordinates": [ [ [ -96.502838447583741, 39.086615998358454 ], [ -96.502838447583741, 39.013365008871517 ], [ -96.597161552416281, 39.013365008871517 ], [ -96.597161552416281, 39.086615998358454 ], [ -96.502838447583741, 39.086615998358454 ] ] ] } },
{ "type": "Feature", "properties": { "POINT_X": -96.45, "POINT_Y": 39.05, "n": 210.0, "AGB_T_HA": 0.94131749306215962, "varTot": 1.3265876185912264, "AVG_YEAR": 2019 }, "geometry": { "type": "Polygon", "coordinates": [ [ [ -96.402838447583719, 39.086615998358454 ], [ -96.402838447583719, 39.013365008871517 ], [ -96.497161552416273, 39.013365008871517 ], [ -96.497161552416273, 39.086615998358454 ], [ -96.402838447583719, 39.086615998358454 ] ] ] } },
{ "type": "Feature", "properties": { "POINT_X": 140.55, "POINT_Y": 39.05, "n": 5.0, "AGB_T_HA": 24.98366325, "varTot": 147.414622585308, "AVG_YEAR": 2020 }, "geometry": { "type": "Polygon", "coordinates": [ [ [ 140.597161552416281, 39.086615998358454 ], [ 140.597161552416281, 39.013365008871517 ], [ 140.502838447583713, 39.013365008871517 ], [ 140.502838447583713, 39.086615998358454 ], [ 140.597161552416281, 39.086615998358454 ] ] ] } },
{ "type": "Feature", "properties": { "POINT_X": -96.65, "POINT_Y": 39.15, "n": 932.0, "AGB_T_HA": 5.0789900211576544, "varTot": 0.30488330766508343, "AVG_YEAR": 2019 }, "geometry": { "type": "Polygon", "coordinates": [ [ [ -96.602838447583721, 39.186564078990045 ], [ -96.602838447583721, 39.113416914384622 ], [ -96.697161552416262, 39.113416914384622 ], [ -96.697161552416262, 39.186564078990045 ], [ -96.602838447583721, 39.186564078990045 ] ] ] } },
{ "type": "Feature", "properties": { "POINT_X": -96.55, "POINT_Y": 39.15, "n": 1806.0, "AGB_T_HA": 3.9592628463733401, "varTot": 0.15572446494486905, "AVG_YEAR": 2019 }, "geometry": { "type": "Polygon", "coordinates": [ [ [ -96.502838447583741, 39.186564078990045 ], [ -96.502838447583741, 39.113416914384622 ], [ -96.597161552416281, 39.113416914384622 ], [ -96.597161552416281, 39.186564078990045 ], [ -96.502838447583741, 39.186564078990045 ] ] ] } },
{ "type": "Feature", "properties": { "POINT_X": -96.45, "POINT_Y": 39.15, "n": 169.0, "AGB_T_HA": 2.2350628297195496, "varTot": 1.6459337872418216, "AVG_YEAR": 2019 }, "geometry": { "type": "Polygon", "coordinates": [ [ [ -96.402838447583719, 39.186564078990045 ], [ -96.402838447583719, 39.113416914384622 ], [ -96.497161552416273, 39.113416914384622 ], [ -96.497161552416273, 39.186564078990045 ], [ -96.402838447583719, 39.186564078990045 ] ] ] } },
{ "type": "Feature", "properties": { "POINT_X": -78.05, "POINT_Y": 39.15, "n": 623.0, "AGB_T_HA": 14.132930062068464, "varTot": 0.36068171827639223, "AVG_YEAR": 2017 }, "geometry": { "type": "Polygon", "coordinates": [ [ [ -78.002838447583727, 39.186564078990045 ], [ -78.002838447583727, 39.113416914384622 ], [ -78.097161552416296, 39.113416914384622 ], [ -78.097161552416296, 39.186564078990045 ], [ -78.002838447583727, 39.186564078990045 ] ] ] } },
{ "type": "Feature", "properties": { "POINT_X": -77.95, "POINT_Y": 39.15, "n": 350.0, "AGB_T_HA": 7.2252915069773609, "varTot": 0.60957932770315781, "AVG_YEAR": 2017 }, "geometry": { "type": "Polygon", "coordinates": [ [ [ -77.902838447583719, 39.186564078990045 ], [ -77.902838447583719, 39.113416914384622 ], [ -77.997161552416273, 39.113416914384622 ], [ -77.997161552416273, 39.186564078990045 ], [ -77.902838447583719, 39.186564078990045 ] ] ] } },
{ "type": "Feature", "properties": { "POINT_X": -96.65, "POINT_Y": 39.25, "n": 179.0, "AGB_T_HA": 4.1161532798367872, "varTot": 1.5774084006456861, "AVG_YEAR": 2019 }, "geometry": { "type": "Polygon", "coordinates": [ [ [ -96.602838447583721, 39.286512048327914 ], [ -96.602838447583721, 39.213468931423023 ], [ -96.697161552416262, 39.213468931423023 ], [ -96.697161552416262, 39.286512048327914 ], [ -96.602838447583721, 39.286512048327914 ] ] ] } },
{ "type": "Feature", "properties": { "POINT_X": -96.55, "POINT_Y": 39.25, "n": 358.0, "AGB_T_HA": 1.8431924849086867, "varTot": 0.7702894994238253, "AVG_YEAR": 2019 }, "geometry": { "type": "Polygon", "coordinates": [ [ [ -96.502838447583741, 39.286512048327914 ], [ -96.502838447583741, 39.213468931423023 ], [ -96.597161552416281, 39.213468931423023 ], [ -96.597161552416281, 39.286512048327914 ], [ -96.502838447583741, 39.286512048327914 ] ] ] } },
{ "type": "Feature", "properties": { "POINT_X": 141.85, "POINT_Y": 39.45, "n": 7.0, "AGB_T_HA": 19.4269905, "varTot": 115.11733645554905, "AVG_YEAR": 2020 }, "geometry": { "type": "Polygon", "coordinates": [ [ [ 141.897161552416264, 39.486407653757112 ], [ 141.897161552416264, 39.413573299441836 ], [ 141.802838447583724, 39.413573299441836 ], [ 141.802838447583724, 39.486407653757112 ], [ 141.897161552416264, 39.486407653757112 ] ] ] } },
{ "type": "Feature", "properties": { "POINT_X": -112.15, "POINT_Y": 39.95, "n": 79.0, "AGB_T_HA": 2.6735193216129094, "varTot": 8.6606985792720419, "AVG_YEAR": 2020 }, "geometry": { "type": "Polygon", "coordinates": [ [ [ -112.102838447583736, 39.986144730830425 ], [ -112.102838447583736, 39.913836160052647 ], [ -112.197161552416276, 39.913836160052647 ], [ -112.197161552416276, 39.986144730830425 ], [ -112.102838447583736, 39.986144730830425 ] ] ] } },
{ "type": "Feature", "properties": { "POINT_X": -112.05, "POINT_Y": 39.95, "n": 137.0, "AGB_T_HA": 0.9047388622970679, "varTot": 4.9945825220152447, "AVG_YEAR": 2020 }, "geometry": { "type": "Polygon", "coordinates": [ [ [ -112.002838447583727, 39.986144730830425 ], [ -112.002838447583727, 39.913836160052647 ], [ -112.097161552416281, 39.913836160052647 ], [ -112.097161552416281, 39.986144730830425 ], [ -112.002838447583727, 39.986144730830425 ] ] ] } },
{ "type": "Feature", "properties": { "POINT_X": -105.65, "POINT_Y": 39.95, "n": 55.0, "AGB_T_HA": 32.258454311870899, "varTot": 5.1552888067995433, "AVG_YEAR": 2017 }, "geometry": { "type": "Polygon", "coordinates": [ [ [ -105.602838447583721, 39.986144730830425 ], [ -105.602838447583721, 39.913836160052647 ], [ -105.697161552416276, 39.913836160052647 ], [ -105.697161552416276, 39.986144730830425 ], [ -105.602838447583721, 39.986144730830425 ] ] ] } },
{ "type": "Feature", "properties": { "POINT_X": -105.55, "POINT_Y": 39.95, "n": 355.0, "AGB_T_HA": 89.313216131637674, "varTot": 1.4189337040807104, "AVG_YEAR": 2019 }, "geometry": { "type": "Polygon", "coordinates": [ [ [ -105.502838447583727, 39.986144730830425 ], [ -105.502838447583727, 39.913836160052647 ], [ -105.597161552416267, 39.913836160052647 ], [ -105.597161552416267, 39.986144730830425 ], [ -105.502838447583727, 39.986144730830425 ] ] ] } },
{ "type": "Feature", "properties": { "POINT_X": -105.45, "POINT_Y": 39.95, "n": 52.0, "AGB_T_HA": 47.29112486569808, "varTot": 6.3603730444934792, "AVG_YEAR": 2017 }, "geometry": { "type": "Polygon", "coordinates": [ [ [ -105.402838447583719, 39.986144730830425 ], [ -105.402838447583719, 39.913836160052647 ], [ -105.497161552416273, 39.913836160052647 ], [ -105.497161552416273, 39.986144730830425 ], [ -105.402838447583719, 39.986144730830425 ] ] ] } },
{ "type": "Feature", "properties": { "POINT_X": 141.55, "POINT_Y": 39.95, "n": 5.0, "AGB_T_HA": 23.849445006937415, "varTot": 147.99170447410333, "AVG_YEAR": 2020 }, "geometry": { "type": "Polygon", "coordinates": [ [ [ 141.597161552416281, 39.986144730830425 ], [ 141.597161552416281, 39.913836160052647 ], [ 141.502838447583741, 39.913836160052647 ], [ 141.502838447583741, 39.986144730830425 ], [ 141.597161552416281, 39.986144730830425 ] ] ] } },
{ "type": "Feature", "properties": { "POINT_X": -112.15, "POINT_Y": 40.05, "n": 1164.0, "AGB_T_HA": 8.6828944569754665, "varTot": 0.66042719347780154, "AVG_YEAR": 2020 }, "geometry": { "type": "Polygon", "coordinates": [ [ [ -112.102838447583736, 40.086091815554951 ], [ -112.102838447583736, 40.013889063562871 ], [ -112.197161552416276, 40.013889063562871 ], [ -112.197161552416276, 40.086091815554951 ], [ -112.102838447583736, 40.086091815554951 ] ] ] } },
{ "type": "Feature", "properties": { "POINT_X": -112.05, "POINT_Y": 40.05, "n": 2052.0, "AGB_T_HA": 0.34706516048653774, "varTot": 0.37423831621446896, "AVG_YEAR": 2020 }, "geometry": { "type": "Polygon", "coordinates": [ [ [ -112.002838447583727, 40.086091815554951 ], [ -112.002838447583727, 40.013889063562871 ], [ -112.097161552416281, 40.013889063562871 ], [ -112.097161552416281, 40.086091815554951 ], [ -112.002838447583727, 40.086091815554951 ] ] ] } },
{ "type": "Feature", "properties": { "POINT_X": -105.65, "POINT_Y": 40.05, "n": 543.0, "AGB_T_HA": 2.6619555560574422, "varTot": 0.34316907028825866, "AVG_YEAR": 2017 }, "geometry": { "type": "Polygon", "coordinates": [ [ [ -105.602838447583721, 40.086091815554951 ], [ -105.602838447583721, 40.013889063562871 ], [ -105.697161552416276, 40.013889063562871 ], [ -105.697161552416276, 40.086091815554951 ], [ -105.602838447583721, 40.086091815554951 ] ] ] } },
{ "type": "Feature", "properties": { "POINT_X": -105.55, "POINT_Y": 40.05, "n": 1128.0, "AGB_T_HA": 84.99222095839572, "varTot": 0.41764177295428312, "AVG_YEAR": 2018 }, "geometry": { "type": "Polygon", "coordinates": [ [ [ -105.502838447583727, 40.086091815554951 ], [ -105.502838447583727, 40.013889063562871 ], [ -105.597161552416267, 40.013889063562871 ], [ -105.597161552416267, 40.086091815554951 ], [ -105.502838447583727, 40.086091815554951 ] ] ] } },
{ "type": "Feature", "properties": { "POINT_X": -105.45, "POINT_Y": 40.05, "n": 183.0, "AGB_T_HA": 56.246714911556325, "varTot": 2.8248436351880457, "AVG_YEAR": 2018 }, "geometry": { "type": "Polygon", "coordinates": [ [ [ -105.402838447583719, 40.086091815554951 ], [ -105.402838447583719, 40.013889063562871 ], [ -105.497161552416273, 40.013889063562871 ], [ -105.497161552416273, 40.086091815554951 ], [ -105.402838447583719, 40.086091815554951 ] ] ] } },
{ "type": "Feature", "properties": { "POINT_X": -112.55, "POINT_Y": 40.15, "n": 484.0, "AGB_T_HA": 0.68490764741136645, "varTot": 0.56836084715733859, "AVG_YEAR": 2017 }, "geometry": { "type": "Polygon", "coordinates": [ [ [ -112.502838447583741, 40.186038790424888 ], [ -112.502838447583741, 40.113942077160672 ], [ -112.597161552416281, 40.113942077160672 ], [ -112.597161552416281, 40.186038790424888 ], [ -112.502838447583741, 40.186038790424888 ] ] ] } },
{ "type": "Feature", "properties": { "POINT_X": -112.45, "POINT_Y": 40.15, "n": 512.0, "AGB_T_HA": 0.0046679719239308866, "varTot": 0.52346084637800228, "AVG_YEAR": 2019 }, "geometry": { "type": "Polygon", "coordinates": [ [ [ -112.402838447583719, 40.186038790424888 ], [ -112.402838447583719, 40.113942077160672 ], [ -112.497161552416259, 40.113942077160672 ], [ -112.497161552416259, 40.186038790424888 ], [ -112.402838447583719, 40.186038790424888 ] ] ] } },
{ "type": "Feature", "properties": { "POINT_X": -105.55, "POINT_Y": 40.15, "n": 415.0, "AGB_T_HA": 90.431628022464153, "varTot": 1.1397692982517738, "AVG_YEAR": 2017 }, "geometry": { "type": "Polygon", "coordinates": [ [ [ -105.502838447583727, 40.186038790424888 ], [ -105.502838447583727, 40.113942077160672 ], [ -105.597161552416267, 40.113942077160672 ], [ -105.597161552416267, 40.186038790424888 ], [ -105.502838447583727, 40.186038790424888 ] ] ] } },
{ "type": "Feature", "properties": { "POINT_X": -105.45, "POINT_Y": 40.15, "n": 335.0, "AGB_T_HA": 70.487853310652483, "varTot": 1.4341528209605117, "AVG_YEAR": 2017 }, "geometry": { "type": "Polygon", "coordinates": [ [ [ -105.402838447583719, 40.186038790424888 ], [ -105.402838447583719, 40.113942077160672 ], [ -105.497161552416273, 40.113942077160672 ], [ -105.497161552416273, 40.186038790424888 ], [ -105.402838447583719, 40.186038790424888 ] ] ] } },
{ "type": "Feature", "properties": { "POINT_X": -112.55, "POINT_Y": 40.25, "n": 302.0, "AGB_T_HA": 6.0621730608083473, "varTot": 0.92727103582101, "AVG_YEAR": 2019 }, "geometry": { "type": "Polygon", "coordinates": [ [ [ -112.502838447583741, 40.285985655601792 ], [ -112.502838447583741, 40.213995200684614 ], [ -112.597161552416281, 40.213995200684614 ], [ -112.597161552416281, 40.285985655601792 ], [ -112.502838447583741, 40.285985655601792 ] ] ] } },
{ "type": "Feature", "properties": { "POINT_X": -112.45, "POINT_Y": 40.25, "n": 380.0, "AGB_T_HA": 0.0108862754798267, "varTot": 0.70989417202943916, "AVG_YEAR": 2019 }, "geometry": { "type": "Polygon", "coordinates": [ [ [ -112.402838447583719, 40.285985655601792 ], [ -112.402838447583719, 40.213995200684614 ], [ -112.497161552416259, 40.213995200684614 ], [ -112.497161552416259, 40.285985655601792 ], [ -112.402838447583719, 40.285985655601792 ] ] ] } },
{ "type": "Feature", "properties": { "POINT_X": -112.15, "POINT_Y": 40.25, "n": 1888.0, "AGB_T_HA": 0.20324115492187514, "varTot": 0.40553818232977079, "AVG_YEAR": 2020 }, "geometry": { "type": "Polygon", "coordinates": [ [ [ -112.102838447583736, 40.285985655601792 ], [ -112.102838447583736, 40.213995200684614 ], [ -112.197161552416276, 40.213995200684614 ], [ -112.197161552416276, 40.285985655601792 ], [ -112.102838447583736, 40.285985655601792 ] ] ] } },
{ "type": "Feature", "properties": { "POINT_X": -105.55, "POINT_Y": 40.25, "n": 707.0, "AGB_T_HA": 81.283522807620315, "varTot": 0.74375259075308087, "AVG_YEAR": 2018 }, "geometry": { "type": "Polygon", "coordinates": [ [ [ -105.502838447583727, 40.285985655601792 ], [ -105.502838447583727, 40.213995200684614 ], [ -105.597161552416267, 40.213995200684614 ], [ -105.597161552416267, 40.285985655601792 ], [ -105.502838447583727, 40.285985655601792 ] ] ] } },
{ "type": "Feature", "properties": { "POINT_X": -105.45, "POINT_Y": 40.25, "n": 516.0, "AGB_T_HA": 49.754854377315333, "varTot": 0.76930099301620436, "AVG_YEAR": 2017 }, "geometry": { "type": "Polygon", "coordinates": [ [ [ -105.402838447583719, 40.285985655601792 ], [ -105.402838447583719, 40.213995200684614 ], [ -105.497161552416273, 40.213995200684614 ], [ -105.497161552416273, 40.285985655601792 ], [ -105.402838447583719, 40.285985655601792 ] ] ] } },
{ "type": "Feature", "properties": { "POINT_X": 140.45, "POINT_Y": 40.25, "n": 5.0, "AGB_T_HA": 22.847023124999996, "varTot": 148.29717664581716, "AVG_YEAR": 2020 }, "geometry": { "type": "Polygon", "coordinates": [ [ [ 140.497161552416287, 40.285985655601792 ], [ 140.497161552416287, 40.213995200684614 ], [ 140.402838447583719, 40.213995200684614 ], [ 140.402838447583719, 40.285985655601792 ], [ 140.497161552416287, 40.285985655601792 ] ] ] } },
{ "type": "Feature", "properties": { "POINT_X": -112.15, "POINT_Y": 40.35, "n": 464.0, "AGB_T_HA": 12.053654822856956, "varTot": 1.6449067027126054, "AVG_YEAR": 2020 }, "geometry": { "type": "Polygon", "coordinates": [ [ [ -112.102838447583736, 40.385932411247595 ], [ -112.102838447583736, 40.314048433972921 ], [ -112.197161552416276, 40.314048433972921 ], [ -112.197161552416276, 40.385932411247595 ], [ -112.102838447583736, 40.385932411247595 ] ] ] } },
{ "type": "Feature", "properties": { "POINT_X": -105.55, "POINT_Y": 40.35, "n": 19.0, "AGB_T_HA": 51.21573817837406, "varTot": 30.273904415838494, "AVG_YEAR": 2017 }, "geometry": { "type": "Polygon", "coordinates": [ [ [ -105.502838447583727, 40.385932411247595 ], [ -105.502838447583727, 40.314048433972921 ], [ -105.597161552416267, 40.314048433972921 ], [ -105.597161552416267, 40.385932411247595 ], [ -105.502838447583727, 40.385932411247595 ] ] ] } },
{ "type": "Feature", "properties": { "POINT_X": -105.45, "POINT_Y": 40.35, "n": 14.0, "AGB_T_HA": 65.806888497455688, "varTot": 35.459322684974964, "AVG_YEAR": 2017 }, "geometry": { "type": "Polygon", "coordinates": [ [ [ -105.402838447583719, 40.385932411247595 ], [ -105.402838447583719, 40.314048433972921 ], [ -105.497161552416273, 40.314048433972921 ], [ -105.497161552416273, 40.385932411247595 ], [ -105.402838447583719, 40.385932411247595 ] ] ] } },
{ "type": "Feature", "properties": { "POINT_X": 140.45, "POINT_Y": 40.35, "n": 5.0, "AGB_T_HA": 39.3692445, "varTot": 172.46014694762096, "AVG_YEAR": 2020 }, "geometry": { "type": "Polygon", "coordinates": [ [ [ 140.497161552416287, 40.385932411247595 ], [ 140.497161552416287, 40.314048433972921 ], [ 140.402838447583719, 40.314048433972921 ], [ 140.402838447583719, 40.385932411247595 ], [ 140.497161552416287, 40.385932411247595 ] ] ] } },
{ "type": "Feature", "properties": { "POINT_X": 140.35, "POINT_Y": 40.55, "n": 7.0, "AGB_T_HA": 23.599494857142854, "varTot": 105.91079249724844, "AVG_YEAR": 2020 }, "geometry": { "type": "Polygon", "coordinates": [ [ [ 140.397161552416264, 40.585825594595178 ], [ 140.397161552416264, 40.514155229193875 ], [ 140.302838447583724, 40.514155229193875 ], [ 140.302838447583724, 40.585825594595178 ], [ 140.397161552416264, 40.585825594595178 ] ] ] } },
{ "type": "Feature", "properties": { "POINT_X": 140.55, "POINT_Y": 41.15, "n": 6.0, "AGB_T_HA": 26.044964375, "varTot": 123.0969767208404, "AVG_YEAR": 2020 }, "geometry": { "type": "Polygon", "coordinates": [ [ [ 140.597161552416281, 41.185502532832743 ], [ 140.597161552416281, 41.114478232273605 ], [ 140.502838447583713, 41.114478232273605 ], [ 140.502838447583713, 41.185502532832743 ], [ 140.597161552416281, 41.185502532832743 ] ] ] } },
{ "type": "Feature", "properties": { "POINT_X": 140.95, "POINT_Y": 41.25, "n": 5.0, "AGB_T_HA": 35.483289974999998, "varTot": 163.35618928761679, "AVG_YEAR": 2020 }, "geometry": { "type": "Polygon", "coordinates": [ [ [ 140.997161552416259, 41.285448310039193 ], [ 140.997161552416259, 41.214532446106318 ], [ 140.902838447583719, 41.214532446106318 ], [ 140.902838447583719, 41.285448310039193 ], [ 140.997161552416259, 41.285448310039193 ] ] ] } },
{ "type": "Feature", "properties": { "POINT_X": 140.05, "POINT_Y": 41.55, "n": 5.0, "AGB_T_HA": 23.433774, "varTot": 143.63207288481067, "AVG_YEAR": 2020 }, "geometry": { "type": "Polygon", "coordinates": [ [ [ 140.097161552416281, 41.585284994958215 ], [ 140.097161552416281, 41.514695735712145 ], [ 140.002838447583741, 41.514695735712145 ], [ 140.002838447583741, 41.585284994958215 ], [ 140.097161552416281, 41.585284994958215 ] ] ] } },
{ "type": "Feature", "properties": { "POINT_X": -113.75, "POINT_Y": 41.85, "n": 173.0, "AGB_T_HA": 1.1987698161640175, "varTot": 4.0509013457981986, "AVG_YEAR": 2020 }, "geometry": { "type": "Polygon", "coordinates": [ [ [ -113.70283844758373, 41.885120713313349 ], [ -113.70283844758373, 41.814859993994958 ], [ -113.79716155241627, 41.814859993994958 ], [ -113.79716155241627, 41.885120713313349 ], [ -113.70283844758373, 41.885120713313349 ] ] ] } },
{ "type": "Feature", "properties": { "POINT_X": -113.65, "POINT_Y": 41.85, "n": 143.0, "AGB_T_HA": 1.9956955686298075, "varTot": 4.8909571156729283, "AVG_YEAR": 2020 }, "geometry": { "type": "Polygon", "coordinates": [ [ [ -113.602838447583721, 41.885120713313349 ], [ -113.602838447583721, 41.814859993994958 ], [ -113.697161552416276, 41.814859993994958 ], [ -113.697161552416276, 41.885120713313349 ], [ -113.602838447583721, 41.885120713313349 ] ] ] } },
{ "type": "Feature", "properties": { "POINT_X": -113.55, "POINT_Y": 41.85, "n": 336.0, "AGB_T_HA": 4.4499189844735838, "varTot": 2.0778804320453403, "AVG_YEAR": 2020 }, "geometry": { "type": "Polygon", "coordinates": [ [ [ -113.502838447583727, 41.885120713313349 ], [ -113.502838447583727, 41.814859993994958 ], [ -113.597161552416267, 41.814859993994958 ], [ -113.597161552416267, 41.885120713313349 ], [ -113.502838447583727, 41.885120713313349 ] ] ] } },
{ "type": "Feature", "properties": { "POINT_X": -113.75, "POINT_Y": 41.95, "n": 243.0, "AGB_T_HA": 0.72826370323827161, "varTot": 2.8682354921988074, "AVG_YEAR": 2020 }, "geometry": { "type": "Polygon", "coordinates": [ [ [ -113.70283844758373, 41.985065738750947 ], [ -113.70283844758373, 41.914914961240036 ], [ -113.79716155241627, 41.914914961240036 ], [ -113.79716155241627, 41.985065738750947 ], [ -113.70283844758373, 41.985065738750947 ] ] ] } },
{ "type": "Feature", "properties": { "POINT_X": -113.65, "POINT_Y": 41.95, "n": 1367.0, "AGB_T_HA": 1.6412978209711215, "varTot": 0.50632908176086322, "AVG_YEAR": 2020 }, "geometry": { "type": "Polygon", "coordinates": [ [ [ -113.602838447583721, 41.985065738750947 ], [ -113.602838447583721, 41.914914961240036 ], [ -113.697161552416276, 41.914914961240036 ], [ -113.697161552416276, 41.985065738750947 ], [ -113.602838447583721, 41.985065738750947 ] ] ] } },
{ "type": "Feature", "properties": { "POINT_X": -113.55, "POINT_Y": 41.95, "n": 1079.0, "AGB_T_HA": 5.1468883151439542, "varTot": 0.64109071375119353, "AVG_YEAR": 2020 }, "geometry": { "type": "Polygon", "coordinates": [ [ [ -113.502838447583727, 41.985065738750947 ], [ -113.502838447583727, 41.914914961240036 ], [ -113.597161552416267, 41.914914961240036 ], [ -113.597161552416267, 41.985065738750947 ], [ -113.502838447583727, 41.985065738750947 ] ] ] } },
{ "type": "Feature", "properties": { "POINT_X": 142.85, "POINT_Y": 42.35, "n": 6.0, "AGB_T_HA": 15.505944, "varTot": 113.52170173003343, "AVG_YEAR": 2020 }, "geometry": { "type": "Polygon", "coordinates": [ [ [ 142.897161552416264, 42.384844774899371 ], [ 142.897161552416264, 42.315135898174766 ], [ 142.802838447583696, 42.315135898174766 ], [ 142.802838447583696, 42.384844774899371 ], [ 142.897161552416264, 42.384844774899371 ] ] ] } },
{ "type": "Feature", "properties": { "POINT_X": 142.95, "POINT_Y": 42.35, "n": 5.0, "AGB_T_HA": 22.96573725, "varTot": 143.56931538485557, "AVG_YEAR": 2020 }, "geometry": { "type": "Polygon", "coordinates": [ [ [ 142.997161552416287, 42.384844774899371 ], [ 142.997161552416287, 42.315135898174766 ], [ 142.902838447583719, 42.315135898174766 ], [ 142.902838447583719, 42.384844774899371 ], [ 142.997161552416287, 42.384844774899371 ] ] ] } },
{ "type": "Feature", "properties": { "POINT_X": 143.85, "POINT_Y": 42.95, "n": 6.0, "AGB_T_HA": 13.621005, "varTot": 113.13398807463126, "AVG_YEAR": 2020 }, "geometry": { "type": "Polygon", "coordinates": [ [ [ 143.897161552416264, 42.98451015087403 ], [ 143.897161552416264, 42.91547048889101 ], [ 143.802838447583724, 42.91547048889101 ], [ 143.802838447583724, 42.98451015087403 ], [ 143.897161552416264, 42.98451015087403 ] ] ] } },
{ "type": "Feature", "properties": { "POINT_X": 144.05, "POINT_Y": 43.05, "n": 5.0, "AGB_T_HA": 10.0529946, "varTot": 132.48055381168993, "AVG_YEAR": 2020 }, "geometry": { "type": "Polygon", "coordinates": [ [ [ 144.097161552416281, 43.084454011584995 ], [ 144.097161552416281, 43.015526623453802 ], [ 144.002838447583741, 43.015526623453802 ], [ 144.002838447583741, 43.084454011584995 ], [ 144.097161552416281, 43.084454011584995 ] ] ] } },
{ "type": "Feature", "properties": { "POINT_X": 143.05, "POINT_Y": 43.25, "n": 5.0, "AGB_T_HA": 28.765411874999998, "varTot": 152.91330114859861, "AVG_YEAR": 2020 }, "geometry": { "type": "Polygon", "coordinates": [ [ [ 143.097161552416281, 43.284341418584908 ], [ 143.097161552416281, 43.215639207709323 ], [ 143.002838447583713, 43.215639207709323 ], [ 143.002838447583713, 43.284341418584908 ], [ 143.097161552416281, 43.284341418584908 ] ] ] } },
{ "type": "Feature", "properties": { "POINT_X": 142.85, "POINT_Y": 43.35, "n": 5.0, "AGB_T_HA": 30.0922776, "varTot": 152.12560709828591, "AVG_YEAR": 2020 }, "geometry": { "type": "Polygon", "coordinates": [ [ [ 142.897161552416264, 43.384284965216878 ], [ 142.897161552416264, 43.31569565705913 ], [ 142.802838447583696, 43.31569565705913 ], [ 142.802838447583696, 43.384284965216878 ], [ 142.897161552416264, 43.384284965216878 ] ] ] } },
{ "type": "Feature", "properties": { "POINT_X": 143.85, "POINT_Y": 43.65, "n": 5.0, "AGB_T_HA": 38.91083625, "varTot": 168.81352591093511, "AVG_YEAR": 2020 }, "geometry": { "type": "Polygon", "coordinates": [ [ [ 143.897161552416264, 43.684114979705619 ], [ 143.897161552416264, 43.615865631932607 ], [ 143.802838447583724, 43.615865631932607 ], [ 143.802838447583724, 43.684114979705619 ], [ 143.897161552416264, 43.684114979705619 ] ] ] } },
{ "type": "Feature", "properties": { "POINT_X": 143.35, "POINT_Y": 43.75, "n": 5.0, "AGB_T_HA": 23.5079032875, "varTot": 143.12638731924588, "AVG_YEAR": 2020 }, "geometry": { "type": "Polygon", "coordinates": [ [ [ 143.397161552416236, 43.784058109974865 ], [ 143.397161552416236, 43.71592249858984 ], [ 143.302838447583696, 43.71592249858984 ], [ 143.302838447583696, 43.784058109974865 ], [ 143.397161552416236, 43.784058109974865 ] ] ] } },
{ "type": "Feature", "properties": { "POINT_X": 142.05, "POINT_Y": 43.95, "n": 5.0, "AGB_T_HA": 7.267806, "varTot": 130.66106043956171, "AVG_YEAR": 2020 }, "geometry": { "type": "Polygon", "coordinates": [ [ [ 142.097161552416281, 43.983944059711867 ], [ 142.097161552416281, 43.916036543414705 ], [ 142.002838447583741, 43.916036543414705 ], [ 142.002838447583741, 43.983944059711867 ], [ 142.097161552416281, 43.983944059711867 ] ] ] } },
{ "type": "Feature", "properties": { "POINT_X": 143.15, "POINT_Y": 44.15, "n": 5.0, "AGB_T_HA": 4.925412, "varTot": 129.85130088969609, "AVG_YEAR": 2020 }, "geometry": { "type": "Polygon", "coordinates": [ [ [ 143.197161552416276, 44.18382959620557 ], [ 143.197161552416276, 44.116151002428239 ], [ 143.102838447583707, 44.116151002428239 ], [ 143.102838447583707, 44.18382959620557 ], [ 143.197161552416276, 44.18382959620557 ] ] ] } },
{ "type": "Feature", "properties": { "POINT_X": 141.85, "POINT_Y": 44.25, "n": 6.0, "AGB_T_HA": 25.898138406249998, "varTot": 121.52518544215839, "AVG_YEAR": 2020 }, "geometry": { "type": "Polygon", "coordinates": [ [ [ 141.897161552416264, 44.28377220992185 ], [ 141.897161552416264, 44.216208386820156 ], [ 141.802838447583724, 44.216208386820156 ], [ 141.802838447583724, 44.28377220992185 ], [ 141.897161552416264, 44.28377220992185 ] ] ] } },
{ "type": "Feature", "properties": { "POINT_X": 142.35, "POINT_Y": 44.35, "n": 5.0, "AGB_T_HA": 25.539447487500002, "varTot": 154.70101491720231, "AVG_YEAR": 2020 }, "geometry": { "type": "Polygon", "coordinates": [ [ [ 142.397161552416264, 44.383714720850733 ], [ 142.397161552416264, 44.316265874235896 ], [ 142.302838447583724, 44.316265874235896 ], [ 142.302838447583724, 44.383714720850733 ], [ 142.397161552416264, 44.383714720850733 ] ] ] } },
{ "type": "Feature", "properties": { "POINT_X": -110.65, "POINT_Y": 44.85, "n": 29.0, "AGB_T_HA": 49.599009652054008, "varTot": 12.525366185816425, "AVG_YEAR": 2018 }, "geometry": { "type": "Polygon", "coordinates": [ [ [ -110.602838447583721, 44.883425739824659 ], [ -110.602838447583721, 44.81655485053205 ], [ -110.697161552416276, 44.81655485053205 ], [ -110.697161552416276, 44.883425739824659 ], [ -110.602838447583721, 44.883425739824659 ] ] ] } },
{ "type": "Feature", "properties": { "POINT_X": -110.55, "POINT_Y": 44.85, "n": 353.0, "AGB_T_HA": 25.521496947096178, "varTot": 0.77348916138206469, "AVG_YEAR": 2018 }, "geometry": { "type": "Polygon", "coordinates": [ [ [ -110.502838447583741, 44.883425739824659 ], [ -110.502838447583741, 44.81655485053205 ], [ -110.597161552416296, 44.81655485053205 ], [ -110.597161552416296, 44.883425739824659 ], [ -110.502838447583741, 44.883425739824659 ] ] ] } },
{ "type": "Feature", "properties": { "POINT_X": -110.45, "POINT_Y": 44.85, "n": 70.0, "AGB_T_HA": 53.715591669122333, "varTot": 5.848067901326039, "AVG_YEAR": 2018 }, "geometry": { "type": "Polygon", "coordinates": [ [ [ -110.402838447583719, 44.883425739824659 ], [ -110.402838447583719, 44.81655485053205 ], [ -110.497161552416259, 44.81655485053205 ], [ -110.497161552416259, 44.883425739824659 ], [ -110.402838447583719, 44.883425739824659 ] ] ] } },
{ "type": "Feature", "properties": { "POINT_X": -110.35, "POINT_Y": 44.85, "n": 41.0, "AGB_T_HA": 25.897783913053779, "varTot": 7.6991847883175772, "AVG_YEAR": 2018 }, "geometry": { "type": "Polygon", "coordinates": [ [ [ -110.302838447583738, 44.883425739824659 ], [ -110.302838447583738, 44.81655485053205 ], [ -110.397161552416279, 44.81655485053205 ], [ -110.397161552416279, 44.883425739824659 ], [ -110.302838447583738, 44.883425739824659 ] ] ] } },
{ "type": "Feature", "properties": { "POINT_X": -110.65, "POINT_Y": 44.95, "n": 410.0, "AGB_T_HA": 18.600875961433193, "varTot": 0.7139143422825861, "AVG_YEAR": 2019 }, "geometry": { "type": "Polygon", "coordinates": [ [ [ -110.602838447583721, 44.983367637717762 ], [ -110.602838447583721, 44.916612952402417 ], [ -110.697161552416276, 44.916612952402417 ], [ -110.697161552416276, 44.983367637717762 ], [ -110.602838447583721, 44.983367637717762 ] ] ] } },
{ "type": "Feature", "properties": { "POINT_X": -110.55, "POINT_Y": 44.95, "n": 722.0, "AGB_T_HA": 6.0922844925392479, "varTot": 0.32177002460867604, "AVG_YEAR": 2018 }, "geometry": { "type": "Polygon", "coordinates": [ [ [ -110.502838447583741, 44.983367637717762 ], [ -110.502838447583741, 44.916612952402417 ], [ -110.597161552416296, 44.916612952402417 ], [ -110.597161552416296, 44.983367637717762 ], [ -110.502838447583741, 44.983367637717762 ] ] ] } },
{ "type": "Feature", "properties": { "POINT_X": -110.45, "POINT_Y": 44.95, "n": 667.0, "AGB_T_HA": 15.120552512014148, "varTot": 0.41933379580248215, "AVG_YEAR": 2019 }, "geometry": { "type": "Polygon", "coordinates": [ [ [ -110.402838447583719, 44.983367637717762 ], [ -110.402838447583719, 44.916612952402417 ], [ -110.497161552416259, 44.916612952402417 ], [ -110.497161552416259, 44.983367637717762 ], [ -110.402838447583719, 44.983367637717762 ] ] ] } },
{ "type": "Feature", "properties": { "POINT_X": -110.35, "POINT_Y": 44.95, "n": 153.0, "AGB_T_HA": 6.4163190867335116, "varTot": 1.4192205164600642, "AVG_YEAR": 2019 }, "geometry": { "type": "Polygon", "coordinates": [ [ [ -110.302838447583738, 44.983367637717762 ], [ -110.302838447583738, 44.916612952402417 ], [ -110.397161552416279, 44.916612952402417 ], [ -110.397161552416279, 44.983367637717762 ], [ -110.302838447583738, 44.983367637717762 ] ] ] } },
{ "type": "Feature", "properties": { "POINT_X": -122.35, "POINT_Y": 45.75, "n": 650.0, "AGB_T_HA": 129.51260055214013, "varTot": 0.66483191021003463, "AVG_YEAR": 2017 }, "geometry": { "type": "Polygon", "coordinates": [ [ [ -122.302838447583738, 45.782899179815594 ], [ -122.302838447583738, 45.717081416926241 ], [ -122.397161552416279, 45.717081416926241 ], [ -122.397161552416279, 45.782899179815594 ], [ -122.302838447583738, 45.782899179815594 ] ] ] } },
{ "type": "Feature", "properties": { "POINT_X": -122.25, "POINT_Y": 45.75, "n": 272.0, "AGB_T_HA": 117.10163146496311, "varTot": 1.5425326038741554, "AVG_YEAR": 2017 }, "geometry": { "type": "Polygon", "coordinates": [ [ [ -122.202838447583716, 45.782899179815594 ], [ -122.202838447583716, 45.717081416926241 ], [ -122.29716155241627, 45.717081416926241 ], [ -122.29716155241627, 45.782899179815594 ], [ -122.202838447583716, 45.782899179815594 ] ] ] } },
{ "type": "Feature", "properties": { "POINT_X": -122.05, "POINT_Y": 45.75, "n": 197.0, "AGB_T_HA": 155.43316671610461, "varTot": 2.8308397128195888, "AVG_YEAR": 2018 }, "geometry": { "type": "Polygon", "coordinates": [ [ [ -122.002838447583727, 45.782899179815594 ], [ -122.002838447583727, 45.717081416926241 ], [ -122.097161552416281, 45.717081416926241 ], [ -122.097161552416281, 45.782899179815594 ], [ -122.002838447583727, 45.782899179815594 ] ] ] } },
{ "type": "Feature", "properties": { "POINT_X": -121.95, "POINT_Y": 45.75, "n": 219.0, "AGB_T_HA": 211.83175452563842, "varTot": 3.2595729388057051, "AVG_YEAR": 2019 }, "geometry": { "type": "Polygon", "coordinates": [ [ [ -121.902838447583704, 45.782899179815594 ], [ -121.902838447583704, 45.717081416926241 ], [ -121.997161552416259, 45.717081416926241 ], [ -121.997161552416259, 45.782899179815594 ], [ -121.902838447583704, 45.782899179815594 ] ] ] } },
{ "type": "Feature", "properties": { "POINT_X": -122.35, "POINT_Y": 45.85, "n": 61.0, "AGB_T_HA": 120.35492815839508, "varTot": 6.7139480519686954, "AVG_YEAR": 2017 }, "geometry": { "type": "Polygon", "coordinates": [ [ [ -122.302838447583738, 45.882840170122513 ], [ -122.302838447583738, 45.817140428511095 ], [ -122.397161552416279, 45.817140428511095 ], [ -122.397161552416279, 45.882840170122513 ], [ -122.302838447583738, 45.882840170122513 ] ] ] } },
{ "type": "Feature", "properties": { "POINT_X": -122.25, "POINT_Y": 45.85, "n": 27.0, "AGB_T_HA": 166.32581232001112, "varTot": 18.859374342401722, "AVG_YEAR": 2017 }, "geometry": { "type": "Polygon", "coordinates": [ [ [ -122.202838447583716, 45.882840170122513 ], [ -122.202838447583716, 45.817140428511095 ], [ -122.29716155241627, 45.817140428511095 ], [ -122.29716155241627, 45.882840170122513 ], [ -122.202838447583716, 45.882840170122513 ] ] ] } },
{ "type": "Feature", "properties": { "POINT_X": -122.05, "POINT_Y": 45.85, "n": 1013.0, "AGB_T_HA": 174.19479323135621, "varTot": 0.61140559792383364, "AVG_YEAR": 2018 }, "geometry": { "type": "Polygon", "coordinates": [ [ [ -122.002838447583727, 45.882840170122513 ], [ -122.002838447583727, 45.817140428511095 ], [ -122.097161552416281, 45.817140428511095 ], [ -122.097161552416281, 45.882840170122513 ], [ -122.002838447583727, 45.882840170122513 ] ] ] } },
{ "type": "Feature", "properties": { "POINT_X": -121.95, "POINT_Y": 45.85, "n": 1088.0, "AGB_T_HA": 230.79621976918253, "varTot": 0.76798499206860416, "AVG_YEAR": 2018 }, "geometry": { "type": "Polygon", "coordinates": [ [ [ -121.902838447583704, 45.882840170122513 ], [ -121.902838447583704, 45.817140428511095 ], [ -121.997161552416259, 45.817140428511095 ], [ -121.997161552416259, 45.882840170122513 ], [ -121.902838447583704, 45.882840170122513 ] ] ] } },
{ "type": "Feature", "properties": { "POINT_X": -121.85, "POINT_Y": 45.85, "n": 500.0, "AGB_T_HA": 287.58052237202088, "varTot": 2.2269838198794822, "AVG_YEAR": 2018 }, "geometry": { "type": "Polygon", "coordinates": [ [ [ -121.80283844758371, 45.882840170122513 ], [ -121.80283844758371, 45.817140428511095 ], [ -121.897161552416264, 45.817140428511095 ], [ -121.897161552416264, 45.882840170122513 ], [ -121.80283844758371, 45.882840170122513 ] ] ] } },
{ "type": "Feature", "properties": { "POINT_X": -121.75, "POINT_Y": 45.85, "n": 110.0, "AGB_T_HA": 243.59014025809705, "varTot": 8.1411347186416361, "AVG_YEAR": 2018 }, "geometry": { "type": "Polygon", "coordinates": [ [ [ -121.70283844758373, 45.882840170122513 ], [ -121.70283844758373, 45.817140428511095 ], [ -121.79716155241627, 45.817140428511095 ], [ -121.79716155241627, 45.882840170122513 ], [ -121.70283844758373, 45.882840170122513 ] ] ] } },
{ "type": "Feature", "properties": { "POINT_X": -90.15, "POINT_Y": 45.85, "n": 272.0, "AGB_T_HA": 93.719590904900585, "varTot": 1.723198555342782, "AVG_YEAR": 2019 }, "geometry": { "type": "Polygon", "coordinates": [ [ [ -90.102838447583736, 45.882840170122513 ], [ -90.102838447583736, 45.817140428511095 ], [ -90.197161552416276, 45.817140428511095 ], [ -90.197161552416276, 45.882840170122513 ], [ -90.102838447583736, 45.882840170122513 ] ] ] } },
{ "type": "Feature", "properties": { "POINT_X": -89.55, "POINT_Y": 46.15, "n": 637.0, "AGB_T_HA": 78.90596140093804, "varTot": 0.6173205024729288, "AVG_YEAR": 2019 }, "geometry": { "type": "Polygon", "coordinates": [ [ [ -89.502838447583727, 46.18266254207424 ], [ -89.502838447583727, 46.117318063652966 ], [ -89.597161552416281, 46.117318063652966 ], [ -89.597161552416281, 46.18266254207424 ], [ -89.502838447583727, 46.18266254207424 ] ] ] } },
{ "type": "Feature", "properties": { "POINT_X": -89.55, "POINT_Y": 46.25, "n": 839.0, "AGB_T_HA": 92.780835986171439, "varTot": 0.51436691848699778, "AVG_YEAR": 2019 }, "geometry": { "type": "Polygon", "coordinates": [ [ [ -89.502838447583727, 46.282603133669653 ], [ -89.502838447583727, 46.217377474894754 ], [ -89.597161552416281, 46.217377474894754 ], [ -89.597161552416281, 46.282603133669653 ], [ -89.502838447583727, 46.282603133669653 ] ] ] } },
{ "type": "Feature", "properties": { "POINT_X": 16.95, "POINT_Y": 48.65, "n": 2203.0, "AGB_T_HA": 77.796728499896673, "varTot": 3.9538431068626712, "AVG_YEAR": 2020 }, "geometry": { "type": "Polygon", "coordinates": [ [ [ 16.997161552416273, 48.681147984749344 ], [ 16.997161552416273, 48.618832762669015 ], [ 16.902838447583722, 48.618832762669015 ], [ 16.902838447583722, 48.681147984749344 ], [ 16.997161552416273, 48.681147984749344 ] ] ] } },
{ "type": "Feature", "properties": { "POINT_X": 17.95, "POINT_Y": 49.05, "n": 955.0, "AGB_T_HA": 202.38629606161086, "varTot": 13.250306420634587, "AVG_YEAR": 2020 }, "geometry": { "type": "Polygon", "coordinates": [ [ [ 17.997161552416273, 49.080900081870929 ], [ 17.997161552416273, 49.019080701859146 ], [ 17.902838447583722, 49.019080701859146 ], [ 17.902838447583722, 49.080900081870929 ], [ 17.997161552416273, 49.080900081870929 ] ] ] } },
{ "type": "Feature", "properties": { "POINT_X": 18.55, "POINT_Y": 49.45, "n": 453.0, "AGB_T_HA": 89.526757151729299, "varTot": 16.30638099034627, "AVG_YEAR": 2020 }, "geometry": { "type": "Polygon", "coordinates": [ [ [ 18.597161552416274, 49.480650674370082 ], [ 18.597161552416274, 49.419330149417966 ], [ 18.502838447583724, 49.419330149417966 ], [ 18.502838447583724, 49.480650674370082 ], [ 18.597161552416274, 49.480650674370082 ] ] ] } },
{ "type": "Feature", "properties": { "POINT_X": 18.55, "POINT_Y": 49.55, "n": 795.0, "AGB_T_HA": 120.6222734898837, "varTot": 9.7656184367791283, "AVG_YEAR": 2020 }, "geometry": { "type": "Polygon", "coordinates": [ [ [ 18.597161552416274, 49.580588088820178 ], [ 18.597161552416274, 49.519392745566819 ], [ 18.502838447583724, 49.519392745566819 ], [ 18.502838447583724, 49.580588088820178 ], [ 18.597161552416274, 49.580588088820178 ] ] ] } },
{ "type": "Feature", "properties": { "POINT_X": 4.75, "POINT_Y": 50.85, "n": 12.0, "AGB_T_HA": 34.507458533333335, "varTot": 223.90466249171394, "AVG_YEAR": 2017 }, "geometry": { "type": "Polygon", "coordinates": [ [ [ 4.797161552416275, 50.879766075324255 ], [ 4.797161552416275, 50.820214918049089 ], [ 4.702838447583725, 50.820214918049089 ], [ 4.702838447583725, 50.879766075324255 ], [ 4.797161552416275, 50.879766075324255 ] ] ] } },
{ "type": "Feature", "properties": { "POINT_X": 4.75, "POINT_Y": 51.15, "n": 8.0, "AGB_T_HA": 36.380747263874987, "varTot": 203.75693490445653, "AVG_YEAR": 2018 }, "geometry": { "type": "Polygon", "coordinates": [ [ [ 4.797161552416275, 51.179574190369287 ], [ 4.797161552416275, 51.120406845264 ], [ 4.702838447583725, 51.120406845264 ], [ 4.702838447583725, 51.179574190369287 ], [ 4.797161552416275, 51.179574190369287 ] ] ] } },
{ "type": "Feature", "properties": { "POINT_X": 4.75, "POINT_Y": 51.25, "n": 14.0, "AGB_T_HA": 41.407835536678569, "varTot": 125.51913282874845, "AVG_YEAR": 2018 }, "geometry": { "type": "Polygon", "coordinates": [ [ [ 4.797161552416275, 51.279510048454604 ], [ 4.797161552416275, 51.220471001727674 ], [ 4.702838447583725, 51.220471001727674 ], [ 4.702838447583725, 51.279510048454604 ], [ 4.797161552416275, 51.279510048454604 ] ] ] } },
{ "type": "Feature", "properties": { "POINT_X": 4.85, "POINT_Y": 51.35, "n": 7.0, "AGB_T_HA": 20.863258805160715, "varTot": 216.02584693214806, "AVG_YEAR": 2017 }, "geometry": { "type": "Polygon", "coordinates": [ [ [ 4.897161552416275, 51.379445816733742 ], [ 4.897161552416275, 51.32053524822846 ], [ 4.802838447583724, 51.32053524822846 ], [ 4.802838447583724, 51.379445816733742 ], [ 4.897161552416275, 51.379445816733742 ] ] ] } },
{ "type": "Feature", "properties": { "POINT_X": 38.15, "POINT_Y": 55.95, "n": 9.0, "AGB_T_HA": 128.65386187499999, "varTot": 1686.362794856266, "AVG_YEAR": 2017 }, "geometry": { "type": "Polygon", "coordinates": [ [ [ 38.197161552416269, 55.976397511935978 ], [ 38.197161552416269, 55.923584478845306 ], [ 38.102838447583721, 55.923584478845306 ], [ 38.102838447583721, 55.976397511935978 ], [ 38.197161552416269, 55.976397511935978 ] ] ] } },
{ "type": "Feature", "properties": { "POINT_X": 15.75, "POINT_Y": 56.25, "n": 9.0, "AGB_T_HA": 116.35839393033332, "varTot": 432.48375981710211, "AVG_YEAR": 2017 }, "geometry": { "type": "Polygon", "coordinates": [ [ [ 15.797161552416274, 56.276192589588156 ], [ 15.797161552416274, 56.223789477992682 ], [ 15.702838447583723, 56.223789477992682 ], [ 15.702838447583723, 56.276192589588156 ], [ 15.797161552416274, 56.276192589588156 ] ] ] } },
{ "type": "Feature", "properties": { "POINT_X": -74.45, "POINT_Y": 56.35, "n": 37.0, "AGB_T_HA": 66.308468979729767, "varTot": 25.202823063569699, "AVG_YEAR": 2018 }, "geometry": { "type": "Polygon", "coordinates": [ [ [ -74.402838447583719, 56.376124122450776 ], [ -74.402838447583719, 56.323857971167342 ], [ -74.497161552416273, 56.323857971167342 ], [ -74.497161552416273, 56.376124122450776 ], [ -74.402838447583719, 56.376124122450776 ] ] ] } },
{ "type": "Feature", "properties": { "POINT_X": -74.35, "POINT_Y": 56.35, "n": 5.0, "AGB_T_HA": 107.38370317500002, "varTot": 196.28366480301943, "AVG_YEAR": 2018 }, "geometry": { "type": "Polygon", "coordinates": [ [ [ -74.302838447583738, 56.376124122450776 ], [ -74.302838447583738, 56.323857971167342 ], [ -74.397161552416279, 56.323857971167342 ], [ -74.397161552416279, 56.376124122450776 ], [ -74.302838447583738, 56.376124122450776 ] ] ] } },
{ "type": "Feature", "properties": { "POINT_X": 14.05, "POINT_Y": 56.35, "n": 7.0, "AGB_T_HA": 75.429584334499992, "varTot": 1487.2622425641905, "AVG_YEAR": 2017 }, "geometry": { "type": "Polygon", "coordinates": [ [ [ 14.097161552416276, 56.376124122450776 ], [ 14.097161552416276, 56.323857971167342 ], [ 14.002838447583725, 56.323857971167342 ], [ 14.002838447583725, 56.376124122450776 ], [ 14.097161552416276, 56.376124122450776 ] ] ] } },
{ "type": "Feature", "properties": { "POINT_X": 14.85, "POINT_Y": 56.35, "n": 5.0, "AGB_T_HA": 78.999150767962504, "varTot": 884.0845667962775, "AVG_YEAR": 2017 }, "geometry": { "type": "Polygon", "coordinates": [ [ [ 14.897161552416275, 56.376124122450776 ], [ 14.897161552416275, 56.323857971167342 ], [ 14.802838447583728, 56.323857971167342 ], [ 14.802838447583728, 56.376124122450776 ], [ 14.897161552416275, 56.376124122450776 ] ] ] } },
{ "type": "Feature", "properties": { "POINT_X": 12.95, "POINT_Y": 56.45, "n": 5.0, "AGB_T_HA": 23.960917466437486, "varTot": 353.08791108195663, "AVG_YEAR": 2017 }, "geometry": { "type": "Polygon", "coordinates": [ [ [ 12.997161552416275, 56.476055575816538 ], [ 12.997161552416275, 56.423926544057046 ], [ 12.902838447583724, 56.423926544057046 ], [ 12.902838447583724, 56.476055575816538 ], [ 12.997161552416275, 56.476055575816538 ] ] ] } },
{ "type": "Feature", "properties": { "POINT_X": 13.45, "POINT_Y": 56.45, "n": 6.0, "AGB_T_HA": 101.39373415966666, "varTot": 1047.2372656493196, "AVG_YEAR": 2017 }, "geometry": { "type": "Polygon", "coordinates": [ [ [ 13.497161552416275, 56.476055575816538 ], [ 13.497161552416275, 56.423926544057046 ], [ 13.402838447583726, 56.423926544057046 ], [ 13.402838447583726, 56.476055575816538 ], [ 13.497161552416275, 56.476055575816538 ] ] ] } },
{ "type": "Feature", "properties": { "POINT_X": 13.55, "POINT_Y": 56.45, "n": 5.0, "AGB_T_HA": 25.650773861807501, "varTot": 335.83556325891499, "AVG_YEAR": 2017 }, "geometry": { "type": "Polygon", "coordinates": [ [ [ 13.597161552416274, 56.476055575816538 ], [ 13.597161552416274, 56.423926544057046 ], [ 13.502838447583725, 56.423926544057046 ], [ 13.502838447583725, 56.476055575816538 ], [ 13.597161552416274, 56.476055575816538 ] ] ] } },
{ "type": "Feature", "properties": { "POINT_X": 15.15, "POINT_Y": 56.45, "n": 8.0, "AGB_T_HA": 68.837929444068749, "varTot": 540.71023430445882, "AVG_YEAR": 2017 }, "geometry": { "type": "Polygon", "coordinates": [ [ [ 15.197161552416272, 56.476055575816538 ], [ 15.197161552416272, 56.423926544057046 ], [ 15.102838447583723, 56.423926544057046 ], [ 15.102838447583723, 56.476055575816538 ], [ 15.197161552416272, 56.476055575816538 ] ] ] } },
{ "type": "Feature", "properties": { "POINT_X": 13.35, "POINT_Y": 56.55, "n": 11.0, "AGB_T_HA": 84.359469187499997, "varTot": 345.31454004239816, "AVG_YEAR": 2017 }, "geometry": { "type": "Polygon", "coordinates": [ [ [ 13.397161552416277, 56.575986949894137 ], [ 13.397161552416277, 56.52399519645278 ], [ 13.302838447583726, 56.52399519645278 ], [ 13.302838447583726, 56.575986949894137 ], [ 13.397161552416277, 56.575986949894137 ] ] ] } },
{ "type": "Feature", "properties": { "POINT_X": 14.85, "POINT_Y": 56.55, "n": 8.0, "AGB_T_HA": 64.460135533054682, "varTot": 453.07791528315522, "AVG_YEAR": 2017 }, "geometry": { "type": "Polygon", "coordinates": [ [ [ 14.897161552416275, 56.575986949894137 ], [ 14.897161552416275, 56.52399519645278 ], [ 14.802838447583728, 56.52399519645278 ], [ 14.802838447583728, 56.575986949894137 ], [ 14.897161552416275, 56.575986949894137 ] ] ] } },
{ "type": "Feature", "properties": { "POINT_X": 13.95, "POINT_Y": 56.65, "n": 10.0, "AGB_T_HA": 46.449880048552494, "varTot": 330.31366034449843, "AVG_YEAR": 2017 }, "geometry": { "type": "Polygon", "coordinates": [ [ [ 13.997161552416275, 56.6759182448925 ], [ 13.997161552416275, 56.624063928145304 ], [ 13.902838447583724, 56.624063928145304 ], [ 13.902838447583724, 56.6759182448925 ], [ 13.997161552416275, 56.6759182448925 ] ] ] } },
{ "type": "Feature", "properties": { "POINT_X": 13.65, "POINT_Y": 56.75, "n": 6.0, "AGB_T_HA": 60.878859948302079, "varTot": 465.92973360012974, "AVG_YEAR": 2017 }, "geometry": { "type": "Polygon", "coordinates": [ [ [ 13.697161552416274, 56.775849461020769 ], [ 13.697161552416274, 56.724132738925093 ], [ 13.602838447583723, 56.724132738925093 ], [ 13.602838447583723, 56.775849461020769 ], [ 13.697161552416274, 56.775849461020769 ] ] ] } },
{ "type": "Feature", "properties": { "POINT_X": 14.15, "POINT_Y": 56.75, "n": 6.0, "AGB_T_HA": 54.417254919499996, "varTot": 375.99139848102794, "AVG_YEAR": 2017 }, "geometry": { "type": "Polygon", "coordinates": [ [ [ 14.197161552416274, 56.775849461020769 ], [ 14.197161552416274, 56.724132738925093 ], [ 14.102838447583725, 56.724132738925093 ], [ 14.102838447583725, 56.775849461020769 ], [ 14.197161552416274, 56.775849461020769 ] ] ] } },
{ "type": "Feature", "properties": { "POINT_X": 15.25, "POINT_Y": 56.75, "n": 7.0, "AGB_T_HA": 77.402220054156246, "varTot": 447.90970439691819, "AVG_YEAR": 2017 }, "geometry": { "type": "Polygon", "coordinates": [ [ [ 15.297161552416272, 56.775849461020769 ], [ 15.297161552416272, 56.724132738925093 ], [ 15.202838447583726, 56.724132738925093 ], [ 15.202838447583726, 56.775849461020769 ], [ 15.297161552416272, 56.775849461020769 ] ] ] } },
{ "type": "Feature", "properties": { "POINT_X": 15.45, "POINT_Y": 56.75, "n": 13.0, "AGB_T_HA": 58.663099388379798, "varTot": 179.65785345962627, "AVG_YEAR": 2017 }, "geometry": { "type": "Polygon", "coordinates": [ [ [ 15.497161552416276, 56.775849461020769 ], [ 15.497161552416276, 56.724132738925093 ], [ 15.402838447583726, 56.724132738925093 ], [ 15.402838447583726, 56.775849461020769 ], [ 15.497161552416276, 56.775849461020769 ] ] ] } },
{ "type": "Feature", "properties": { "POINT_X": 15.85, "POINT_Y": 56.75, "n": 12.0, "AGB_T_HA": 85.647159685937496, "varTot": 695.88890869958573, "AVG_YEAR": 2017 }, "geometry": { "type": "Polygon", "coordinates": [ [ [ 15.897161552416277, 56.775849461020769 ], [ 15.897161552416277, 56.724132738925093 ], [ 15.802838447583726, 56.724132738925093 ], [ 15.802838447583726, 56.775849461020769 ], [ 15.897161552416277, 56.775849461020769 ] ] ] } },
{ "type": "Feature", "properties": { "POINT_X": 14.55, "POINT_Y": 56.85, "n": 6.0, "AGB_T_HA": 36.854792053666671, "varTot": 376.26124601864001, "AVG_YEAR": 2017 }, "geometry": { "type": "Polygon", "coordinates": [ [ [ 14.597161552416274, 56.875780598488369 ], [ 14.597161552416274, 56.824201628582465 ], [ 14.502838447583725, 56.824201628582465 ], [ 14.502838447583725, 56.875780598488369 ], [ 14.597161552416274, 56.875780598488369 ] ] ] } },
{ "type": "Feature", "properties": { "POINT_X": 14.65, "POINT_Y": 56.85, "n": 13.0, "AGB_T_HA": 29.342168612636542, "varTot": 291.98126953902988, "AVG_YEAR": 2017 }, "geometry": { "type": "Polygon", "coordinates": [ [ [ 14.697161552416276, 56.875780598488369 ], [ 14.697161552416276, 56.824201628582465 ], [ 14.602838447583725, 56.824201628582465 ], [ 14.602838447583725, 56.875780598488369 ], [ 14.697161552416276, 56.875780598488369 ] ] ] } },
{ "type": "Feature", "properties": { "POINT_X": 15.75, "POINT_Y": 56.85, "n": 7.0, "AGB_T_HA": 71.97437815189376, "varTot": 406.42647794374363, "AVG_YEAR": 2017 }, "geometry": { "type": "Polygon", "coordinates": [ [ [ 15.797161552416274, 56.875780598488369 ], [ 15.797161552416274, 56.824201628582465 ], [ 15.702838447583723, 56.824201628582465 ], [ 15.702838447583723, 56.875780598488369 ], [ 15.797161552416274, 56.875780598488369 ] ] ] } },
{ "type": "Feature", "properties": { "POINT_X": 16.15, "POINT_Y": 56.85, "n": 10.0, "AGB_T_HA": 82.607439682468737, "varTot": 607.08094944650281, "AVG_YEAR": 2017 }, "geometry": { "type": "Polygon", "coordinates": [ [ [ 16.197161552416276, 56.875780598488369 ], [ 16.197161552416276, 56.824201628582465 ], [ 16.102838447583729, 56.824201628582465 ], [ 16.102838447583729, 56.875780598488369 ], [ 16.197161552416276, 56.875780598488369 ] ] ] } },
{ "type": "Feature", "properties": { "POINT_X": 16.35, "POINT_Y": 56.85, "n": 10.0, "AGB_T_HA": 88.431884336843751, "varTot": 488.80796939810273, "AVG_YEAR": 2017 }, "geometry": { "type": "Polygon", "coordinates": [ [ [ 16.397161552416275, 56.875780598488369 ], [ 16.397161552416275, 56.824201628582465 ], [ 16.302838447583724, 56.824201628582465 ], [ 16.302838447583724, 56.875780598488369 ], [ 16.397161552416275, 56.875780598488369 ] ] ] } },
{ "type": "Feature", "properties": { "POINT_X": 13.95, "POINT_Y": 56.95, "n": 10.0, "AGB_T_HA": 78.208204230791253, "varTot": 550.17334920231781, "AVG_YEAR": 2017 }, "geometry": { "type": "Polygon", "coordinates": [ [ [ 13.997161552416275, 56.975711657504952 ], [ 13.997161552416275, 56.924270596907427 ], [ 13.902838447583724, 56.924270596907427 ], [ 13.902838447583724, 56.975711657504952 ], [ 13.997161552416275, 56.975711657504952 ] ] ] } },
{ "type": "Feature", "properties": { "POINT_X": 14.15, "POINT_Y": 56.95, "n": 13.0, "AGB_T_HA": 53.327831928500487, "varTot": 253.40306969380762, "AVG_YEAR": 2017 }, "geometry": { "type": "Polygon", "coordinates": [ [ [ 14.197161552416274, 56.975711657504952 ], [ 14.197161552416274, 56.924270596907427 ], [ 14.102838447583725, 56.924270596907427 ], [ 14.102838447583725, 56.975711657504952 ], [ 14.197161552416274, 56.975711657504952 ] ] ] } },
{ "type": "Feature", "properties": { "POINT_X": 15.55, "POINT_Y": 56.95, "n": 12.0, "AGB_T_HA": 66.674262723984384, "varTot": 286.82484505781412, "AVG_YEAR": 2017 }, "geometry": { "type": "Polygon", "coordinates": [ [ [ 15.597161552416273, 56.975711657504952 ], [ 15.597161552416273, 56.924270596907427 ], [ 15.502838447583724, 56.924270596907427 ], [ 15.502838447583724, 56.975711657504952 ], [ 15.597161552416273, 56.975711657504952 ] ] ] } },
{ "type": "Feature", "properties": { "POINT_X": 15.85, "POINT_Y": 56.95, "n": 10.0, "AGB_T_HA": 102.95148711071249, "varTot": 1012.5979205905658, "AVG_YEAR": 2017 }, "geometry": { "type": "Polygon", "coordinates": [ [ [ 15.897161552416277, 56.975711657504952 ], [ 15.897161552416277, 56.924270596907427 ], [ 15.802838447583726, 56.924270596907427 ], [ 15.802838447583726, 56.975711657504952 ], [ 15.897161552416277, 56.975711657504952 ] ] ] } },
{ "type": "Feature", "properties": { "POINT_X": 12.45, "POINT_Y": 57.05, "n": 8.0, "AGB_T_HA": 55.146799572109387, "varTot": 388.68658852896158, "AVG_YEAR": 2017 }, "geometry": { "type": "Polygon", "coordinates": [ [ [ 12.497161552416275, 57.075642638280385 ], [ 12.497161552416275, 57.02433964368975 ], [ 12.402838447583726, 57.02433964368975 ], [ 12.402838447583726, 57.075642638280385 ], [ 12.497161552416275, 57.075642638280385 ] ] ] } },
{ "type": "Feature", "properties": { "POINT_X": 12.85, "POINT_Y": 57.05, "n": 6.0, "AGB_T_HA": 60.105878686535426, "varTot": 588.19505277489816, "AVG_YEAR": 2017 }, "geometry": { "type": "Polygon", "coordinates": [ [ [ 12.897161552416277, 57.075642638280385 ], [ 12.897161552416277, 57.02433964368975 ], [ 12.802838447583728, 57.02433964368975 ], [ 12.802838447583728, 57.075642638280385 ], [ 12.897161552416277, 57.075642638280385 ] ] ] } },
{ "type": "Feature", "properties": { "POINT_X": 15.25, "POINT_Y": 57.05, "n": 7.0, "AGB_T_HA": 93.890935980618764, "varTot": 498.59700264222266, "AVG_YEAR": 2017 }, "geometry": { "type": "Polygon", "coordinates": [ [ [ 15.297161552416272, 57.075642638280385 ], [ 15.297161552416272, 57.02433964368975 ], [ 15.202838447583726, 57.02433964368975 ], [ 15.202838447583726, 57.075642638280385 ], [ 15.297161552416272, 57.075642638280385 ] ] ] } },
{ "type": "Feature", "properties": { "POINT_X": 14.75, "POINT_Y": 57.15, "n": 5.0, "AGB_T_HA": 60.222293565630004, "varTot": 450.87580858122749, "AVG_YEAR": 2017 }, "geometry": { "type": "Polygon", "coordinates": [ [ [ 14.797161552416275, 57.175573541024782 ], [ 14.797161552416275, 57.124408768718993 ], [ 14.702838447583725, 57.124408768718993 ], [ 14.702838447583725, 57.175573541024782 ], [ 14.797161552416275, 57.175573541024782 ] ] ] } },
{ "type": "Feature", "properties": { "POINT_X": 12.85, "POINT_Y": 57.25, "n": 11.0, "AGB_T_HA": 61.873532365732956, "varTot": 314.85292243528437, "AVG_YEAR": 2017 }, "geometry": { "type": "Polygon", "coordinates": [ [ [ 12.897161552416277, 57.275504365948507 ], [ 12.897161552416277, 57.224477971784452 ], [ 12.802838447583728, 57.224477971784452 ], [ 12.802838447583728, 57.275504365948507 ], [ 12.897161552416277, 57.275504365948507 ] ] ] } },
{ "type": "Feature", "properties": { "POINT_X": 13.85, "POINT_Y": 57.25, "n": 7.0, "AGB_T_HA": 82.049563374375012, "varTot": 2935.232847452191, "AVG_YEAR": 2017 }, "geometry": { "type": "Polygon", "coordinates": [ [ [ 13.897161552416277, 57.275504365948507 ], [ 13.897161552416277, 57.224477971784452 ], [ 13.802838447583728, 57.224477971784452 ], [ 13.802838447583728, 57.275504365948507 ], [ 13.897161552416277, 57.275504365948507 ] ] ] } },
{ "type": "Feature", "properties": { "POINT_X": 13.95, "POINT_Y": 57.25, "n": 5.0, "AGB_T_HA": 66.272261571587507, "varTot": 743.82585570589731, "AVG_YEAR": 2017 }, "geometry": { "type": "Polygon", "coordinates": [ [ [ 13.997161552416275, 57.275504365948507 ], [ 13.997161552416275, 57.224477971784452 ], [ 13.902838447583724, 57.224477971784452 ], [ 13.902838447583724, 57.275504365948507 ], [ 13.997161552416275, 57.275504365948507 ] ] ] } },
{ "type": "Feature", "properties": { "POINT_X": 15.45, "POINT_Y": 57.25, "n": 13.0, "AGB_T_HA": 79.963914205460568, "varTot": 449.38348456570037, "AVG_YEAR": 2017 }, "geometry": { "type": "Polygon", "coordinates": [ [ [ 15.497161552416276, 57.275504365948507 ], [ 15.497161552416276, 57.224477971784452 ], [ 15.402838447583726, 57.224477971784452 ], [ 15.402838447583726, 57.275504365948507 ], [ 15.497161552416276, 57.275504365948507 ] ] ] } },
{ "type": "Feature", "properties": { "POINT_X": 15.65, "POINT_Y": 57.25, "n": 9.0, "AGB_T_HA": 83.510723296180558, "varTot": 495.76928663022835, "AVG_YEAR": 2017 }, "geometry": { "type": "Polygon", "coordinates": [ [ [ 15.697161552416274, 57.275504365948507 ], [ 15.697161552416274, 57.224477971784452 ], [ 15.602838447583723, 57.224477971784452 ], [ 15.602838447583723, 57.275504365948507 ], [ 15.697161552416274, 57.275504365948507 ] ] ] } },
{ "type": "Feature", "properties": { "POINT_X": 16.05, "POINT_Y": 57.25, "n": 11.0, "AGB_T_HA": 58.431216480548869, "varTot": 323.15196740302622, "AVG_YEAR": 2017 }, "geometry": { "type": "Polygon", "coordinates": [ [ [ 16.097161552416274, 57.275504365948507 ], [ 16.097161552416274, 57.224477971784452 ], [ 16.002838447583727, 57.224477971784452 ], [ 16.002838447583727, 57.275504365948507 ], [ 16.097161552416274, 57.275504365948507 ] ] ] } },
{ "type": "Feature", "properties": { "POINT_X": 13.35, "POINT_Y": 57.35, "n": 8.0, "AGB_T_HA": 59.141326086527343, "varTot": 637.45290824125323, "AVG_YEAR": 2017 }, "geometry": { "type": "Polygon", "coordinates": [ [ [ 13.397161552416277, 57.375435113262157 ], [ 13.397161552416277, 57.324547252675224 ], [ 13.302838447583726, 57.324547252675224 ], [ 13.302838447583726, 57.375435113262157 ], [ 13.397161552416277, 57.375435113262157 ] ] ] } },
{ "type": "Feature", "properties": { "POINT_X": 15.15, "POINT_Y": 57.35, "n": 12.0, "AGB_T_HA": 82.461684504037493, "varTot": 406.88094519850716, "AVG_YEAR": 2017 }, "geometry": { "type": "Polygon", "coordinates": [ [ [ 15.197161552416272, 57.375435113262157 ], [ 15.197161552416272, 57.324547252675224 ], [ 15.102838447583723, 57.324547252675224 ], [ 15.102838447583723, 57.375435113262157 ], [ 15.197161552416272, 57.375435113262157 ] ] ] } },
{ "type": "Feature", "properties": { "POINT_X": 15.35, "POINT_Y": 57.35, "n": 8.0, "AGB_T_HA": 69.84121632009375, "varTot": 416.9357505407782, "AVG_YEAR": 2017 }, "geometry": { "type": "Polygon", "coordinates": [ [ [ 15.397161552416277, 57.375435113262157 ], [ 15.397161552416277, 57.324547252675224 ], [ 15.302838447583726, 57.324547252675224 ], [ 15.302838447583726, 57.375435113262157 ], [ 15.397161552416277, 57.375435113262157 ] ] ] } },
{ "type": "Feature", "properties": { "POINT_X": 14.85, "POINT_Y": 57.45, "n": 5.0, "AGB_T_HA": 60.936406116125006, "varTot": 611.38869585995633, "AVG_YEAR": 2017 }, "geometry": { "type": "Polygon", "coordinates": [ [ [ 14.897161552416275, 57.475365783176535 ], [ 14.897161552416275, 57.424616611180106 ], [ 14.802838447583728, 57.424616611180106 ], [ 14.802838447583728, 57.475365783176535 ], [ 14.897161552416275, 57.475365783176535 ] ] ] } },
{ "type": "Feature", "properties": { "POINT_X": 14.95, "POINT_Y": 57.45, "n": 11.0, "AGB_T_HA": 96.461355706500001, "varTot": 649.60216557166211, "AVG_YEAR": 2017 }, "geometry": { "type": "Polygon", "coordinates": [ [ [ 14.997161552416275, 57.475365783176535 ], [ 14.997161552416275, 57.424616611180106 ], [ 14.902838447583726, 57.424616611180106 ], [ 14.902838447583726, 57.475365783176535 ], [ 14.997161552416275, 57.475365783176535 ] ] ] } },
{ "type": "Feature", "properties": { "POINT_X": 16.45, "POINT_Y": 57.45, "n": 10.0, "AGB_T_HA": 50.381152019681252, "varTot": 244.68439086833729, "AVG_YEAR": 2017 }, "geometry": { "type": "Polygon", "coordinates": [ [ [ 16.497161552416273, 57.475365783176535 ], [ 16.497161552416273, 57.424616611180106 ], [ 16.402838447583726, 57.424616611180106 ], [ 16.402838447583726, 57.475365783176535 ], [ 16.497161552416273, 57.475365783176535 ] ] ] } },
{ "type": "Feature", "properties": { "POINT_X": 16.65, "POINT_Y": 57.45, "n": 5.0, "AGB_T_HA": 53.096607201250002, "varTot": 611.84456874159173, "AVG_YEAR": 2017 }, "geometry": { "type": "Polygon", "coordinates": [ [ [ 16.697161552416276, 57.475365783176535 ], [ 16.697161552416276, 57.424616611180106 ], [ 16.602838447583725, 57.424616611180106 ], [ 16.602838447583725, 57.475365783176535 ], [ 16.697161552416276, 57.475365783176535 ] ] ] } },
{ "type": "Feature", "properties": { "POINT_X": 11.95, "POINT_Y": 57.55, "n": 7.0, "AGB_T_HA": 67.892345097499984, "varTot": 809.58071117890006, "AVG_YEAR": 2017 }, "geometry": { "type": "Polygon", "coordinates": [ [ [ 11.997161552416275, 57.575296375902738 ], [ 11.997161552416275, 57.524686047087705 ], [ 11.902838447583724, 57.524686047087705 ], [ 11.902838447583724, 57.575296375902738 ], [ 11.997161552416275, 57.575296375902738 ] ] ] } },
{ "type": "Feature", "properties": { "POINT_X": 14.65, "POINT_Y": 57.55, "n": 6.0, "AGB_T_HA": 126.01589827535416, "varTot": 1810.700455100199, "AVG_YEAR": 2017 }, "geometry": { "type": "Polygon", "coordinates": [ [ [ 14.697161552416276, 57.575296375902738 ], [ 14.697161552416276, 57.524686047087705 ], [ 14.602838447583725, 57.524686047087705 ], [ 14.602838447583725, 57.575296375902738 ], [ 14.697161552416276, 57.575296375902738 ] ] ] } },
{ "type": "Feature", "properties": { "POINT_X": 15.55, "POINT_Y": 57.55, "n": 5.0, "AGB_T_HA": 17.455177724392499, "varTot": 306.41720114106766, "AVG_YEAR": 2017 }, "geometry": { "type": "Polygon", "coordinates": [ [ [ 15.597161552416273, 57.575296375902738 ], [ 15.597161552416273, 57.524686047087705 ], [ 15.502838447583724, 57.524686047087705 ], [ 15.502838447583724, 57.575296375902738 ], [ 15.597161552416273, 57.575296375902738 ] ] ] } },
{ "type": "Feature", "properties": { "POINT_X": 15.75, "POINT_Y": 57.55, "n": 5.0, "AGB_T_HA": 123.692873406025, "varTot": 1401.0221263845394, "AVG_YEAR": 2017 }, "geometry": { "type": "Polygon", "coordinates": [ [ [ 15.797161552416274, 57.575296375902738 ], [ 15.797161552416274, 57.524686047087705 ], [ 15.702838447583723, 57.524686047087705 ], [ 15.702838447583723, 57.575296375902738 ], [ 15.797161552416274, 57.575296375902738 ] ] ] } },
{ "type": "Feature", "properties": { "POINT_X": 15.95, "POINT_Y": 57.55, "n": 10.0, "AGB_T_HA": 73.904627456362505, "varTot": 322.71716249295952, "AVG_YEAR": 2017 }, "geometry": { "type": "Polygon", "coordinates": [ [ [ 15.997161552416273, 57.575296375902738 ], [ 15.997161552416273, 57.524686047087705 ], [ 15.902838447583724, 57.524686047087705 ], [ 15.902838447583724, 57.575296375902738 ], [ 15.997161552416273, 57.575296375902738 ] ] ] } },
{ "type": "Feature", "properties": { "POINT_X": 16.35, "POINT_Y": 57.55, "n": 9.0, "AGB_T_HA": 71.225055627777778, "varTot": 401.82895988389402, "AVG_YEAR": 2017 }, "geometry": { "type": "Polygon", "coordinates": [ [ [ 16.397161552416275, 57.575296375902738 ], [ 16.397161552416275, 57.524686047087705 ], [ 16.302838447583724, 57.524686047087705 ], [ 16.302838447583724, 57.575296375902738 ], [ 16.397161552416275, 57.575296375902738 ] ] ] } },
{ "type": "Feature", "properties": { "POINT_X": 13.55, "POINT_Y": 57.65, "n": 15.0, "AGB_T_HA": 98.349539348666653, "varTot": 343.38377416073621, "AVG_YEAR": 2017 }, "geometry": { "type": "Polygon", "coordinates": [ [ [ 13.597161552416274, 57.675226891652024 ], [ 13.597161552416274, 57.624755560186351 ], [ 13.502838447583725, 57.624755560186351 ], [ 13.502838447583725, 57.675226891652024 ], [ 13.597161552416274, 57.675226891652024 ] ] ] } },
{ "type": "Feature", "properties": { "POINT_X": 14.15, "POINT_Y": 57.65, "n": 10.0, "AGB_T_HA": 71.779683615337504, "varTot": 572.20534666493188, "AVG_YEAR": 2017 }, "geometry": { "type": "Polygon", "coordinates": [ [ [ 14.197161552416274, 57.675226891652024 ], [ 14.197161552416274, 57.624755560186351 ], [ 14.102838447583725, 57.624755560186351 ], [ 14.102838447583725, 57.675226891652024 ], [ 14.197161552416274, 57.675226891652024 ] ] ] } },
{ "type": "Feature", "properties": { "POINT_X": -76.25, "POINT_Y": 57.75, "n": 19.0, "AGB_T_HA": 120.50678622039473, "varTot": 56.48591960036547, "AVG_YEAR": 2019 }, "geometry": { "type": "Polygon", "coordinates": [ [ [ -76.202838447583716, 57.775157330635942 ], [ -76.202838447583716, 57.724825150264202 ], [ -76.29716155241627, 57.724825150264202 ], [ -76.29716155241627, 57.775157330635942 ], [ -76.202838447583716, 57.775157330635942 ] ] ] } },
{ "type": "Feature", "properties": { "POINT_X": -76.15, "POINT_Y": 57.75, "n": 23.0, "AGB_T_HA": 126.21357622282611, "varTot": 41.91015730832904, "AVG_YEAR": 2019 }, "geometry": { "type": "Polygon", "coordinates": [ [ [ -76.102838447583736, 57.775157330635942 ], [ -76.102838447583736, 57.724825150264202 ], [ -76.197161552416276, 57.724825150264202 ], [ -76.197161552416276, 57.775157330635942 ], [ -76.102838447583736, 57.775157330635942 ] ] ] } },
{ "type": "Feature", "properties": { "POINT_X": 12.25, "POINT_Y": 57.75, "n": 10.0, "AGB_T_HA": 62.942527127768756, "varTot": 510.39331871952334, "AVG_YEAR": 2017 }, "geometry": { "type": "Polygon", "coordinates": [ [ [ 12.297161552416275, 57.775157330635942 ], [ 12.297161552416275, 57.724825150264202 ], [ 12.202838447583725, 57.724825150264202 ], [ 12.202838447583725, 57.775157330635942 ], [ 12.297161552416275, 57.775157330635942 ] ] ] } },
{ "type": "Feature", "properties": { "POINT_X": 14.05, "POINT_Y": 57.75, "n": 6.0, "AGB_T_HA": 51.478749391739584, "varTot": 444.85835978366339, "AVG_YEAR": 2017 }, "geometry": { "type": "Polygon", "coordinates": [ [ [ 14.097161552416276, 57.775157330635942 ], [ 14.097161552416276, 57.724825150264202 ], [ 14.002838447583725, 57.724825150264202 ], [ 14.002838447583725, 57.775157330635942 ], [ 14.097161552416276, 57.775157330635942 ] ] ] } },
{ "type": "Feature", "properties": { "POINT_X": 16.35, "POINT_Y": 57.75, "n": 12.0, "AGB_T_HA": 62.618156809060416, "varTot": 352.14681981694122, "AVG_YEAR": 2017 }, "geometry": { "type": "Polygon", "coordinates": [ [ [ 16.397161552416275, 57.775157330635942 ], [ 16.397161552416275, 57.724825150264202 ], [ 16.302838447583724, 57.724825150264202 ], [ 16.302838447583724, 57.775157330635942 ], [ 16.397161552416275, 57.775157330635942 ] ] ] } },
{ "type": "Feature", "properties": { "POINT_X": 12.45, "POINT_Y": 57.85, "n": 7.0, "AGB_T_HA": 77.334786209080363, "varTot": 718.1657109107191, "AVG_YEAR": 2017 }, "geometry": { "type": "Polygon", "coordinates": [ [ [ 12.497161552416275, 57.875087693066263 ], [ 12.497161552416275, 57.824894817109133 ], [ 12.402838447583726, 57.824894817109133 ], [ 12.402838447583726, 57.875087693066263 ], [ 12.497161552416275, 57.875087693066263 ] ] ] } },
{ "type": "Feature", "properties": { "POINT_X": 13.85, "POINT_Y": 57.85, "n": 13.0, "AGB_T_HA": 56.496501538502301, "varTot": 270.8020502205469, "AVG_YEAR": 2017 }, "geometry": { "type": "Polygon", "coordinates": [ [ [ 13.897161552416277, 57.875087693066263 ], [ 13.897161552416277, 57.824894817109133 ], [ 13.802838447583728, 57.824894817109133 ], [ 13.802838447583728, 57.875087693066263 ], [ 13.897161552416277, 57.875087693066263 ] ] ] } },
{ "type": "Feature", "properties": { "POINT_X": 15.55, "POINT_Y": 57.85, "n": 6.0, "AGB_T_HA": 91.708990784791681, "varTot": 761.05881430320551, "AVG_YEAR": 2017 }, "geometry": { "type": "Polygon", "coordinates": [ [ [ 15.597161552416273, 57.875087693066263 ], [ 15.597161552416273, 57.824894817109133 ], [ 15.502838447583724, 57.824894817109133 ], [ 15.502838447583724, 57.875087693066263 ], [ 15.597161552416273, 57.875087693066263 ] ] ] } },
{ "type": "Feature", "properties": { "POINT_X": 15.85, "POINT_Y": 57.85, "n": 18.0, "AGB_T_HA": 77.178113643024304, "varTot": 443.06799738037193, "AVG_YEAR": 2017 }, "geometry": { "type": "Polygon", "coordinates": [ [ [ 15.897161552416277, 57.875087693066263 ], [ 15.897161552416277, 57.824894817109133 ], [ 15.802838447583726, 57.824894817109133 ], [ 15.802838447583726, 57.875087693066263 ], [ 15.897161552416277, 57.875087693066263 ] ] ] } },
{ "type": "Feature", "properties": { "POINT_X": 15.25, "POINT_Y": 57.95, "n": 7.0, "AGB_T_HA": 106.77781604464288, "varTot": 852.00862861561893, "AVG_YEAR": 2017 }, "geometry": { "type": "Polygon", "coordinates": [ [ [ 15.297161552416272, 57.975017979154977 ], [ 15.297161552416272, 57.924964560508776 ], [ 15.202838447583726, 57.924964560508776 ], [ 15.202838447583726, 57.975017979154977 ], [ 15.297161552416272, 57.975017979154977 ] ] ] } },
{ "type": "Feature", "properties": { "POINT_X": 12.85, "POINT_Y": 58.05, "n": 10.0, "AGB_T_HA": 59.584074256157493, "varTot": 669.8844907019577, "AVG_YEAR": 2017 }, "geometry": { "type": "Polygon", "coordinates": [ [ [ 12.897161552416277, 58.074948189114295 ], [ 12.897161552416277, 58.025034380250553 ], [ 12.802838447583728, 58.025034380250553 ], [ 12.802838447583728, 58.074948189114295 ], [ 12.897161552416277, 58.074948189114295 ] ] ] } },
{ "type": "Feature", "properties": { "POINT_X": 14.75, "POINT_Y": 58.05, "n": 14.0, "AGB_T_HA": 105.00218707937502, "varTot": 432.63730258068676, "AVG_YEAR": 2017 }, "geometry": { "type": "Polygon", "coordinates": [ [ [ 14.797161552416275, 58.074948189114295 ], [ 14.797161552416275, 58.025034380250553 ], [ 14.702838447583725, 58.025034380250553 ], [ 14.702838447583725, 58.074948189114295 ], [ 14.797161552416275, 58.074948189114295 ] ] ] } },
{ "type": "Feature", "properties": { "POINT_X": 13.95, "POINT_Y": 58.15, "n": 9.0, "AGB_T_HA": 75.412179256519437, "varTot": 530.0507610189843, "AVG_YEAR": 2017 }, "geometry": { "type": "Polygon", "coordinates": [ [ [ 13.997161552416275, 58.17487832315669 ], [ 13.997161552416275, 58.125104276121647 ], [ 13.902838447583724, 58.125104276121647 ], [ 13.902838447583724, 58.17487832315669 ], [ 13.997161552416275, 58.17487832315669 ] ] ] } },
{ "type": "Feature", "properties": { "POINT_X": 15.45, "POINT_Y": 58.15, "n": 14.0, "AGB_T_HA": 102.37539409232144, "varTot": 356.42825617730227, "AVG_YEAR": 2017 }, "geometry": { "type": "Polygon", "coordinates": [ [ [ 15.497161552416276, 58.17487832315669 ], [ 15.497161552416276, 58.125104276121647 ], [ 15.402838447583726, 58.125104276121647 ], [ 15.402838447583726, 58.17487832315669 ], [ 15.497161552416276, 58.17487832315669 ] ] ] } },
{ "type": "Feature", "properties": { "POINT_X": 15.65, "POINT_Y": 58.15, "n": 5.0, "AGB_T_HA": 54.418568774224994, "varTot": 387.38014139680729, "AVG_YEAR": 2017 }, "geometry": { "type": "Polygon", "coordinates": [ [ [ 15.697161552416274, 58.17487832315669 ], [ 15.697161552416274, 58.125104276121647 ], [ 15.602838447583723, 58.125104276121647 ], [ 15.602838447583723, 58.17487832315669 ], [ 15.697161552416274, 58.17487832315669 ] ] ] } },
{ "type": "Feature", "properties": { "POINT_X": 16.05, "POINT_Y": 58.15, "n": 9.0, "AGB_T_HA": 83.118648031000006, "varTot": 618.59863296292565, "AVG_YEAR": 2017 }, "geometry": { "type": "Polygon", "coordinates": [ [ [ 16.097161552416274, 58.17487832315669 ], [ 16.097161552416274, 58.125104276121647 ], [ 16.002838447583727, 58.125104276121647 ], [ 16.002838447583727, 58.17487832315669 ], [ 16.097161552416274, 58.17487832315669 ] ] ] } },
{ "type": "Feature", "properties": { "POINT_X": 15.15, "POINT_Y": 58.25, "n": 5.0, "AGB_T_HA": 69.618638020799992, "varTot": 683.88753060318675, "AVG_YEAR": 2017 }, "geometry": { "type": "Polygon", "coordinates": [ [ [ 15.197161552416272, 58.274808381494815 ], [ 15.197161552416272, 58.225174247909017 ], [ 15.102838447583723, 58.225174247909017 ], [ 15.102838447583723, 58.274808381494815 ], [ 15.197161552416272, 58.274808381494815 ] ] ] } },
{ "type": "Feature", "properties": { "POINT_X": 12.95, "POINT_Y": 58.35, "n": 6.0, "AGB_T_HA": 17.824334845208334, "varTot": 348.60863981186219, "AVG_YEAR": 2017 }, "geometry": { "type": "Polygon", "coordinates": [ [ [ 12.997161552416275, 58.374738364341638 ], [ 12.997161552416275, 58.325244295399344 ], [ 12.902838447583724, 58.325244295399344 ], [ 12.902838447583724, 58.374738364341638 ], [ 12.997161552416275, 58.374738364341638 ] ] ] } },
{ "type": "Feature", "properties": { "POINT_X": -75.55, "POINT_Y": 58.45, "n": 5.0, "AGB_T_HA": 37.1016819, "varTot": 179.22567895355459, "AVG_YEAR": 2019 }, "geometry": { "type": "Polygon", "coordinates": [ [ [ -75.502838447583727, 58.474668271910275 ], [ -75.502838447583727, 58.425314418379159 ], [ -75.597161552416267, 58.425314418379159 ], [ -75.597161552416267, 58.474668271910275 ], [ -75.502838447583727, 58.474668271910275 ] ] ] } },
{ "type": "Feature", "properties": { "POINT_X": -75.45, "POINT_Y": 58.45, "n": 15.0, "AGB_T_HA": 15.528796145833333, "varTot": 62.370190654134923, "AVG_YEAR": 2019 }, "geometry": { "type": "Polygon", "coordinates": [ [ [ -75.402838447583719, 58.474668271910275 ], [ -75.402838447583719, 58.425314418379159 ], [ -75.497161552416273, 58.425314418379159 ], [ -75.497161552416273, 58.474668271910275 ], [ -75.402838447583719, 58.474668271910275 ] ] ] } },
{ "type": "Feature", "properties": { "POINT_X": 11.95, "POINT_Y": 58.45, "n": 9.0, "AGB_T_HA": 94.402635198888888, "varTot": 733.14851310805147, "AVG_YEAR": 2017 }, "geometry": { "type": "Polygon", "coordinates": [ [ [ 11.997161552416275, 58.474668271910275 ], [ 11.997161552416275, 58.425314418379159 ], [ 11.902838447583724, 58.425314418379159 ], [ 11.902838447583724, 58.474668271910275 ], [ 11.997161552416275, 58.474668271910275 ] ] ] } },
{ "type": "Feature", "properties": { "POINT_X": 12.35, "POINT_Y": 58.45, "n": 6.0, "AGB_T_HA": 81.28667171083336, "varTot": 2911.1455472080811, "AVG_YEAR": 2017 }, "geometry": { "type": "Polygon", "coordinates": [ [ [ 12.397161552416277, 58.474668271910275 ], [ 12.397161552416277, 58.425314418379159 ], [ 12.302838447583726, 58.425314418379159 ], [ 12.302838447583726, 58.474668271910275 ], [ 12.397161552416277, 58.474668271910275 ] ] ] } },
{ "type": "Feature", "properties": { "POINT_X": 13.85, "POINT_Y": 58.45, "n": 8.0, "AGB_T_HA": 75.362356315265629, "varTot": 812.28585954443849, "AVG_YEAR": 2017 }, "geometry": { "type": "Polygon", "coordinates": [ [ [ 13.897161552416277, 58.474668271910275 ], [ 13.897161552416277, 58.425314418379159 ], [ 13.802838447583728, 58.425314418379159 ], [ 13.802838447583728, 58.474668271910275 ], [ 13.897161552416277, 58.474668271910275 ] ] ] } },
{ "type": "Feature", "properties": { "POINT_X": 14.05, "POINT_Y": 58.45, "n": 6.0, "AGB_T_HA": 61.191804045489562, "varTot": 1897.5187465213319, "AVG_YEAR": 2017 }, "geometry": { "type": "Polygon", "coordinates": [ [ [ 14.097161552416276, 58.474668271910275 ], [ 14.097161552416276, 58.425314418379159 ], [ 14.002838447583725, 58.425314418379159 ], [ 14.002838447583725, 58.474668271910275 ], [ 14.097161552416276, 58.474668271910275 ] ] ] } },
{ "type": "Feature", "properties": { "POINT_X": 14.25, "POINT_Y": 58.45, "n": 9.0, "AGB_T_HA": 43.151585636555573, "varTot": 407.36289561389043, "AVG_YEAR": 2017 }, "geometry": { "type": "Polygon", "coordinates": [ [ [ 14.297161552416274, 58.474668271910275 ], [ 14.297161552416274, 58.425314418379159 ], [ 14.202838447583725, 58.425314418379159 ], [ 14.202838447583725, 58.474668271910275 ], [ 14.297161552416274, 58.474668271910275 ] ] ] } },
{ "type": "Feature", "properties": { "POINT_X": 15.95, "POINT_Y": 58.45, "n": 6.0, "AGB_T_HA": 27.497098908281249, "varTot": 387.14987009003505, "AVG_YEAR": 2017 }, "geometry": { "type": "Polygon", "coordinates": [ [ [ 15.997161552416273, 58.474668271910275 ], [ 15.997161552416273, 58.425314418379159 ], [ 15.902838447583724, 58.425314418379159 ], [ 15.902838447583724, 58.474668271910275 ], [ 15.997161552416273, 58.474668271910275 ] ] ] } },
{ "type": "Feature", "properties": { "POINT_X": -75.45, "POINT_Y": 58.55, "n": 10.0, "AGB_T_HA": 13.9569438125, "varTot": 126.30608495493209, "AVG_YEAR": 2019 }, "geometry": { "type": "Polygon", "coordinates": [ [ [ -75.402838447583719, 58.574598104414122 ], [ -75.402838447583719, 58.52538461663471 ], [ -75.497161552416273, 58.52538461663471 ], [ -75.497161552416273, 58.574598104414122 ], [ -75.402838447583719, 58.574598104414122 ] ] ] } },
{ "type": "Feature", "properties": { "POINT_X": 13.65, "POINT_Y": 58.55, "n": 5.0, "AGB_T_HA": 92.95682559552499, "varTot": 1803.5045686219332, "AVG_YEAR": 2017 }, "geometry": { "type": "Polygon", "coordinates": [ [ [ 13.697161552416274, 58.574598104414122 ], [ 13.697161552416274, 58.52538461663471 ], [ 13.602838447583723, 58.52538461663471 ], [ 13.602838447583723, 58.574598104414122 ], [ 13.697161552416274, 58.574598104414122 ] ] ] } },
{ "type": "Feature", "properties": { "POINT_X": 15.85, "POINT_Y": 58.55, "n": 7.0, "AGB_T_HA": 37.662762628120717, "varTot": 368.65828884568697, "AVG_YEAR": 2017 }, "geometry": { "type": "Polygon", "coordinates": [ [ [ 15.897161552416277, 58.574598104414122 ], [ 15.897161552416277, 58.52538461663471 ], [ 15.802838447583726, 58.52538461663471 ], [ 15.802838447583726, 58.574598104414122 ], [ 15.897161552416277, 58.574598104414122 ] ] ] } },
{ "type": "Feature", "properties": { "POINT_X": 14.05, "POINT_Y": 58.65, "n": 16.0, "AGB_T_HA": 41.186737803799211, "varTot": 248.03239823739398, "AVG_YEAR": 2017 }, "geometry": { "type": "Polygon", "coordinates": [ [ [ 14.097161552416276, 58.674527862066739 ], [ 14.097161552416276, 58.625454889951968 ], [ 14.002838447583725, 58.625454889951968 ], [ 14.002838447583725, 58.674527862066739 ], [ 14.097161552416276, 58.674527862066739 ] ] ] } },
{ "type": "Feature", "properties": { "POINT_X": 14.45, "POINT_Y": 58.65, "n": 11.0, "AGB_T_HA": 65.503560835426129, "varTot": 344.53788194669249, "AVG_YEAR": 2017 }, "geometry": { "type": "Polygon", "coordinates": [ [ [ 14.497161552416275, 58.674527862066739 ], [ 14.497161552416275, 58.625454889951968 ], [ 14.402838447583724, 58.625454889951968 ], [ 14.402838447583724, 58.674527862066739 ], [ 14.497161552416275, 58.674527862066739 ] ] ] } },
{ "type": "Feature", "properties": { "POINT_X": 15.25, "POINT_Y": 58.85, "n": 10.0, "AGB_T_HA": 67.526475442106246, "varTot": 339.92924732873843, "AVG_YEAR": 2017 }, "geometry": { "type": "Polygon", "coordinates": [ [ [ 15.297161552416272, 58.874387153673915 ], [ 15.297161552416272, 58.825595660914686 ], [ 15.202838447583726, 58.825595660914686 ], [ 15.202838447583726, 58.874387153673915 ], [ 15.297161552416272, 58.874387153673915 ] ] ] } },
{ "type": "Feature", "properties": { "POINT_X": 16.95, "POINT_Y": 58.85, "n": 5.0, "AGB_T_HA": 62.268872517624999, "varTot": 552.0862164534185, "AVG_YEAR": 2017 }, "geometry": { "type": "Polygon", "coordinates": [ [ [ 16.997161552416273, 58.874387153673915 ], [ 16.997161552416273, 58.825595660914686 ], [ 16.902838447583722, 58.825595660914686 ], [ 16.902838447583722, 58.874387153673915 ], [ 16.997161552416273, 58.874387153673915 ] ] ] } },
{ "type": "Feature", "properties": { "POINT_X": 12.15, "POINT_Y": 58.95, "n": 8.0, "AGB_T_HA": 60.766475145468746, "varTot": 528.50917465828024, "AVG_YEAR": 2017 }, "geometry": { "type": "Polygon", "coordinates": [ [ [ 12.197161552416274, 58.974316688056824 ], [ 12.197161552416274, 58.925666158131058 ], [ 12.102838447583727, 58.925666158131058 ], [ 12.102838447583727, 58.974316688056824 ], [ 12.197161552416274, 58.974316688056824 ] ] ] } },
{ "type": "Feature", "properties": { "POINT_X": 14.65, "POINT_Y": 58.95, "n": 12.0, "AGB_T_HA": 84.453189424291665, "varTot": 462.1420930055931, "AVG_YEAR": 2017 }, "geometry": { "type": "Polygon", "coordinates": [ [ [ 14.697161552416276, 58.974316688056824 ], [ 14.697161552416276, 58.925666158131058 ], [ 14.602838447583725, 58.925666158131058 ], [ 14.602838447583725, 58.974316688056824 ], [ 14.697161552416276, 58.974316688056824 ] ] ] } },
{ "type": "Feature", "properties": { "POINT_X": 16.25, "POINT_Y": 58.95, "n": 6.0, "AGB_T_HA": 77.172149990687515, "varTot": 658.01621143175714, "AVG_YEAR": 2017 }, "geometry": { "type": "Polygon", "coordinates": [ [ [ 16.297161552416274, 58.974316688056824 ], [ 16.297161552416274, 58.925666158131058 ], [ 16.202838447583723, 58.925666158131058 ], [ 16.202838447583723, 58.974316688056824 ], [ 16.297161552416274, 58.974316688056824 ] ] ] } },
{ "type": "Feature", "properties": { "POINT_X": 11.85, "POINT_Y": 59.05, "n": 15.0, "AGB_T_HA": 43.794823836187504, "varTot": 381.15775623910338, "AVG_YEAR": 2017 }, "geometry": { "type": "Polygon", "coordinates": [ [ [ 11.897161552416277, 59.074246148445177 ], [ 11.897161552416277, 59.025736729550943 ], [ 11.802838447583728, 59.025736729550943 ], [ 11.802838447583728, 59.074246148445177 ], [ 11.897161552416277, 59.074246148445177 ] ] ] } },
{ "type": "Feature", "properties": { "POINT_X": 11.95, "POINT_Y": 59.05, "n": 7.0, "AGB_T_HA": 80.673419579410705, "varTot": 843.71281535578373, "AVG_YEAR": 2017 }, "geometry": { "type": "Polygon", "coordinates": [ [ [ 11.997161552416275, 59.074246148445177 ], [ 11.997161552416275, 59.025736729550943 ], [ 11.902838447583724, 59.025736729550943 ], [ 11.902838447583724, 59.074246148445177 ], [ 11.997161552416275, 59.074246148445177 ] ] ] } },
{ "type": "Feature", "properties": { "POINT_X": 12.45, "POINT_Y": 59.05, "n": 14.0, "AGB_T_HA": 67.210221794790186, "varTot": 280.56090394119525, "AVG_YEAR": 2017 }, "geometry": { "type": "Polygon", "coordinates": [ [ [ 12.497161552416275, 59.074246148445177 ], [ 12.497161552416275, 59.025736729550943 ], [ 12.402838447583726, 59.025736729550943 ], [ 12.402838447583726, 59.074246148445177 ], [ 12.497161552416275, 59.074246148445177 ] ] ] } },
{ "type": "Feature", "properties": { "POINT_X": 15.45, "POINT_Y": 59.05, "n": 6.0, "AGB_T_HA": 64.0896574697625, "varTot": 486.61483203246098, "AVG_YEAR": 2017 }, "geometry": { "type": "Polygon", "coordinates": [ [ [ 15.497161552416276, 59.074246148445177 ], [ 15.497161552416276, 59.025736729550943 ], [ 15.402838447583726, 59.025736729550943 ], [ 15.402838447583726, 59.074246148445177 ], [ 15.497161552416276, 59.074246148445177 ] ] ] } },
{ "type": "Feature", "properties": { "POINT_X": 15.65, "POINT_Y": 59.05, "n": 15.0, "AGB_T_HA": 82.020438038058344, "varTot": 467.4193124942704, "AVG_YEAR": 2017 }, "geometry": { "type": "Polygon", "coordinates": [ [ [ 15.697161552416274, 59.074246148445177 ], [ 15.697161552416274, 59.025736729550943 ], [ 15.602838447583723, 59.025736729550943 ], [ 15.602838447583723, 59.074246148445177 ], [ 15.697161552416274, 59.074246148445177 ] ] ] } },
{ "type": "Feature", "properties": { "POINT_X": 15.95, "POINT_Y": 59.05, "n": 6.0, "AGB_T_HA": 97.188272416958327, "varTot": 1894.350769903235, "AVG_YEAR": 2017 }, "geometry": { "type": "Polygon", "coordinates": [ [ [ 15.997161552416273, 59.074246148445177 ], [ 15.997161552416273, 59.025736729550943 ], [ 15.902838447583724, 59.025736729550943 ], [ 15.902838447583724, 59.074246148445177 ], [ 15.997161552416273, 59.074246148445177 ] ] ] } },
{ "type": "Feature", "properties": { "POINT_X": 16.05, "POINT_Y": 59.05, "n": 10.0, "AGB_T_HA": 131.84572748049999, "varTot": 1732.6764029158705, "AVG_YEAR": 2017 }, "geometry": { "type": "Polygon", "coordinates": [ [ [ 16.097161552416274, 59.074246148445177 ], [ 16.097161552416274, 59.025736729550943 ], [ 16.002838447583727, 59.025736729550943 ], [ 16.002838447583727, 59.074246148445177 ], [ 16.097161552416274, 59.074246148445177 ] ] ] } },
{ "type": "Feature", "properties": { "POINT_X": 17.35, "POINT_Y": 59.05, "n": 5.0, "AGB_T_HA": 45.346911803518758, "varTot": 534.05896224492915, "AVG_YEAR": 2017 }, "geometry": { "type": "Polygon", "coordinates": [ [ [ 17.397161552416275, 59.074246148445177 ], [ 17.397161552416275, 59.025736729550943 ], [ 17.302838447583724, 59.025736729550943 ], [ 17.302838447583724, 59.074246148445177 ], [ 17.397161552416275, 59.074246148445177 ] ] ] } },
{ "type": "Feature", "properties": { "POINT_X": 17.85, "POINT_Y": 59.05, "n": 5.0, "AGB_T_HA": 84.412388593775006, "varTot": 1006.955296736073, "AVG_YEAR": 2017 }, "geometry": { "type": "Polygon", "coordinates": [ [ [ 17.897161552416275, 59.074246148445177 ], [ 17.897161552416275, 59.025736729550943 ], [ 17.802838447583728, 59.025736729550943 ], [ 17.802838447583728, 59.074246148445177 ], [ 17.897161552416275, 59.074246148445177 ] ] ] } },
{ "type": "Feature", "properties": { "POINT_X": 17.05, "POINT_Y": 59.15, "n": 5.0, "AGB_T_HA": 108.20548492875, "varTot": 955.15299352678414, "AVG_YEAR": 2017 }, "geometry": { "type": "Polygon", "coordinates": [ [ [ 17.097161552416274, 59.174175535053728 ], [ 17.097161552416274, 59.125807374959265 ], [ 17.002838447583724, 59.125807374959265 ], [ 17.002838447583724, 59.174175535053728 ], [ 17.097161552416274, 59.174175535053728 ] ] ] } },
{ "type": "Feature", "properties": { "POINT_X": 11.85, "POINT_Y": 59.25, "n": 5.0, "AGB_T_HA": 91.811183544075007, "varTot": 777.35244575081254, "AVG_YEAR": 2017 }, "geometry": { "type": "Polygon", "coordinates": [ [ [ 11.897161552416277, 59.274104848097437 ], [ 11.897161552416277, 59.225878094140683 ], [ 11.802838447583728, 59.225878094140683 ], [ 11.802838447583728, 59.274104848097437 ], [ 11.897161552416277, 59.274104848097437 ] ] ] } },
{ "type": "Feature", "properties": { "POINT_X": 12.55, "POINT_Y": 59.25, "n": 11.0, "AGB_T_HA": 73.85962138838363, "varTot": 456.02891482799981, "AVG_YEAR": 2017 }, "geometry": { "type": "Polygon", "coordinates": [ [ [ 12.597161552416276, 59.274104848097437 ], [ 12.597161552416276, 59.225878094140683 ], [ 12.502838447583725, 59.225878094140683 ], [ 12.502838447583725, 59.274104848097437 ], [ 12.597161552416276, 59.274104848097437 ] ] ] } },
{ "type": "Feature", "properties": { "POINT_X": 14.15, "POINT_Y": 59.25, "n": 6.0, "AGB_T_HA": 93.95020125513021, "varTot": 674.23095709417294, "AVG_YEAR": 2017 }, "geometry": { "type": "Polygon", "coordinates": [ [ [ 14.197161552416274, 59.274104848097437 ], [ 14.197161552416274, 59.225878094140683 ], [ 14.102838447583725, 59.225878094140683 ], [ 14.102838447583725, 59.274104848097437 ], [ 14.197161552416274, 59.274104848097437 ] ] ] } },
{ "type": "Feature", "properties": { "POINT_X": 14.75, "POINT_Y": 59.25, "n": 8.0, "AGB_T_HA": 89.240902005479683, "varTot": 247.13128733286138, "AVG_YEAR": 2017 }, "geometry": { "type": "Polygon", "coordinates": [ [ [ 14.797161552416275, 59.274104848097437 ], [ 14.797161552416275, 59.225878094140683 ], [ 14.702838447583725, 59.225878094140683 ], [ 14.702838447583725, 59.274104848097437 ], [ 14.797161552416275, 59.274104848097437 ] ] ] } },
{ "type": "Feature", "properties": { "POINT_X": 16.65, "POINT_Y": 59.25, "n": 11.0, "AGB_T_HA": 56.737833299673291, "varTot": 392.34158402676667, "AVG_YEAR": 2017 }, "geometry": { "type": "Polygon", "coordinates": [ [ [ 16.697161552416276, 59.274104848097437 ], [ 16.697161552416276, 59.225878094140683 ], [ 16.602838447583725, 59.225878094140683 ], [ 16.602838447583725, 59.274104848097437 ], [ 16.697161552416276, 59.274104848097437 ] ] ] } },
{ "type": "Feature", "properties": { "POINT_X": 12.75, "POINT_Y": 59.35, "n": 7.0, "AGB_T_HA": 74.045406678857148, "varTot": 392.20727528723916, "AVG_YEAR": 2017 }, "geometry": { "type": "Polygon", "coordinates": [ [ [ 12.797161552416274, 59.374034087791458 ], [ 12.797161552416274, 59.325948886879601 ], [ 12.702838447583725, 59.325948886879601 ], [ 12.702838447583725, 59.374034087791458 ], [ 12.797161552416274, 59.374034087791458 ] ] ] } },
{ "type": "Feature", "properties": { "POINT_X": 12.95, "POINT_Y": 59.35, "n": 7.0, "AGB_T_HA": 40.698800868862506, "varTot": 436.335281519825, "AVG_YEAR": 2017 }, "geometry": { "type": "Polygon", "coordinates": [ [ [ 12.997161552416275, 59.374034087791458 ], [ 12.997161552416275, 59.325948886879601 ], [ 12.902838447583724, 59.325948886879601 ], [ 12.902838447583724, 59.374034087791458 ], [ 12.997161552416275, 59.374034087791458 ] ] ] } },
{ "type": "Feature", "properties": { "POINT_X": 15.55, "POINT_Y": 59.35, "n": 5.0, "AGB_T_HA": 67.34739849109998, "varTot": 556.25989610941849, "AVG_YEAR": 2017 }, "geometry": { "type": "Polygon", "coordinates": [ [ [ 15.597161552416273, 59.374034087791458 ], [ 15.597161552416273, 59.325948886879601 ], [ 15.502838447583724, 59.325948886879601 ], [ 15.502838447583724, 59.374034087791458 ], [ 15.597161552416273, 59.374034087791458 ] ] ] } },
{ "type": "Feature", "properties": { "POINT_X": 15.75, "POINT_Y": 59.35, "n": 7.0, "AGB_T_HA": 85.814105171855346, "varTot": 760.78994358778812, "AVG_YEAR": 2017 }, "geometry": { "type": "Polygon", "coordinates": [ [ [ 15.797161552416274, 59.374034087791458 ], [ 15.797161552416274, 59.325948886879601 ], [ 15.702838447583723, 59.325948886879601 ], [ 15.702838447583723, 59.374034087791458 ], [ 15.797161552416274, 59.374034087791458 ] ] ] } },
{ "type": "Feature", "properties": { "POINT_X": 17.35, "POINT_Y": 59.35, "n": 6.0, "AGB_T_HA": 28.041000532617712, "varTot": 574.78288306129264, "AVG_YEAR": 2017 }, "geometry": { "type": "Polygon", "coordinates": [ [ [ 17.397161552416275, 59.374034087791458 ], [ 17.397161552416275, 59.325948886879601 ], [ 17.302838447583724, 59.325948886879601 ], [ 17.302838447583724, 59.374034087791458 ], [ 17.397161552416275, 59.374034087791458 ] ] ] } },
{ "type": "Feature", "properties": { "POINT_X": 17.75, "POINT_Y": 59.35, "n": 6.0, "AGB_T_HA": 50.314883632937494, "varTot": 875.52252247204353, "AVG_YEAR": 2017 }, "geometry": { "type": "Polygon", "coordinates": [ [ [ 17.797161552416274, 59.374034087791458 ], [ 17.797161552416274, 59.325948886879601 ], [ 17.702838447583723, 59.325948886879601 ], [ 17.702838447583723, 59.374034087791458 ], [ 17.797161552416274, 59.374034087791458 ] ] ] } },
{ "type": "Feature", "properties": { "POINT_X": 17.15, "POINT_Y": 59.45, "n": 5.0, "AGB_T_HA": 36.647744796067499, "varTot": 374.60534265304096, "AVG_YEAR": 2017 }, "geometry": { "type": "Polygon", "coordinates": [ [ [ 17.197161552416276, 59.473963254351219 ], [ 17.197161552416276, 59.426019752960258 ], [ 17.102838447583725, 59.426019752960258 ], [ 17.102838447583725, 59.473963254351219 ], [ 17.197161552416276, 59.473963254351219 ] ] ] } },
{ "type": "Feature", "properties": { "POINT_X": -74.65, "POINT_Y": 59.55, "n": 25.0, "AGB_T_HA": 8.5339184274999997, "varTot": 33.996916380389912, "AVG_YEAR": 2018 }, "geometry": { "type": "Polygon", "coordinates": [ [ [ -74.602838447583736, 59.573892347992356 ], [ -74.602838447583736, 59.526090692166605 ], [ -74.69716155241629, 59.526090692166605 ], [ -74.69716155241629, 59.573892347992356 ], [ -74.602838447583736, 59.573892347992356 ] ] ] } },
{ "type": "Feature", "properties": { "POINT_X": -74.55, "POINT_Y": 59.55, "n": 5.0, "AGB_T_HA": 8.26650055, "varTot": 181.58372083475419, "AVG_YEAR": 2018 }, "geometry": { "type": "Polygon", "coordinates": [ [ [ -74.502838447583727, 59.573892347992356 ], [ -74.502838447583727, 59.526090692166605 ], [ -74.597161552416267, 59.526090692166605 ], [ -74.597161552416267, 59.573892347992356 ], [ -74.502838447583727, 59.573892347992356 ] ] ] } },
{ "type": "Feature", "properties": { "POINT_X": 14.55, "POINT_Y": 59.55, "n": 18.0, "AGB_T_HA": 93.568861593999998, "varTot": 193.16642670887956, "AVG_YEAR": 2017 }, "geometry": { "type": "Polygon", "coordinates": [ [ [ 14.597161552416274, 59.573892347992356 ], [ 14.597161552416274, 59.526090692166605 ], [ 14.502838447583725, 59.526090692166605 ], [ 14.502838447583725, 59.573892347992356 ], [ 14.597161552416274, 59.573892347992356 ] ] ] } },
{ "type": "Feature", "properties": { "POINT_X": 15.75, "POINT_Y": 59.55, "n": 8.0, "AGB_T_HA": 82.317131751037508, "varTot": 427.37045376309078, "AVG_YEAR": 2017 }, "geometry": { "type": "Polygon", "coordinates": [ [ [ 15.797161552416274, 59.573892347992356 ], [ 15.797161552416274, 59.526090692166605 ], [ 15.702838447583723, 59.526090692166605 ], [ 15.702838447583723, 59.573892347992356 ], [ 15.797161552416274, 59.573892347992356 ] ] ] } },
{ "type": "Feature", "properties": { "POINT_X": 18.15, "POINT_Y": 59.55, "n": 11.0, "AGB_T_HA": 60.083923230198856, "varTot": 497.37325505115462, "AVG_YEAR": 2017 }, "geometry": { "type": "Polygon", "coordinates": [ [ [ 18.197161552416276, 59.573892347992356 ], [ 18.197161552416276, 59.526090692166605 ], [ 18.102838447583725, 59.526090692166605 ], [ 18.102838447583725, 59.573892347992356 ], [ 18.197161552416276, 59.573892347992356 ] ] ] } },
{ "type": "Feature", "properties": { "POINT_X": 12.35, "POINT_Y": 59.65, "n": 9.0, "AGB_T_HA": 71.303501187333339, "varTot": 267.73144526475568, "AVG_YEAR": 2017 }, "geometry": { "type": "Polygon", "coordinates": [ [ [ 12.397161552416277, 59.673821368930653 ], [ 12.397161552416277, 59.626161704282403 ], [ 12.302838447583726, 59.626161704282403 ], [ 12.302838447583726, 59.673821368930653 ], [ 12.397161552416277, 59.673821368930653 ] ] ] } },
{ "type": "Feature", "properties": { "POINT_X": 15.55, "POINT_Y": 59.65, "n": 6.0, "AGB_T_HA": 68.647957200791666, "varTot": 289.83903129241583, "AVG_YEAR": 2017 }, "geometry": { "type": "Polygon", "coordinates": [ [ [ 15.597161552416273, 59.673821368930653 ], [ 15.597161552416273, 59.626161704282403 ], [ 15.502838447583724, 59.626161704282403 ], [ 15.502838447583724, 59.673821368930653 ], [ 15.597161552416273, 59.673821368930653 ] ] ] } },
{ "type": "Feature", "properties": { "POINT_X": 12.55, "POINT_Y": 59.75, "n": 6.0, "AGB_T_HA": 90.682465386166655, "varTot": 354.54906192345186, "AVG_YEAR": 2017 }, "geometry": { "type": "Polygon", "coordinates": [ [ [ 12.597161552416276, 59.773750317382209 ], [ 12.597161552416276, 59.726232789091199 ], [ 12.502838447583725, 59.726232789091199 ], [ 12.502838447583725, 59.773750317382209 ], [ 12.597161552416276, 59.773750317382209 ] ] ] } },
{ "type": "Feature", "properties": { "POINT_X": 12.75, "POINT_Y": 59.75, "n": 22.0, "AGB_T_HA": 96.16731050709204, "varTot": 233.66545108739126, "AVG_YEAR": 2017 }, "geometry": { "type": "Polygon", "coordinates": [ [ [ 12.797161552416274, 59.773750317382209 ], [ 12.797161552416274, 59.726232789091199 ], [ 12.702838447583725, 59.726232789091199 ], [ 12.702838447583725, 59.773750317382209 ], [ 12.797161552416274, 59.773750317382209 ] ] ] } },
{ "type": "Feature", "properties": { "POINT_X": 14.85, "POINT_Y": 59.75, "n": 13.0, "AGB_T_HA": 69.957891902609134, "varTot": 251.09427550048792, "AVG_YEAR": 2017 }, "geometry": { "type": "Polygon", "coordinates": [ [ [ 14.897161552416275, 59.773750317382209 ], [ 14.897161552416275, 59.726232789091199 ], [ 14.802838447583728, 59.726232789091199 ], [ 14.802838447583728, 59.773750317382209 ], [ 14.897161552416275, 59.773750317382209 ] ] ] } },
{ "type": "Feature", "properties": { "POINT_X": 15.05, "POINT_Y": 59.75, "n": 6.0, "AGB_T_HA": 58.004683709343752, "varTot": 281.90893866052852, "AVG_YEAR": 2017 }, "geometry": { "type": "Polygon", "coordinates": [ [ [ 15.097161552416276, 59.773750317382209 ], [ 15.097161552416276, 59.726232789091199 ], [ 15.002838447583725, 59.726232789091199 ], [ 15.002838447583725, 59.773750317382209 ], [ 15.097161552416276, 59.773750317382209 ] ] ] } },
{ "type": "Feature", "properties": { "POINT_X": 16.65, "POINT_Y": 59.75, "n": 6.0, "AGB_T_HA": 42.225719671975, "varTot": 419.59205943732366, "AVG_YEAR": 2017 }, "geometry": { "type": "Polygon", "coordinates": [ [ [ 16.697161552416276, 59.773750317382209 ], [ 16.697161552416276, 59.726232789091199 ], [ 16.602838447583725, 59.726232789091199 ], [ 16.602838447583725, 59.773750317382209 ], [ 16.697161552416276, 59.773750317382209 ] ] ] } },
{ "type": "Feature", "properties": { "POINT_X": 18.45, "POINT_Y": 59.75, "n": 5.0, "AGB_T_HA": 102.00341147088749, "varTot": 643.08013698734135, "AVG_YEAR": 2017 }, "geometry": { "type": "Polygon", "coordinates": [ [ [ 18.497161552416273, 59.773750317382209 ], [ 18.497161552416273, 59.726232789091199 ], [ 18.402838447583722, 59.726232789091199 ], [ 18.402838447583722, 59.773750317382209 ], [ 18.497161552416273, 59.773750317382209 ] ] ] } },
{ "type": "Feature", "properties": { "POINT_X": 18.55, "POINT_Y": 59.75, "n": 5.0, "AGB_T_HA": 60.946424552499998, "varTot": 708.45699501601393, "AVG_YEAR": 2017 }, "geometry": { "type": "Polygon", "coordinates": [ [ [ 18.597161552416274, 59.773750317382209 ], [ 18.597161552416274, 59.726232789091199 ], [ 18.502838447583724, 59.726232789091199 ], [ 18.502838447583724, 59.773750317382209 ], [ 18.597161552416274, 59.773750317382209 ] ] ] } },
{ "type": "Feature", "properties": { "POINT_X": 12.15, "POINT_Y": 59.85, "n": 7.0, "AGB_T_HA": 78.48771889017857, "varTot": 271.14035987873933, "AVG_YEAR": 2017 }, "geometry": { "type": "Polygon", "coordinates": [ [ [ 12.197161552416274, 59.873679193563326 ], [ 12.197161552416274, 59.826303946376306 ], [ 12.102838447583727, 59.826303946376306 ], [ 12.102838447583727, 59.873679193563326 ], [ 12.197161552416274, 59.873679193563326 ] ] ] } },
{ "type": "Feature", "properties": { "POINT_X": 12.85, "POINT_Y": 59.85, "n": 7.0, "AGB_T_HA": 87.633417508928574, "varTot": 276.43669445165102, "AVG_YEAR": 2017 }, "geometry": { "type": "Polygon", "coordinates": [ [ [ 12.897161552416277, 59.873679193563326 ], [ 12.897161552416277, 59.826303946376306 ], [ 12.802838447583728, 59.826303946376306 ], [ 12.802838447583728, 59.873679193563326 ], [ 12.897161552416277, 59.873679193563326 ] ] ] } },
{ "type": "Feature", "properties": { "POINT_X": 13.75, "POINT_Y": 59.85, "n": 8.0, "AGB_T_HA": 94.638886419593746, "varTot": 269.97847350145406, "AVG_YEAR": 2017 }, "geometry": { "type": "Polygon", "coordinates": [ [ [ 13.797161552416274, 59.873679193563326 ], [ 13.797161552416274, 59.826303946376306 ], [ 13.702838447583723, 59.826303946376306 ], [ 13.702838447583723, 59.873679193563326 ], [ 13.797161552416274, 59.873679193563326 ] ] ] } },
{ "type": "Feature", "properties": { "POINT_X": 13.95, "POINT_Y": 59.85, "n": 7.0, "AGB_T_HA": 23.973290269272319, "varTot": 208.99109933619803, "AVG_YEAR": 2017 }, "geometry": { "type": "Polygon", "coordinates": [ [ [ 13.997161552416275, 59.873679193563326 ], [ 13.997161552416275, 59.826303946376306 ], [ 13.902838447583724, 59.826303946376306 ], [ 13.902838447583724, 59.873679193563326 ], [ 13.997161552416275, 59.873679193563326 ] ] ] } },
{ "type": "Feature", "properties": { "POINT_X": 14.65, "POINT_Y": 59.85, "n": 9.0, "AGB_T_HA": 45.426715474018756, "varTot": 223.73719665498106, "AVG_YEAR": 2017 }, "geometry": { "type": "Polygon", "coordinates": [ [ [ 14.697161552416276, 59.873679193563326 ], [ 14.697161552416276, 59.826303946376306 ], [ 14.602838447583725, 59.826303946376306 ], [ 14.602838447583725, 59.873679193563326 ], [ 14.697161552416276, 59.873679193563326 ] ] ] } },
{ "type": "Feature", "properties": { "POINT_X": 16.25, "POINT_Y": 59.85, "n": 9.0, "AGB_T_HA": 33.686428851250696, "varTot": 234.31808668916239, "AVG_YEAR": 2017 }, "geometry": { "type": "Polygon", "coordinates": [ [ [ 16.297161552416274, 59.873679193563326 ], [ 16.297161552416274, 59.826303946376306 ], [ 16.202838447583723, 59.826303946376306 ], [ 16.202838447583723, 59.873679193563326 ], [ 16.297161552416274, 59.873679193563326 ] ] ] } },
{ "type": "Feature", "properties": { "POINT_X": 15.95, "POINT_Y": 59.95, "n": 8.0, "AGB_T_HA": 67.399209212908247, "varTot": 425.79480269377871, "AVG_YEAR": 2017 }, "geometry": { "type": "Polygon", "coordinates": [ [ [ 15.997161552416273, 59.973607997690458 ], [ 15.997161552416273, 59.926375175920782 ], [ 15.902838447583724, 59.926375175920782 ], [ 15.902838447583724, 59.973607997690458 ], [ 15.997161552416273, 59.973607997690458 ] ] ] } },
{ "type": "Feature", "properties": { "POINT_X": 17.25, "POINT_Y": 59.95, "n": 7.0, "AGB_T_HA": 79.393776125477004, "varTot": 393.98629672675332, "AVG_YEAR": 2017 }, "geometry": { "type": "Polygon", "coordinates": [ [ [ 17.297161552416274, 59.973607997690458 ], [ 17.297161552416274, 59.926375175920782 ], [ 17.202838447583723, 59.926375175920782 ], [ 17.202838447583723, 59.973607997690458 ], [ 17.297161552416274, 59.973607997690458 ] ] ] } },
{ "type": "Feature", "properties": { "POINT_X": 17.45, "POINT_Y": 59.95, "n": 10.0, "AGB_T_HA": 49.070564739003267, "varTot": 402.56965927880827, "AVG_YEAR": 2017 }, "geometry": { "type": "Polygon", "coordinates": [ [ [ 17.497161552416273, 59.973607997690458 ], [ 17.497161552416273, 59.926375175920782 ], [ 17.402838447583722, 59.926375175920782 ], [ 17.402838447583722, 59.973607997690458 ], [ 17.497161552416273, 59.973607997690458 ] ] ] } },
{ "type": "Feature", "properties": { "POINT_X": 18.85, "POINT_Y": 59.95, "n": 7.0, "AGB_T_HA": 54.089626424473259, "varTot": 366.02371442494893, "AVG_YEAR": 2017 }, "geometry": { "type": "Polygon", "coordinates": [ [ [ 18.897161552416275, 59.973607997690458 ], [ 18.897161552416275, 59.926375175920782 ], [ 18.802838447583724, 59.926375175920782 ], [ 18.802838447583724, 59.973607997690458 ], [ 18.897161552416275, 59.973607997690458 ] ] ] } },
{ "type": "Feature", "properties": { "POINT_X": -75.65, "POINT_Y": 60.05, "n": 10.0, "AGB_T_HA": 2.3225875437500001, "varTot": 76.084418036878915, "AVG_YEAR": 2021 }, "geometry": { "type": "Polygon", "coordinates": [ [ [ -75.602838447583721, 60.073536729980383 ], [ -75.602838447583721, 60.026446477507527 ], [ -75.697161552416262, 60.026446477507527 ], [ -75.697161552416262, 60.073536729980383 ], [ -75.602838447583721, 60.073536729980383 ] ] ] } },
{ "type": "Feature", "properties": { "POINT_X": -75.55, "POINT_Y": 60.05, "n": 10.0, "AGB_T_HA": 6.1344345249999988, "varTot": 87.443600609471645, "AVG_YEAR": 2021 }, "geometry": { "type": "Polygon", "coordinates": [ [ [ -75.502838447583727, 60.073536729980383 ], [ -75.502838447583727, 60.026446477507527 ], [ -75.597161552416267, 60.026446477507527 ], [ -75.597161552416267, 60.073536729980383 ], [ -75.502838447583727, 60.073536729980383 ] ] ] } },
{ "type": "Feature", "properties": { "POINT_X": 13.25, "POINT_Y": 60.15, "n": 11.0, "AGB_T_HA": 88.780445793705681, "varTot": 349.3189275572293, "AVG_YEAR": 2017 }, "geometry": { "type": "Polygon", "coordinates": [ [ [ 13.297161552416275, 60.173465390649994 ], [ 13.297161552416275, 60.126517850919193 ], [ 13.202838447583725, 60.126517850919193 ], [ 13.202838447583725, 60.173465390649994 ], [ 13.297161552416275, 60.173465390649994 ] ] ] } },
{ "type": "Feature", "properties": { "POINT_X": 14.15, "POINT_Y": 60.15, "n": 7.0, "AGB_T_HA": 56.802962963249996, "varTot": 245.06944424923364, "AVG_YEAR": 2017 }, "geometry": { "type": "Polygon", "coordinates": [ [ [ 14.197161552416274, 60.173465390649994 ], [ 14.197161552416274, 60.126517850919193 ], [ 14.102838447583725, 60.126517850919193 ], [ 14.102838447583725, 60.173465390649994 ], [ 14.197161552416274, 60.173465390649994 ] ] ] } },
{ "type": "Feature", "properties": { "POINT_X": 15.05, "POINT_Y": 60.15, "n": 11.0, "AGB_T_HA": 78.098651412085246, "varTot": 265.66638431450713, "AVG_YEAR": 2017 }, "geometry": { "type": "Polygon", "coordinates": [ [ [ 15.097161552416276, 60.173465390649994 ], [ 15.097161552416276, 60.126517850919193 ], [ 15.002838447583725, 60.126517850919193 ], [ 15.002838447583725, 60.173465390649994 ], [ 15.097161552416276, 60.173465390649994 ] ] ] } },
{ "type": "Feature", "properties": { "POINT_X": 16.75, "POINT_Y": 60.15, "n": 6.0, "AGB_T_HA": 92.551385996187491, "varTot": 683.6689874050287, "AVG_YEAR": 2017 }, "geometry": { "type": "Polygon", "coordinates": [ [ [ 16.797161552416274, 60.173465390649994 ], [ 16.797161552416274, 60.126517850919193 ], [ 16.702838447583726, 60.126517850919193 ], [ 16.702838447583726, 60.173465390649994 ], [ 16.797161552416274, 60.173465390649994 ] ] ] } },
{ "type": "Feature", "properties": { "POINT_X": 18.35, "POINT_Y": 60.15, "n": 8.0, "AGB_T_HA": 89.773980398437487, "varTot": 517.47483852812832, "AVG_YEAR": 2017 }, "geometry": { "type": "Polygon", "coordinates": [ [ [ 18.397161552416275, 60.173465390649994 ], [ 18.397161552416275, 60.126517850919193 ], [ 18.302838447583724, 60.126517850919193 ], [ 18.302838447583724, 60.173465390649994 ], [ 18.397161552416275, 60.173465390649994 ] ] ] } },
{ "type": "Feature", "properties": { "POINT_X": 12.65, "POINT_Y": 60.25, "n": 11.0, "AGB_T_HA": 79.530004935705108, "varTot": 168.54055784033878, "AVG_YEAR": 2017 }, "geometry": { "type": "Polygon", "coordinates": [ [ [ 12.697161552416274, 60.273393979916463 ], [ 12.697161552416274, 60.226589295938176 ], [ 12.602838447583723, 60.226589295938176 ], [ 12.602838447583723, 60.273393979916463 ], [ 12.697161552416274, 60.273393979916463 ] ] ] } },
{ "type": "Feature", "properties": { "POINT_X": 13.55, "POINT_Y": 60.25, "n": 7.0, "AGB_T_HA": 81.840364256571434, "varTot": 365.10754637827944, "AVG_YEAR": 2017 }, "geometry": { "type": "Polygon", "coordinates": [ [ [ 13.597161552416274, 60.273393979916463 ], [ 13.597161552416274, 60.226589295938176 ], [ 13.502838447583725, 60.226589295938176 ], [ 13.502838447583725, 60.273393979916463 ], [ 13.597161552416274, 60.273393979916463 ] ] ] } },
{ "type": "Feature", "properties": { "POINT_X": 13.75, "POINT_Y": 60.25, "n": 6.0, "AGB_T_HA": 45.255123543489589, "varTot": 260.92875035582296, "AVG_YEAR": 2017 }, "geometry": { "type": "Polygon", "coordinates": [ [ [ 13.797161552416274, 60.273393979916463 ], [ 13.797161552416274, 60.226589295938176 ], [ 13.702838447583723, 60.226589295938176 ], [ 13.702838447583723, 60.273393979916463 ], [ 13.797161552416274, 60.273393979916463 ] ] ] } },
{ "type": "Feature", "properties": { "POINT_X": 14.45, "POINT_Y": 60.25, "n": 6.0, "AGB_T_HA": 31.292185034249997, "varTot": 249.69605557397526, "AVG_YEAR": 2017 }, "geometry": { "type": "Polygon", "coordinates": [ [ [ 14.497161552416275, 60.273393979916463 ], [ 14.497161552416275, 60.226589295938176 ], [ 14.402838447583724, 60.226589295938176 ], [ 14.402838447583724, 60.273393979916463 ], [ 14.497161552416275, 60.273393979916463 ] ] ] } },
{ "type": "Feature", "properties": { "POINT_X": 14.65, "POINT_Y": 60.25, "n": 11.0, "AGB_T_HA": 74.513134634918174, "varTot": 242.04745300254376, "AVG_YEAR": 2017 }, "geometry": { "type": "Polygon", "coordinates": [ [ [ 14.697161552416276, 60.273393979916463 ], [ 14.697161552416276, 60.226589295938176 ], [ 14.602838447583725, 60.226589295938176 ], [ 14.602838447583725, 60.273393979916463 ], [ 14.697161552416276, 60.273393979916463 ] ] ] } },
{ "type": "Feature", "properties": { "POINT_X": 15.35, "POINT_Y": 60.25, "n": 6.0, "AGB_T_HA": 98.664209820541672, "varTot": 345.99726593708209, "AVG_YEAR": 2017 }, "geometry": { "type": "Polygon", "coordinates": [ [ [ 15.397161552416277, 60.273393979916463 ], [ 15.397161552416277, 60.226589295938176 ], [ 15.302838447583726, 60.226589295938176 ], [ 15.302838447583726, 60.273393979916463 ], [ 15.397161552416277, 60.273393979916463 ] ] ] } },
{ "type": "Feature", "properties": { "POINT_X": 15.55, "POINT_Y": 60.25, "n": 11.0, "AGB_T_HA": 110.93510587466248, "varTot": 201.44580775454133, "AVG_YEAR": 2017 }, "geometry": { "type": "Polygon", "coordinates": [ [ [ 15.597161552416273, 60.273393979916463 ], [ 15.597161552416273, 60.226589295938176 ], [ 15.502838447583724, 60.226589295938176 ], [ 15.502838447583724, 60.273393979916463 ], [ 15.597161552416273, 60.273393979916463 ] ] ] } },
{ "type": "Feature", "properties": { "POINT_X": 17.55, "POINT_Y": 60.25, "n": 18.0, "AGB_T_HA": 64.174300663326378, "varTot": 273.91935799836654, "AVG_YEAR": 2017 }, "geometry": { "type": "Polygon", "coordinates": [ [ [ 17.597161552416274, 60.273393979916463 ], [ 17.597161552416274, 60.226589295938176 ], [ 17.502838447583727, 60.226589295938176 ], [ 17.502838447583727, 60.273393979916463 ], [ 17.597161552416274, 60.273393979916463 ] ] ] } },
{ "type": "Feature", "properties": { "POINT_X": 13.05, "POINT_Y": 60.35, "n": 5.0, "AGB_T_HA": 84.497211269269997, "varTot": 386.08362971531142, "AVG_YEAR": 2017 }, "geometry": { "type": "Polygon", "coordinates": [ [ [ 13.097161552416276, 60.373322497997172 ], [ 13.097161552416276, 60.326660812346731 ], [ 13.002838447583725, 60.326660812346731 ], [ 13.002838447583725, 60.373322497997172 ], [ 13.097161552416276, 60.373322497997172 ] ] ] } },
{ "type": "Feature", "properties": { "POINT_X": 14.85, "POINT_Y": 60.35, "n": 8.0, "AGB_T_HA": 44.842736780928128, "varTot": 197.4467347356329, "AVG_YEAR": 2017 }, "geometry": { "type": "Polygon", "coordinates": [ [ [ 14.897161552416275, 60.373322497997172 ], [ 14.897161552416275, 60.326660812346731 ], [ 14.802838447583728, 60.326660812346731 ], [ 14.802838447583728, 60.373322497997172 ], [ 14.897161552416275, 60.373322497997172 ] ] ] } },
{ "type": "Feature", "properties": { "POINT_X": 101.95, "POINT_Y": 60.35, "n": 12.0, "AGB_T_HA": 144.37870781250001, "varTot": 4973.5939494429276, "AVG_YEAR": 2019 }, "geometry": { "type": "Polygon", "coordinates": [ [ [ 101.997161552416287, 60.373322497997172 ], [ 101.997161552416287, 60.326660812346731 ], [ 101.902838447583733, 60.326660812346731 ], [ 101.902838447583733, 60.373322497997172 ], [ 101.997161552416287, 60.373322497997172 ] ] ] } },
{ "type": "Feature", "properties": { "POINT_X": 13.15, "POINT_Y": 60.55, "n": 6.0, "AGB_T_HA": 41.410302126562499, "varTot": 258.87427908893704, "AVG_YEAR": 2017 }, "geometry": { "type": "Polygon", "coordinates": [ [ [ 13.197161552416274, 60.573179321471855 ], [ 13.197161552416274, 60.526804058460179 ], [ 13.102838447583727, 60.526804058460179 ], [ 13.102838447583727, 60.573179321471855 ], [ 13.197161552416274, 60.573179321471855 ] ] ] } },
{ "type": "Feature", "properties": { "POINT_X": 13.35, "POINT_Y": 60.65, "n": 5.0, "AGB_T_HA": 65.814934891350006, "varTot": 357.16012059071193, "AVG_YEAR": 2017 }, "geometry": { "type": "Polygon", "coordinates": [ [ [ 13.397161552416277, 60.673107627301654 ], [ 13.397161552416277, 60.626875787728437 ], [ 13.302838447583726, 60.626875787728437 ], [ 13.302838447583726, 60.673107627301654 ], [ 13.397161552416277, 60.673107627301654 ] ] ] } },
{ "type": "Feature", "properties": { "POINT_X": 14.25, "POINT_Y": 60.65, "n": 7.0, "AGB_T_HA": 62.970492540149991, "varTot": 249.54264407140479, "AVG_YEAR": 2017 }, "geometry": { "type": "Polygon", "coordinates": [ [ [ 14.297161552416274, 60.673107627301654 ], [ 14.297161552416274, 60.626875787728437 ], [ 14.202838447583725, 60.626875787728437 ], [ 14.202838447583725, 60.673107627301654 ], [ 14.297161552416274, 60.673107627301654 ] ] ] } },
{ "type": "Feature", "properties": { "POINT_X": 15.15, "POINT_Y": 60.65, "n": 7.0, "AGB_T_HA": 65.079215387410713, "varTot": 293.39157813715605, "AVG_YEAR": 2017 }, "geometry": { "type": "Polygon", "coordinates": [ [ [ 15.197161552416272, 60.673107627301654 ], [ 15.197161552416272, 60.626875787728437 ], [ 15.102838447583723, 60.626875787728437 ], [ 15.102838447583723, 60.673107627301654 ], [ 15.197161552416272, 60.673107627301654 ] ] ] } },
{ "type": "Feature", "properties": { "POINT_X": 15.35, "POINT_Y": 60.65, "n": 18.0, "AGB_T_HA": 53.359843632883333, "varTot": 121.43776511369647, "AVG_YEAR": 2017 }, "geometry": { "type": "Polygon", "coordinates": [ [ [ 15.397161552416277, 60.673107627301654 ], [ 15.397161552416277, 60.626875787728437 ], [ 15.302838447583726, 60.626875787728437 ], [ 15.302838447583726, 60.673107627301654 ], [ 15.397161552416277, 60.673107627301654 ] ] ] } },
{ "type": "Feature", "properties": { "POINT_X": 15.95, "POINT_Y": 60.65, "n": 11.0, "AGB_T_HA": 68.198746532352274, "varTot": 163.69097044063471, "AVG_YEAR": 2017 }, "geometry": { "type": "Polygon", "coordinates": [ [ [ 15.997161552416273, 60.673107627301654 ], [ 15.997161552416273, 60.626875787728437 ], [ 15.902838447583724, 60.626875787728437 ], [ 15.902838447583724, 60.673107627301654 ], [ 15.997161552416273, 60.673107627301654 ] ] ] } },
{ "type": "Feature", "properties": { "POINT_X": 12.85, "POINT_Y": 60.75, "n": 6.0, "AGB_T_HA": 58.486894890989589, "varTot": 283.82441468372855, "AVG_YEAR": 2017 }, "geometry": { "type": "Polygon", "coordinates": [ [ [ 12.897161552416277, 60.773035862817324 ], [ 12.897161552416277, 60.726947587512903 ], [ 12.802838447583728, 60.726947587512903 ], [ 12.802838447583728, 60.773035862817324 ], [ 12.897161552416277, 60.773035862817324 ] ] ] } },
{ "type": "Feature", "properties": { "POINT_X": 13.75, "POINT_Y": 60.75, "n": 8.0, "AGB_T_HA": 42.024790609987505, "varTot": 220.33551975495294, "AVG_YEAR": 2017 }, "geometry": { "type": "Polygon", "coordinates": [ [ [ 13.797161552416274, 60.773035862817324 ], [ 13.797161552416274, 60.726947587512903 ], [ 13.702838447583723, 60.726947587512903 ], [ 13.702838447583723, 60.773035862817324 ], [ 13.797161552416274, 60.773035862817324 ] ] ] } },
{ "type": "Feature", "properties": { "POINT_X": 14.65, "POINT_Y": 60.75, "n": 5.0, "AGB_T_HA": 43.114639988278753, "varTot": 313.28968014139895, "AVG_YEAR": 2017 }, "geometry": { "type": "Polygon", "coordinates": [ [ [ 14.697161552416276, 60.773035862817324 ], [ 14.697161552416276, 60.726947587512903 ], [ 14.602838447583725, 60.726947587512903 ], [ 14.602838447583725, 60.773035862817324 ], [ 14.697161552416276, 60.773035862817324 ] ] ] } },
{ "type": "Feature", "properties": { "POINT_X": 15.75, "POINT_Y": 60.75, "n": 9.0, "AGB_T_HA": 58.825014803939581, "varTot": 189.14882421427754, "AVG_YEAR": 2017 }, "geometry": { "type": "Polygon", "coordinates": [ [ [ 15.797161552416274, 60.773035862817324 ], [ 15.797161552416274, 60.726947587512903 ], [ 15.702838447583723, 60.726947587512903 ], [ 15.702838447583723, 60.773035862817324 ], [ 15.797161552416274, 60.773035862817324 ] ] ] } },
{ "type": "Feature", "properties": { "POINT_X": 16.45, "POINT_Y": 60.75, "n": 7.0, "AGB_T_HA": 76.709933110250006, "varTot": 258.91565866317558, "AVG_YEAR": 2017 }, "geometry": { "type": "Polygon", "coordinates": [ [ [ 16.497161552416273, 60.773035862817324 ], [ 16.497161552416273, 60.726947587512903 ], [ 16.402838447583726, 60.726947587512903 ], [ 16.402838447583726, 60.773035862817324 ], [ 16.497161552416273, 60.773035862817324 ] ] ] } },
{ "type": "Feature", "properties": { "POINT_X": 13.35, "POINT_Y": 61.05, "n": 5.0, "AGB_T_HA": 41.775593629671242, "varTot": 315.03168071237945, "AVG_YEAR": 2017 }, "geometry": { "type": "Polygon", "coordinates": [ [ [ 13.397161552416277, 61.072820149665105 ], [ 13.397161552416277, 61.027163407773699 ], [ 13.302838447583726, 61.027163407773699 ], [ 13.302838447583726, 61.072820149665105 ], [ 13.397161552416277, 61.072820149665105 ] ] ] } },
{ "type": "Feature", "properties": { "POINT_X": 14.05, "POINT_Y": 61.05, "n": 6.0, "AGB_T_HA": 28.551777516707286, "varTot": 247.06476755752993, "AVG_YEAR": 2017 }, "geometry": { "type": "Polygon", "coordinates": [ [ [ 14.097161552416276, 61.072820149665105 ], [ 14.097161552416276, 61.027163407773699 ], [ 14.002838447583725, 61.027163407773699 ], [ 14.002838447583725, 61.072820149665105 ], [ 14.097161552416276, 61.072820149665105 ] ] ] } },
{ "type": "Feature", "properties": { "POINT_X": 14.25, "POINT_Y": 61.05, "n": 10.0, "AGB_T_HA": 67.400688021582496, "varTot": 180.94467866793676, "AVG_YEAR": 2017 }, "geometry": { "type": "Polygon", "coordinates": [ [ [ 14.297161552416274, 61.072820149665105 ], [ 14.297161552416274, 61.027163407773699 ], [ 14.202838447583725, 61.027163407773699 ], [ 14.202838447583725, 61.072820149665105 ], [ 14.297161552416274, 61.072820149665105 ] ] ] } },
{ "type": "Feature", "properties": { "POINT_X": 15.95, "POINT_Y": 61.05, "n": 5.0, "AGB_T_HA": 36.654200695456254, "varTot": 311.81355153455314, "AVG_YEAR": 2017 }, "geometry": { "type": "Polygon", "coordinates": [ [ [ 15.997161552416273, 61.072820149665105 ], [ 15.997161552416273, 61.027163407773699 ], [ 15.902838447583724, 61.027163407773699 ], [ 15.902838447583724, 61.072820149665105 ], [ 15.997161552416273, 61.072820149665105 ] ] ] } },
{ "type": "Feature", "properties": { "POINT_X": 16.85, "POINT_Y": 61.05, "n": 5.0, "AGB_T_HA": 86.13515359294999, "varTot": 416.41294583399451, "AVG_YEAR": 2017 }, "geometry": { "type": "Polygon", "coordinates": [ [ [ 16.897161552416275, 61.072820149665105 ], [ 16.897161552416275, 61.027163407773699 ], [ 16.802838447583728, 61.027163407773699 ], [ 16.802838447583728, 61.072820149665105 ], [ 16.897161552416275, 61.072820149665105 ] ] ] } },
{ "type": "Feature", "properties": { "POINT_X": 14.45, "POINT_Y": 61.15, "n": 5.0, "AGB_T_HA": 86.123697163724998, "varTot": 393.84576249927107, "AVG_YEAR": 2017 }, "geometry": { "type": "Polygon", "coordinates": [ [ [ 14.497161552416275, 61.172748106110873 ], [ 14.497161552416275, 61.127235487432088 ], [ 14.402838447583724, 61.127235487432088 ], [ 14.402838447583724, 61.172748106110873 ], [ 14.497161552416275, 61.172748106110873 ] ] ] } },
{ "type": "Feature", "properties": { "POINT_X": 14.65, "POINT_Y": 61.15, "n": 7.0, "AGB_T_HA": 60.112002862053565, "varTot": 252.92651185867587, "AVG_YEAR": 2017 }, "geometry": { "type": "Polygon", "coordinates": [ [ [ 14.697161552416276, 61.172748106110873 ], [ 14.697161552416276, 61.127235487432088 ], [ 14.602838447583725, 61.127235487432088 ], [ 14.602838447583725, 61.172748106110873 ], [ 14.697161552416276, 61.172748106110873 ] ] ] } },
{ "type": "Feature", "properties": { "POINT_X": 16.25, "POINT_Y": 61.15, "n": 13.0, "AGB_T_HA": 72.92453499626923, "varTot": 283.92119969071803, "AVG_YEAR": 2017 }, "geometry": { "type": "Polygon", "coordinates": [ [ [ 16.297161552416274, 61.172748106110873 ], [ 16.297161552416274, 61.127235487432088 ], [ 16.202838447583723, 61.127235487432088 ], [ 16.202838447583723, 61.172748106110873 ], [ 16.297161552416274, 61.172748106110873 ] ] ] } },
{ "type": "Feature", "properties": { "POINT_X": 16.45, "POINT_Y": 61.15, "n": 6.0, "AGB_T_HA": 119.92489163839585, "varTot": 381.62639915210735, "AVG_YEAR": 2017 }, "geometry": { "type": "Polygon", "coordinates": [ [ [ 16.497161552416273, 61.172748106110873 ], [ 16.497161552416273, 61.127235487432088 ], [ 16.402838447583726, 61.127235487432088 ], [ 16.402838447583726, 61.172748106110873 ], [ 16.497161552416273, 61.172748106110873 ] ] ] } },
{ "type": "Feature", "properties": { "POINT_X": -163.35, "POINT_Y": 61.25, "n": 60.0, "AGB_T_HA": 14.112869726041668, "varTot": 38.031145664207834, "AVG_YEAR": 2019 }, "geometry": { "type": "Polygon", "coordinates": [ [ [ -163.302838447583724, 61.27267599333684 ], [ -163.302838447583724, 61.22730763651014 ], [ -163.397161552416264, 61.22730763651014 ], [ -163.397161552416264, 61.27267599333684 ], [ -163.302838447583724, 61.27267599333684 ] ] ] } },
{ "type": "Feature", "properties": { "POINT_X": -163.25, "POINT_Y": 61.25, "n": 255.0, "AGB_T_HA": 12.329005783088235, "varTot": 12.156125873841697, "AVG_YEAR": 2018 }, "geometry": { "type": "Polygon", "coordinates": [ [ [ -163.202838447583702, 61.27267599333684 ], [ -163.202838447583702, 61.22730763651014 ], [ -163.29716155241627, 61.22730763651014 ], [ -163.29716155241627, 61.27267599333684 ], [ -163.202838447583702, 61.27267599333684 ] ] ] } },
{ "type": "Feature", "properties": { "POINT_X": -75.95, "POINT_Y": 61.25, "n": 10.0, "AGB_T_HA": 1.7125857, "varTot": 61.942777974059098, "AVG_YEAR": 2019 }, "geometry": { "type": "Polygon", "coordinates": [ [ [ -75.902838447583733, 61.27267599333684 ], [ -75.902838447583733, 61.22730763651014 ], [ -75.997161552416287, 61.22730763651014 ], [ -75.997161552416287, 61.27267599333684 ], [ -75.902838447583733, 61.27267599333684 ] ] ] } },
{ "type": "Feature", "properties": { "POINT_X": -163.25, "POINT_Y": 61.35, "n": 12.0, "AGB_T_HA": 36.410905208333332, "varTot": 183.7563569406671, "AVG_YEAR": 2017 }, "geometry": { "type": "Polygon", "coordinates": [ [ [ -163.202838447583702, 61.372603811562549 ], [ -163.202838447583702, 61.327379854787942 ], [ -163.29716155241627, 61.327379854787942 ], [ -163.29716155241627, 61.372603811562549 ], [ -163.202838447583702, 61.372603811562549 ] ] ] } },
{ "type": "Feature", "properties": { "POINT_X": -163.05, "POINT_Y": 61.35, "n": 58.0, "AGB_T_HA": 10.602935883620692, "varTot": 45.670373225181109, "AVG_YEAR": 2019 }, "geometry": { "type": "Polygon", "coordinates": [ [ [ -163.002838447583713, 61.372603811562549 ], [ -163.002838447583713, 61.327379854787942 ], [ -163.09716155241631, 61.327379854787942 ], [ -163.09716155241631, 61.372603811562549 ], [ -163.002838447583713, 61.372603811562549 ] ] ] } },
{ "type": "Feature", "properties": { "POINT_X": -75.95, "POINT_Y": 61.35, "n": 10.0, "AGB_T_HA": 1.0172208374999998, "varTot": 62.283654753757496, "AVG_YEAR": 2019 }, "geometry": { "type": "Polygon", "coordinates": [ [ [ -75.902838447583733, 61.372603811562549 ], [ -75.902838447583733, 61.327379854787942 ], [ -75.997161552416287, 61.327379854787942 ], [ -75.997161552416287, 61.372603811562549 ], [ -75.902838447583733, 61.372603811562549 ] ] ] } },
{ "type": "Feature", "properties": { "POINT_X": -75.85, "POINT_Y": 61.35, "n": 10.0, "AGB_T_HA": 0.76231295624999973, "varTot": 59.627240289642927, "AVG_YEAR": 2019 }, "geometry": { "type": "Polygon", "coordinates": [ [ [ -75.802838447583724, 61.372603811562549 ], [ -75.802838447583724, 61.327379854787942 ], [ -75.897161552416293, 61.327379854787942 ], [ -75.897161552416293, 61.372603811562549 ], [ -75.802838447583724, 61.372603811562549 ] ] ] } },
{ "type": "Feature", "properties": { "POINT_X": 14.05, "POINT_Y": 61.45, "n": 12.0, "AGB_T_HA": 58.10836872093229, "varTot": 143.08464213456105, "AVG_YEAR": 2017 }, "geometry": { "type": "Polygon", "coordinates": [ [ [ 14.097161552416276, 61.472531561007699 ], [ 14.097161552416276, 61.42745214204534 ], [ 14.002838447583725, 61.42745214204534 ], [ 14.002838447583725, 61.472531561007699 ], [ 14.097161552416276, 61.472531561007699 ] ] ] } },
{ "type": "Feature", "properties": { "POINT_X": 13.05, "POINT_Y": 61.55, "n": 6.0, "AGB_T_HA": 35.389995879500006, "varTot": 253.2832917139576, "AVG_YEAR": 2017 }, "geometry": { "type": "Polygon", "coordinates": [ [ [ 13.097161552416276, 61.57245924189219 ], [ 13.097161552416276, 61.527524498061936 ], [ 13.002838447583725, 61.527524498061936 ], [ 13.002838447583725, 61.57245924189219 ], [ 13.097161552416276, 61.57245924189219 ] ] ] } },
{ "type": "Feature", "properties": { "POINT_X": 15.15, "POINT_Y": 61.55, "n": 5.0, "AGB_T_HA": 48.402624952175003, "varTot": 332.14192973443056, "AVG_YEAR": 2017 }, "geometry": { "type": "Polygon", "coordinates": [ [ [ 15.197161552416272, 61.57245924189219 ], [ 15.197161552416272, 61.527524498061936 ], [ 15.102838447583723, 61.527524498061936 ], [ 15.102838447583723, 61.57245924189219 ], [ 15.197161552416272, 61.57245924189219 ] ] ] } },
{ "type": "Feature", "properties": { "POINT_X": 15.35, "POINT_Y": 61.55, "n": 12.0, "AGB_T_HA": 50.755562373381245, "varTot": 139.75962908458388, "AVG_YEAR": 2017 }, "geometry": { "type": "Polygon", "coordinates": [ [ [ 15.397161552416277, 61.57245924189219 ], [ 15.397161552416277, 61.527524498061936 ], [ 15.302838447583726, 61.527524498061936 ], [ 15.302838447583726, 61.57245924189219 ], [ 15.397161552416277, 61.57245924189219 ] ] ] } },
{ "type": "Feature", "properties": { "POINT_X": 16.15, "POINT_Y": 61.55, "n": 5.0, "AGB_T_HA": 47.898955022399996, "varTot": 326.31044595621313, "AVG_YEAR": 2017 }, "geometry": { "type": "Polygon", "coordinates": [ [ [ 16.197161552416276, 61.57245924189219 ], [ 16.197161552416276, 61.527524498061936 ], [ 16.102838447583729, 61.527524498061936 ], [ 16.102838447583729, 61.57245924189219 ], [ 16.197161552416276, 61.57245924189219 ] ] ] } },
{ "type": "Feature", "properties": { "POINT_X": 17.05, "POINT_Y": 61.55, "n": 7.0, "AGB_T_HA": 48.442533637964289, "varTot": 315.8249579598957, "AVG_YEAR": 2017 }, "geometry": { "type": "Polygon", "coordinates": [ [ [ 17.097161552416274, 61.57245924189219 ], [ 17.097161552416274, 61.527524498061936 ], [ 17.002838447583724, 61.527524498061936 ], [ 17.002838447583724, 61.57245924189219 ], [ 17.097161552416274, 61.57245924189219 ] ] ] } },
{ "type": "Feature", "properties": { "POINT_X": 16.65, "POINT_Y": 61.65, "n": 12.0, "AGB_T_HA": 94.994426066151036, "varTot": 280.03104570274286, "AVG_YEAR": 2017 }, "geometry": { "type": "Polygon", "coordinates": [ [ [ 16.697161552416276, 61.672386854436198 ], [ 16.697161552416276, 61.62759692261718 ], [ 16.602838447583725, 61.62759692261718 ], [ 16.602838447583725, 61.672386854436198 ], [ 16.697161552416276, 61.672386854436198 ] ] ] } },
{ "type": "Feature", "properties": { "POINT_X": 12.55, "POINT_Y": 61.85, "n": 6.0, "AGB_T_HA": 21.911179029179166, "varTot": 250.47399088115984, "AVG_YEAR": 2017 }, "geometry": { "type": "Polygon", "coordinates": [ [ [ 12.597161552416276, 61.872241875384169 ], [ 12.597161552416276, 61.827741976460217 ], [ 12.502838447583725, 61.827741976460217 ], [ 12.502838447583725, 61.872241875384169 ], [ 12.597161552416276, 61.872241875384169 ] ] ] } },
{ "type": "Feature", "properties": { "POINT_X": 13.95, "POINT_Y": 61.85, "n": 7.0, "AGB_T_HA": 68.744950172839296, "varTot": 269.98872593184632, "AVG_YEAR": 2017 }, "geometry": { "type": "Polygon", "coordinates": [ [ [ 13.997161552416275, 61.872241875384169 ], [ 13.997161552416275, 61.827741976460217 ], [ 13.902838447583724, 61.827741976460217 ], [ 13.902838447583724, 61.872241875384169 ], [ 13.997161552416275, 61.872241875384169 ] ] ] } },
{ "type": "Feature", "properties": { "POINT_X": 13.05, "POINT_Y": 61.95, "n": 8.0, "AGB_T_HA": 40.697684567929691, "varTot": 196.04698864353711, "AVG_YEAR": 2017 }, "geometry": { "type": "Polygon", "coordinates": [ [ [ 13.097161552416276, 61.972169284229444 ], [ 13.097161552416276, 61.927814605305798 ], [ 13.002838447583725, 61.927814605305798 ], [ 13.002838447583725, 61.972169284229444 ], [ 13.097161552416276, 61.972169284229444 ] ] ] } },
{ "type": "Feature", "properties": { "POINT_X": 15.95, "POINT_Y": 61.95, "n": 7.0, "AGB_T_HA": 31.466584502574996, "varTot": 222.39452328033761, "AVG_YEAR": 2017 }, "geometry": { "type": "Polygon", "coordinates": [ [ [ 15.997161552416273, 61.972169284229444 ], [ 15.997161552416273, 61.927814605305798 ], [ 15.902838447583724, 61.927814605305798 ], [ 15.902838447583724, 61.972169284229444 ], [ 15.997161552416273, 61.972169284229444 ] ] ] } },
{ "type": "Feature", "properties": { "POINT_X": -74.45, "POINT_Y": 62.05, "n": 5.0, "AGB_T_HA": 1.887934125, "varTot": 206.60231682441474, "AVG_YEAR": 2019 }, "geometry": { "type": "Polygon", "coordinates": [ [ [ -74.402838447583719, 62.072096625616808 ], [ -74.402838447583719, 62.027887301805649 ], [ -74.497161552416273, 62.027887301805649 ], [ -74.497161552416273, 62.072096625616808 ], [ -74.402838447583719, 62.072096625616808 ] ] ] } },
{ "type": "Feature", "properties": { "POINT_X": -74.25, "POINT_Y": 62.05, "n": 20.0, "AGB_T_HA": 1.1130334968749991, "varTot": 38.146666805439992, "AVG_YEAR": 2019 }, "geometry": { "type": "Polygon", "coordinates": [ [ [ -74.202838447583716, 62.072096625616808 ], [ -74.202838447583716, 62.027887301805649 ], [ -74.29716155241627, 62.027887301805649 ], [ -74.29716155241627, 62.072096625616808 ], [ -74.202838447583716, 62.072096625616808 ] ] ] } },
{ "type": "Feature", "properties": { "POINT_X": 15.15, "POINT_Y": 62.05, "n": 19.0, "AGB_T_HA": 54.80415087282968, "varTot": 151.62766769903376, "AVG_YEAR": 2017 }, "geometry": { "type": "Polygon", "coordinates": [ [ [ 15.197161552416272, 62.072096625616808 ], [ 15.197161552416272, 62.027887301805649 ], [ 15.102838447583723, 62.027887301805649 ], [ 15.102838447583723, 62.072096625616808 ], [ 15.197161552416272, 62.072096625616808 ] ] ] } },
{ "type": "Feature", "properties": { "POINT_X": 15.55, "POINT_Y": 62.05, "n": 9.0, "AGB_T_HA": 69.296670141679854, "varTot": 197.25728403176205, "AVG_YEAR": 2017 }, "geometry": { "type": "Polygon", "coordinates": [ [ [ 15.597161552416273, 62.072096625616808 ], [ 15.597161552416273, 62.027887301805649 ], [ 15.502838447583724, 62.027887301805649 ], [ 15.502838447583724, 62.072096625616808 ], [ 15.597161552416273, 62.072096625616808 ] ] ] } },
{ "type": "Feature", "properties": { "POINT_X": 16.35, "POINT_Y": 62.05, "n": 5.0, "AGB_T_HA": 104.71595985105, "varTot": 438.17970340021355, "AVG_YEAR": 2017 }, "geometry": { "type": "Polygon", "coordinates": [ [ [ 16.397161552416275, 62.072096625616808 ], [ 16.397161552416275, 62.027887301805649 ], [ 16.302838447583724, 62.027887301805649 ], [ 16.302838447583724, 62.072096625616808 ], [ 16.397161552416275, 62.072096625616808 ] ] ] } },
{ "type": "Feature", "properties": { "POINT_X": 16.45, "POINT_Y": 62.05, "n": 5.0, "AGB_T_HA": 41.993590591837496, "varTot": 318.3285633744955, "AVG_YEAR": 2017 }, "geometry": { "type": "Polygon", "coordinates": [ [ [ 16.497161552416273, 62.072096625616808 ], [ 16.497161552416273, 62.027887301805649 ], [ 16.402838447583726, 62.027887301805649 ], [ 16.402838447583726, 62.072096625616808 ], [ 16.497161552416273, 62.072096625616808 ] ] ] } },
{ "type": "Feature", "properties": { "POINT_X": 17.45, "POINT_Y": 62.05, "n": 5.0, "AGB_T_HA": 30.889882375550005, "varTot": 336.89187864415118, "AVG_YEAR": 2017 }, "geometry": { "type": "Polygon", "coordinates": [ [ [ 17.497161552416273, 62.072096625616808 ], [ 17.497161552416273, 62.027887301805649 ], [ 17.402838447583722, 62.027887301805649 ], [ 17.402838447583722, 62.072096625616808 ], [ 17.497161552416273, 62.072096625616808 ] ] ] } },
{ "type": "Feature", "properties": { "POINT_X": -74.35, "POINT_Y": 62.15, "n": 5.0, "AGB_T_HA": 0.59282011249999966, "varTot": 193.64827784077207, "AVG_YEAR": 2019 }, "geometry": { "type": "Polygon", "coordinates": [ [ [ -74.302838447583738, 62.172023899767368 ], [ -74.302838447583738, 62.127960065738087 ], [ -74.397161552416279, 62.127960065738087 ], [ -74.397161552416279, 62.172023899767368 ], [ -74.302838447583738, 62.172023899767368 ] ] ] } },
{ "type": "Feature", "properties": { "POINT_X": 13.75, "POINT_Y": 62.15, "n": 6.0, "AGB_T_HA": 31.128977823585419, "varTot": 261.1409398440295, "AVG_YEAR": 2017 }, "geometry": { "type": "Polygon", "coordinates": [ [ [ 13.797161552416274, 62.172023899767368 ], [ 13.797161552416274, 62.127960065738087 ], [ 13.702838447583723, 62.127960065738087 ], [ 13.702838447583723, 62.172023899767368 ], [ 13.797161552416274, 62.172023899767368 ] ] ] } },
{ "type": "Feature", "properties": { "POINT_X": -77.95, "POINT_Y": 62.35, "n": 5.0, "AGB_T_HA": 0.0610540875, "varTot": 197.6305154456129, "AVG_YEAR": 2021 }, "geometry": { "type": "Polygon", "coordinates": [ [ [ -77.902838447583719, 62.371878247243814 ], [ -77.902838447583719, 62.328105795013336 ], [ -77.997161552416273, 62.328105795013336 ], [ -77.997161552416273, 62.371878247243814 ], [ -77.902838447583719, 62.371878247243814 ] ] ] } },
{ "type": "Feature", "properties": { "POINT_X": -77.85, "POINT_Y": 62.35, "n": 5.0, "AGB_T_HA": 0.0316840625, "varTot": 176.44322752102295, "AVG_YEAR": 2021 }, "geometry": { "type": "Polygon", "coordinates": [ [ [ -77.802838447583724, 62.371878247243814 ], [ -77.802838447583724, 62.328105795013336 ], [ -77.897161552416264, 62.328105795013336 ], [ -77.897161552416264, 62.371878247243814 ], [ -77.802838447583724, 62.371878247243814 ] ] ] } },
{ "type": "Feature", "properties": { "POINT_X": 16.15, "POINT_Y": 62.35, "n": 13.0, "AGB_T_HA": 106.91186047698078, "varTot": 288.36356566008283, "AVG_YEAR": 2017 }, "geometry": { "type": "Polygon", "coordinates": [ [ [ 16.197161552416276, 62.371878247243814 ], [ 16.197161552416276, 62.328105795013336 ], [ 16.102838447583729, 62.328105795013336 ], [ 16.102838447583729, 62.371878247243814 ], [ 16.197161552416276, 62.371878247243814 ] ] ] } },
{ "type": "Feature", "properties": { "POINT_X": -77.95, "POINT_Y": 62.45, "n": 10.0, "AGB_T_HA": 0.0, "varTot": 81.20285458481942, "AVG_YEAR": 2021 }, "geometry": { "type": "Polygon", "coordinates": [ [ [ -77.902838447583719, 62.471805321013036 ], [ -77.902838447583719, 62.428178759911859 ], [ -77.997161552416273, 62.428178759911859 ], [ -77.997161552416273, 62.471805321013036 ], [ -77.902838447583719, 62.471805321013036 ] ] ] } },
{ "type": "Feature", "properties": { "POINT_X": -77.85, "POINT_Y": 62.45, "n": 10.0, "AGB_T_HA": 0.0095676, "varTot": 71.530123144517546, "AVG_YEAR": 2021 }, "geometry": { "type": "Polygon", "coordinates": [ [ [ -77.802838447583724, 62.471805321013036 ], [ -77.802838447583724, 62.428178759911859 ], [ -77.897161552416264, 62.428178759911859 ], [ -77.897161552416264, 62.471805321013036 ], [ -77.802838447583724, 62.471805321013036 ] ] ] } },
{ "type": "Feature", "properties": { "POINT_X": 15.15, "POINT_Y": 62.55, "n": 6.0, "AGB_T_HA": 88.616267670937503, "varTot": 334.58989967851204, "AVG_YEAR": 2017 }, "geometry": { "type": "Polygon", "coordinates": [ [ [ 15.197161552416272, 62.57173232843212 ], [ 15.197161552416272, 62.528251791354471 ], [ 15.102838447583723, 62.528251791354471 ], [ 15.102838447583723, 62.57173232843212 ], [ 15.197161552416272, 62.57173232843212 ] ] ] } },
{ "type": "Feature", "properties": { "POINT_X": 17.05, "POINT_Y": 62.55, "n": 5.0, "AGB_T_HA": 68.07116055918749, "varTot": 484.63886964702846, "AVG_YEAR": 2017 }, "geometry": { "type": "Polygon", "coordinates": [ [ [ 17.097161552416274, 62.57173232843212 ], [ 17.097161552416274, 62.528251791354471 ], [ 17.002838447583724, 62.528251791354471 ], [ 17.002838447583724, 62.57173232843212 ], [ 17.097161552416274, 62.57173232843212 ] ] ] } },
{ "type": "Feature", "properties": { "POINT_X": 15.65, "POINT_Y": 62.65, "n": 8.0, "AGB_T_HA": 83.012576688300001, "varTot": 243.34125421980275, "AVG_YEAR": 2017 }, "geometry": { "type": "Polygon", "coordinates": [ [ [ 15.697161552416274, 62.671659269723278 ], [ 15.697161552416274, 62.628324889118524 ], [ 15.602838447583723, 62.628324889118524 ], [ 15.602838447583723, 62.671659269723278 ], [ 15.697161552416274, 62.671659269723278 ] ] ] } },
{ "type": "Feature", "properties": { "POINT_X": -138.95, "POINT_Y": 62.75, "n": 20.0, "AGB_T_HA": 40.131087587499998, "varTot": 65.089513870353514, "AVG_YEAR": 2019 }, "geometry": { "type": "Polygon", "coordinates": [ [ [ -138.902838447583719, 62.771586145108849 ], [ -138.902838447583719, 62.728398052981163 ], [ -138.997161552416259, 62.728398052981163 ], [ -138.997161552416259, 62.771586145108849 ], [ -138.902838447583719, 62.771586145108849 ] ] ] } },
{ "type": "Feature", "properties": { "POINT_X": 14.45, "POINT_Y": 62.75, "n": 7.0, "AGB_T_HA": 45.293943971982138, "varTot": 362.14338340415668, "AVG_YEAR": 2017 }, "geometry": { "type": "Polygon", "coordinates": [ [ [ 14.497161552416275, 62.771586145108849 ], [ 14.497161552416275, 62.728398052981163 ], [ 14.402838447583724, 62.728398052981163 ], [ 14.402838447583724, 62.771586145108849 ], [ 14.497161552416275, 62.771586145108849 ] ] ] } },
{ "type": "Feature", "properties": { "POINT_X": 15.85, "POINT_Y": 62.75, "n": 6.0, "AGB_T_HA": 69.557585276520825, "varTot": 301.90541126845028, "AVG_YEAR": 2017 }, "geometry": { "type": "Polygon", "coordinates": [ [ [ 15.897161552416277, 62.771586145108849 ], [ 15.897161552416277, 62.728398052981163 ], [ 15.802838447583726, 62.728398052981163 ], [ 15.802838447583726, 62.771586145108849 ], [ 15.897161552416277, 62.771586145108849 ] ] ] } },
{ "type": "Feature", "properties": { "POINT_X": 16.15, "POINT_Y": 62.75, "n": 8.0, "AGB_T_HA": 74.454062098500003, "varTot": 231.63920129918367, "AVG_YEAR": 2017 }, "geometry": { "type": "Polygon", "coordinates": [ [ [ 16.197161552416276, 62.771586145108849 ], [ 16.197161552416276, 62.728398052981163 ], [ 16.102838447583729, 62.728398052981163 ], [ 16.102838447583729, 62.771586145108849 ], [ 16.197161552416276, 62.771586145108849 ] ] ] } },
{ "type": "Feature", "properties": { "POINT_X": 14.85, "POINT_Y": 62.85, "n": 6.0, "AGB_T_HA": 66.120359655937492, "varTot": 302.58747265140096, "AVG_YEAR": 2017 }, "geometry": { "type": "Polygon", "coordinates": [ [ [ 14.897161552416275, 62.871512954811429 ], [ 14.897161552416275, 62.828471282719349 ], [ 14.802838447583728, 62.828471282719349 ], [ 14.802838447583728, 62.871512954811429 ], [ 14.897161552416275, 62.871512954811429 ] ] ] } },
{ "type": "Feature", "properties": { "POINT_X": 16.65, "POINT_Y": 62.85, "n": 6.0, "AGB_T_HA": 50.138461660234377, "varTot": 277.47207429224107, "AVG_YEAR": 2017 }, "geometry": { "type": "Polygon", "coordinates": [ [ [ 16.697161552416276, 62.871512954811429 ], [ 16.697161552416276, 62.828471282719349 ], [ 16.602838447583725, 62.828471282719349 ], [ 16.602838447583725, 62.871512954811429 ], [ 16.697161552416276, 62.871512954811429 ] ] ] } },
{ "type": "Feature", "properties": { "POINT_X": 16.85, "POINT_Y": 62.85, "n": 8.0, "AGB_T_HA": 75.635529351318752, "varTot": 235.74241920510815, "AVG_YEAR": 2017 }, "geometry": { "type": "Polygon", "coordinates": [ [ [ 16.897161552416275, 62.871512954811429 ], [ 16.897161552416275, 62.828471282719349 ], [ 16.802838447583728, 62.828471282719349 ], [ 16.802838447583728, 62.871512954811429 ], [ 16.897161552416275, 62.871512954811429 ] ] ] } },
{ "type": "Feature", "properties": { "POINT_X": 15.15, "POINT_Y": 62.95, "n": 7.0, "AGB_T_HA": 56.127154522162499, "varTot": 250.80227331653492, "AVG_YEAR": 2017 }, "geometry": { "type": "Polygon", "coordinates": [ [ [ 15.197161552416272, 62.971439699053775 ], [ 15.197161552416272, 62.928544578109829 ], [ 15.102838447583723, 62.928544578109829 ], [ 15.102838447583723, 62.971439699053775 ], [ 15.197161552416272, 62.971439699053775 ] ] ] } },
{ "type": "Feature", "properties": { "POINT_X": 17.35, "POINT_Y": 62.95, "n": 6.0, "AGB_T_HA": 96.331738602702075, "varTot": 343.64315741247657, "AVG_YEAR": 2017 }, "geometry": { "type": "Polygon", "coordinates": [ [ [ 17.397161552416275, 62.971439699053775 ], [ 17.397161552416275, 62.928544578109829 ], [ 17.302838447583724, 62.928544578109829 ], [ 17.302838447583724, 62.971439699053775 ], [ 17.397161552416275, 62.971439699053775 ] ] ] } },
{ "type": "Feature", "properties": { "POINT_X": -139.05, "POINT_Y": 63.05, "n": 15.0, "AGB_T_HA": 89.677661595833314, "varTot": 97.103039545639987, "AVG_YEAR": 2019 }, "geometry": { "type": "Polygon", "coordinates": [ [ [ -139.002838447583713, 63.071366378058876 ], [ -139.002838447583713, 63.028617938929166 ], [ -139.097161552416253, 63.028617938929166 ], [ -139.097161552416253, 63.071366378058876 ], [ -139.002838447583713, 63.071366378058876 ] ] ] } },
{ "type": "Feature", "properties": { "POINT_X": 17.65, "POINT_Y": 63.05, "n": 5.0, "AGB_T_HA": 41.27148462489, "varTot": 320.48440176330331, "AVG_YEAR": 2017 }, "geometry": { "type": "Polygon", "coordinates": [ [ [ 17.697161552416276, 63.071366378058876 ], [ 17.697161552416276, 63.028617938929166 ], [ 17.602838447583725, 63.028617938929166 ], [ 17.602838447583725, 63.071366378058876 ], [ 17.697161552416276, 63.071366378058876 ] ] ] } },
{ "type": "Feature", "properties": { "POINT_X": 15.65, "POINT_Y": 63.15, "n": 9.0, "AGB_T_HA": 69.969393155034723, "varTot": 260.70319549883953, "AVG_YEAR": 2017 }, "geometry": { "type": "Polygon", "coordinates": [ [ [ 15.697161552416274, 63.17129299204985 ], [ 15.697161552416274, 63.128691364953681 ], [ 15.602838447583723, 63.128691364953681 ], [ 15.602838447583723, 63.17129299204985 ], [ 15.697161552416274, 63.17129299204985 ] ] ] } },
{ "type": "Feature", "properties": { "POINT_X": 17.85, "POINT_Y": 63.15, "n": 8.0, "AGB_T_HA": 87.222180168398438, "varTot": 254.29710906523624, "AVG_YEAR": 2017 }, "geometry": { "type": "Polygon", "coordinates": [ [ [ 17.897161552416275, 63.17129299204985 ], [ 17.897161552416275, 63.128691364953681 ], [ 17.802838447583728, 63.128691364953681 ], [ 17.802838447583728, 63.17129299204985 ], [ 17.897161552416275, 63.17129299204985 ] ] ] } },
{ "type": "Feature", "properties": { "POINT_X": 15.85, "POINT_Y": 63.25, "n": 6.0, "AGB_T_HA": 70.520287287583344, "varTot": 305.93072463986095, "AVG_YEAR": 2017 }, "geometry": { "type": "Polygon", "coordinates": [ [ [ 15.897161552416277, 63.271219541250098 ], [ 15.897161552416277, 63.228764855959525 ], [ 15.802838447583726, 63.228764855959525 ], [ 15.802838447583726, 63.271219541250098 ], [ 15.897161552416277, 63.271219541250098 ] ] ] } },
{ "type": "Feature", "properties": { "POINT_X": 14.85, "POINT_Y": 63.35, "n": 9.0, "AGB_T_HA": 54.835441403749996, "varTot": 194.21030285079925, "AVG_YEAR": 2017 }, "geometry": { "type": "Polygon", "coordinates": [ [ [ 14.897161552416275, 63.371146025883171 ], [ 14.897161552416275, 63.328838411722664 ], [ 14.802838447583728, 63.328838411722664 ], [ 14.802838447583728, 63.371146025883171 ], [ 14.897161552416275, 63.371146025883171 ] ] ] } },
{ "type": "Feature", "properties": { "POINT_X": 16.85, "POINT_Y": 63.35, "n": 8.0, "AGB_T_HA": 34.417175066259368, "varTot": 192.01467738090471, "AVG_YEAR": 2017 }, "geometry": { "type": "Polygon", "coordinates": [ [ [ 16.897161552416275, 63.371146025883171 ], [ 16.897161552416275, 63.328838411722664 ], [ 16.802838447583728, 63.328838411722664 ], [ 16.802838447583728, 63.371146025883171 ], [ 16.897161552416275, 63.371146025883171 ] ] ] } },
{ "type": "Feature", "properties": { "POINT_X": 18.85, "POINT_Y": 63.35, "n": 5.0, "AGB_T_HA": 44.971411311559997, "varTot": 325.10343328306135, "AVG_YEAR": 2017 }, "geometry": { "type": "Polygon", "coordinates": [ [ [ 18.897161552416275, 63.371146025883171 ], [ 18.897161552416275, 63.328838411722664 ], [ 18.802838447583724, 63.328838411722664 ], [ 18.802838447583724, 63.371146025883171 ], [ 18.897161552416275, 63.371146025883171 ] ] ] } },
{ "type": "Feature", "properties": { "POINT_X": 13.65, "POINT_Y": 63.55, "n": 9.0, "AGB_T_HA": 50.886094207972221, "varTot": 189.15688165570535, "AVG_YEAR": 2017 }, "geometry": { "type": "Polygon", "coordinates": [ [ [ 13.697161552416274, 63.570998802343013 ], [ 13.697161552416274, 63.528985716623623 ], [ 13.602838447583723, 63.528985716623623 ], [ 13.602838447583723, 63.570998802343013 ], [ 13.697161552416274, 63.570998802343013 ] ] ] } },
{ "type": "Feature", "properties": { "POINT_X": 15.65, "POINT_Y": 63.55, "n": 7.0, "AGB_T_HA": 90.05750844762143, "varTot": 302.88016931260091, "AVG_YEAR": 2017 }, "geometry": { "type": "Polygon", "coordinates": [ [ [ 15.697161552416274, 63.570998802343013 ], [ 15.697161552416274, 63.528985716623623 ], [ 15.602838447583723, 63.528985716623623 ], [ 15.602838447583723, 63.570998802343013 ], [ 15.697161552416274, 63.570998802343013 ] ] ] } },
{ "type": "Feature", "properties": { "POINT_X": 14.15, "POINT_Y": 63.65, "n": 5.0, "AGB_T_HA": 68.144727767500001, "varTot": 362.687317363636, "AVG_YEAR": 2017 }, "geometry": { "type": "Polygon", "coordinates": [ [ [ 14.197161552416274, 63.670925094617893 ], [ 14.197161552416274, 63.629059465312359 ], [ 14.102838447583725, 63.629059465312359 ], [ 14.102838447583725, 63.670925094617893 ], [ 14.197161552416274, 63.670925094617893 ] ] ] } },
{ "type": "Feature", "properties": { "POINT_X": 15.85, "POINT_Y": 63.65, "n": 7.0, "AGB_T_HA": 90.848650532785726, "varTot": 290.80265771899298, "AVG_YEAR": 2017 }, "geometry": { "type": "Polygon", "coordinates": [ [ [ 15.897161552416277, 63.670925094617893 ], [ 15.897161552416277, 63.629059465312359 ], [ 15.802838447583726, 63.629059465312359 ], [ 15.802838447583726, 63.670925094617893 ], [ 15.897161552416277, 63.670925094617893 ] ] ] } },
{ "type": "Feature", "properties": { "POINT_X": 18.15, "POINT_Y": 63.65, "n": 5.0, "AGB_T_HA": 52.366437479597501, "varTot": 337.83216718161322, "AVG_YEAR": 2017 }, "geometry": { "type": "Polygon", "coordinates": [ [ [ 18.197161552416276, 63.670925094617893 ], [ 18.197161552416276, 63.629059465312359 ], [ 18.102838447583725, 63.629059465312359 ], [ 18.102838447583725, 63.670925094617893 ], [ 18.197161552416276, 63.670925094617893 ] ] ] } },
{ "type": "Feature", "properties": { "POINT_X": -145.85, "POINT_Y": 63.75, "n": 33.0, "AGB_T_HA": 0.76581920938379855, "varTot": 6.3021157026390027, "AVG_YEAR": 2017 }, "geometry": { "type": "Polygon", "coordinates": [ [ [ -145.802838447583696, 63.770851323221777 ], [ -145.802838447583696, 63.729133277860193 ], [ -145.897161552416236, 63.729133277860193 ], [ -145.897161552416236, 63.770851323221777 ], [ -145.802838447583696, 63.770851323221777 ] ] ] } },
{ "type": "Feature", "properties": { "POINT_X": -145.75, "POINT_Y": 63.75, "n": 194.0, "AGB_T_HA": 2.4597719170138865, "varTot": 1.0772025870709485, "AVG_YEAR": 2017 }, "geometry": { "type": "Polygon", "coordinates": [ [ [ -145.702838447583702, 63.770851323221777 ], [ -145.702838447583702, 63.729133277860193 ], [ -145.797161552416242, 63.729133277860193 ], [ -145.797161552416242, 63.770851323221777 ], [ -145.702838447583702, 63.770851323221777 ] ] ] } },
{ "type": "Feature", "properties": { "POINT_X": -145.65, "POINT_Y": 63.75, "n": 177.0, "AGB_T_HA": 2.6941765051948665, "varTot": 1.1809511980909513, "AVG_YEAR": 2018 }, "geometry": { "type": "Polygon", "coordinates": [ [ [ -145.602838447583707, 63.770851323221777 ], [ -145.602838447583707, 63.729133277860193 ], [ -145.697161552416247, 63.729133277860193 ], [ -145.697161552416247, 63.770851323221777 ], [ -145.602838447583707, 63.770851323221777 ] ] ] } },
{ "type": "Feature", "properties": { "POINT_X": -140.75, "POINT_Y": 63.75, "n": 15.0, "AGB_T_HA": 5.351166, "varTot": 73.34564680693255, "AVG_YEAR": 2018 }, "geometry": { "type": "Polygon", "coordinates": [ [ [ -140.702838447583702, 63.770851323221777 ], [ -140.702838447583702, 63.729133277860193 ], [ -140.79716155241627, 63.729133277860193 ], [ -140.79716155241627, 63.770851323221777 ], [ -140.702838447583702, 63.770851323221777 ] ] ] } },
{ "type": "Feature", "properties": { "POINT_X": 14.85, "POINT_Y": 63.75, "n": 5.0, "AGB_T_HA": 70.856407670781252, "varTot": 380.87732144972313, "AVG_YEAR": 2017 }, "geometry": { "type": "Polygon", "coordinates": [ [ [ 14.897161552416275, 63.770851323221777 ], [ 14.897161552416275, 63.729133277860193 ], [ 14.802838447583728, 63.729133277860193 ], [ 14.802838447583728, 63.770851323221777 ], [ 14.897161552416275, 63.770851323221777 ] ] ] } },
{ "type": "Feature", "properties": { "POINT_X": 16.65, "POINT_Y": 63.75, "n": 5.0, "AGB_T_HA": 72.992094358175009, "varTot": 389.79152569734487, "AVG_YEAR": 2017 }, "geometry": { "type": "Polygon", "coordinates": [ [ [ 16.697161552416276, 63.770851323221777 ], [ 16.697161552416276, 63.729133277860193 ], [ 16.602838447583725, 63.729133277860193 ], [ 16.602838447583725, 63.770851323221777 ], [ 16.697161552416276, 63.770851323221777 ] ] ] } },
{ "type": "Feature", "properties": { "POINT_X": 16.85, "POINT_Y": 63.75, "n": 5.0, "AGB_T_HA": 49.447779566975001, "varTot": 376.96555252205445, "AVG_YEAR": 2017 }, "geometry": { "type": "Polygon", "coordinates": [ [ [ 16.897161552416275, 63.770851323221777 ], [ 16.897161552416275, 63.729133277860193 ], [ 16.802838447583728, 63.729133277860193 ], [ 16.802838447583728, 63.770851323221777 ], [ 16.897161552416275, 63.770851323221777 ] ] ] } },
{ "type": "Feature", "properties": { "POINT_X": -149.35, "POINT_Y": 63.85, "n": 173.0, "AGB_T_HA": 0.49700116748738871, "varTot": 1.2022103079461808, "AVG_YEAR": 2017 }, "geometry": { "type": "Polygon", "coordinates": [ [ [ -149.302838447583724, 63.870777488379211 ], [ -149.302838447583724, 63.829207154042109 ], [ -149.397161552416264, 63.829207154042109 ], [ -149.397161552416264, 63.870777488379211 ], [ -149.302838447583724, 63.870777488379211 ] ] ] } },
{ "type": "Feature", "properties": { "POINT_X": -149.25, "POINT_Y": 63.85, "n": 621.0, "AGB_T_HA": 0.96540352635628679, "varTot": 0.34092700737358034, "AVG_YEAR": 2018 }, "geometry": { "type": "Polygon", "coordinates": [ [ [ -149.20283844758373, 63.870777488379211 ], [ -149.20283844758373, 63.829207154042109 ], [ -149.29716155241627, 63.829207154042109 ], [ -149.29716155241627, 63.870777488379211 ], [ -149.20283844758373, 63.870777488379211 ] ] ] } },
{ "type": "Feature", "properties": { "POINT_X": -149.15, "POINT_Y": 63.85, "n": 581.0, "AGB_T_HA": 5.6182863132523337, "varTot": 0.36453366746888366, "AVG_YEAR": 2019 }, "geometry": { "type": "Polygon", "coordinates": [ [ [ -149.102838447583736, 63.870777488379211 ], [ -149.102838447583736, 63.829207154042109 ], [ -149.197161552416276, 63.829207154042109 ], [ -149.197161552416276, 63.870777488379211 ], [ -149.102838447583736, 63.870777488379211 ] ] ] } },
{ "type": "Feature", "properties": { "POINT_X": -145.85, "POINT_Y": 63.85, "n": 191.0, "AGB_T_HA": 7.8351103742998491, "varTot": 1.1108628449927969, "AVG_YEAR": 2017 }, "geometry": { "type": "Polygon", "coordinates": [ [ [ -145.802838447583696, 63.870777488379211 ], [ -145.802838447583696, 63.829207154042109 ], [ -145.897161552416236, 63.829207154042109 ], [ -145.897161552416236, 63.870777488379211 ], [ -145.802838447583696, 63.870777488379211 ] ] ] } },
{ "type": "Feature", "properties": { "POINT_X": -145.75, "POINT_Y": 63.85, "n": 860.0, "AGB_T_HA": 3.6274726723193931, "varTot": 0.24360642003739741, "AVG_YEAR": 2017 }, "geometry": { "type": "Polygon", "coordinates": [ [ [ -145.702838447583702, 63.870777488379211 ], [ -145.702838447583702, 63.829207154042109 ], [ -145.797161552416242, 63.829207154042109 ], [ -145.797161552416242, 63.870777488379211 ], [ -145.702838447583702, 63.870777488379211 ] ] ] } },
{ "type": "Feature", "properties": { "POINT_X": -145.65, "POINT_Y": 63.85, "n": 627.0, "AGB_T_HA": 4.2703471301589966, "varTot": 0.33573692364683966, "AVG_YEAR": 2018 }, "geometry": { "type": "Polygon", "coordinates": [ [ [ -145.602838447583707, 63.870777488379211 ], [ -145.602838447583707, 63.829207154042109 ], [ -145.697161552416247, 63.829207154042109 ], [ -145.697161552416247, 63.870777488379211 ], [ -145.602838447583707, 63.870777488379211 ] ] ] } },
{ "type": "Feature", "properties": { "POINT_X": -138.95, "POINT_Y": 63.85, "n": 15.0, "AGB_T_HA": 162.642849775, "varTot": 109.75977533483835, "AVG_YEAR": 2019 }, "geometry": { "type": "Polygon", "coordinates": [ [ [ -138.902838447583719, 63.870777488379211 ], [ -138.902838447583719, 63.829207154042109 ], [ -138.997161552416259, 63.829207154042109 ], [ -138.997161552416259, 63.870777488379211 ], [ -138.902838447583719, 63.870777488379211 ] ] ] } },
{ "type": "Feature", "properties": { "POINT_X": 15.35, "POINT_Y": 63.85, "n": 8.0, "AGB_T_HA": 48.085457362089848, "varTot": 209.81221941715643, "AVG_YEAR": 2017 }, "geometry": { "type": "Polygon", "coordinates": [ [ [ 15.397161552416277, 63.870777488379211 ], [ 15.397161552416277, 63.829207154042109 ], [ 15.302838447583726, 63.829207154042109 ], [ 15.302838447583726, 63.870777488379211 ], [ 15.397161552416277, 63.870777488379211 ] ] ] } },
{ "type": "Feature", "properties": { "POINT_X": -149.35, "POINT_Y": 63.95, "n": 68.0, "AGB_T_HA": 2.0900596022173303, "varTot": 3.0681889672649905, "AVG_YEAR": 2019 }, "geometry": { "type": "Polygon", "coordinates": [ [ [ -149.302838447583724, 63.970703590314955 ], [ -149.302838447583724, 63.929281093632895 ], [ -149.397161552416264, 63.929281093632895 ], [ -149.397161552416264, 63.970703590314955 ], [ -149.302838447583724, 63.970703590314955 ] ] ] } },
{ "type": "Feature", "properties": { "POINT_X": -149.25, "POINT_Y": 63.95, "n": 271.0, "AGB_T_HA": 1.0536419457355133, "varTot": 0.76864095901018004, "AVG_YEAR": 2018 }, "geometry": { "type": "Polygon", "coordinates": [ [ [ -149.20283844758373, 63.970703590314955 ], [ -149.20283844758373, 63.929281093632895 ], [ -149.29716155241627, 63.929281093632895 ], [ -149.29716155241627, 63.970703590314955 ], [ -149.20283844758373, 63.970703590314955 ] ] ] } },
{ "type": "Feature", "properties": { "POINT_X": -149.15, "POINT_Y": 63.95, "n": 265.0, "AGB_T_HA": 22.157301462064211, "varTot": 0.84233366821268729, "AVG_YEAR": 2019 }, "geometry": { "type": "Polygon", "coordinates": [ [ [ -149.102838447583736, 63.970703590314955 ], [ -149.102838447583736, 63.929281093632895 ], [ -149.197161552416276, 63.929281093632895 ], [ -149.197161552416276, 63.970703590314955 ], [ -149.102838447583736, 63.970703590314955 ] ] ] } },
{ "type": "Feature", "properties": { "POINT_X": -145.85, "POINT_Y": 63.95, "n": 104.0, "AGB_T_HA": 11.449290503161063, "varTot": 2.137245731583576, "AVG_YEAR": 2018 }, "geometry": { "type": "Polygon", "coordinates": [ [ [ -145.802838447583696, 63.970703590314955 ], [ -145.802838447583696, 63.929281093632895 ], [ -145.897161552416236, 63.929281093632895 ], [ -145.897161552416236, 63.970703590314955 ], [ -145.802838447583696, 63.970703590314955 ] ] ] } },
{ "type": "Feature", "properties": { "POINT_X": -145.75, "POINT_Y": 63.95, "n": 407.0, "AGB_T_HA": 2.5763462480953949, "varTot": 0.51695656737967843, "AVG_YEAR": 2018 }, "geometry": { "type": "Polygon", "coordinates": [ [ [ -145.702838447583702, 63.970703590314955 ], [ -145.702838447583702, 63.929281093632895 ], [ -145.797161552416242, 63.929281093632895 ], [ -145.797161552416242, 63.970703590314955 ], [ -145.702838447583702, 63.970703590314955 ] ] ] } },
{ "type": "Feature", "properties": { "POINT_X": -145.65, "POINT_Y": 63.95, "n": 383.0, "AGB_T_HA": 15.191693455146064, "varTot": 0.57909996296739752, "AVG_YEAR": 2018 }, "geometry": { "type": "Polygon", "coordinates": [ [ [ -145.602838447583707, 63.970703590314955 ], [ -145.602838447583707, 63.929281093632895 ], [ -145.697161552416247, 63.929281093632895 ], [ -145.697161552416247, 63.970703590314955 ], [ -145.602838447583707, 63.970703590314955 ] ] ] } },
{ "type": "Feature", "properties": { "POINT_X": -143.65, "POINT_Y": 63.95, "n": 9.0, "AGB_T_HA": 73.629445555555534, "varTot": 135.654497687972, "AVG_YEAR": 2018 }, "geometry": { "type": "Polygon", "coordinates": [ [ [ -143.602838447583707, 63.970703590314955 ], [ -143.602838447583707, 63.929281093632895 ], [ -143.697161552416247, 63.929281093632895 ], [ -143.697161552416247, 63.970703590314955 ], [ -143.602838447583707, 63.970703590314955 ] ] ] } },
{ "type": "Feature", "properties": { "POINT_X": -140.75, "POINT_Y": 63.95, "n": 12.0, "AGB_T_HA": 33.817273375, "varTot": 102.95843676579081, "AVG_YEAR": 2018 }, "geometry": { "type": "Polygon", "coordinates": [ [ [ -140.702838447583702, 63.970703590314955 ], [ -140.702838447583702, 63.929281093632895 ], [ -140.79716155241627, 63.929281093632895 ], [ -140.79716155241627, 63.970703590314955 ], [ -140.702838447583702, 63.970703590314955 ] ] ] } },
{ "type": "Feature", "properties": { "POINT_X": -140.65, "POINT_Y": 63.95, "n": 15.0, "AGB_T_HA": 24.793091137499999, "varTot": 76.852145178349971, "AVG_YEAR": 2019 }, "geometry": { "type": "Polygon", "coordinates": [ [ [ -140.602838447583707, 63.970703590314955 ], [ -140.602838447583707, 63.929281093632895 ], [ -140.697161552416276, 63.929281093632895 ], [ -140.697161552416276, 63.970703590314955 ], [ -140.602838447583707, 63.970703590314955 ] ] ] } },
{ "type": "Feature", "properties": { "POINT_X": 15.65, "POINT_Y": 63.95, "n": 5.0, "AGB_T_HA": 49.5247969370375, "varTot": 323.31912208666034, "AVG_YEAR": 2017 }, "geometry": { "type": "Polygon", "coordinates": [ [ [ 15.697161552416274, 63.970703590314955 ], [ 15.697161552416274, 63.929281093632895 ], [ 15.602838447583723, 63.929281093632895 ], [ 15.602838447583723, 63.970703590314955 ], [ 15.697161552416274, 63.970703590314955 ] ] ] } },
{ "type": "Feature", "properties": { "POINT_X": -140.95, "POINT_Y": 64.05, "n": 20.0, "AGB_T_HA": 10.2329376, "varTot": 56.301746009034851, "AVG_YEAR": 2018 }, "geometry": { "type": "Polygon", "coordinates": [ [ [ -140.902838447583719, 64.070629629253858 ], [ -140.902838447583719, 64.029355096407087 ], [ -140.997161552416259, 64.029355096407087 ], [ -140.997161552416259, 64.070629629253858 ], [ -140.902838447583719, 64.070629629253858 ] ] ] } },
{ "type": "Feature", "properties": { "POINT_X": 15.65, "POINT_Y": 64.05, "n": 5.0, "AGB_T_HA": 37.238715164370007, "varTot": 313.869974539466, "AVG_YEAR": 2017 }, "geometry": { "type": "Polygon", "coordinates": [ [ [ 15.697161552416274, 64.070629629253858 ], [ 15.697161552416274, 64.029355096407087 ], [ 15.602838447583723, 64.029355096407087 ], [ 15.602838447583723, 64.070629629253858 ], [ 15.697161552416274, 64.070629629253858 ] ] ] } },
{ "type": "Feature", "properties": { "POINT_X": 19.95, "POINT_Y": 64.05, "n": 6.0, "AGB_T_HA": 53.32039421389107, "varTot": 283.88818944804626, "AVG_YEAR": 2017 }, "geometry": { "type": "Polygon", "coordinates": [ [ [ 19.997161552416276, 64.070629629253858 ], [ 19.997161552416276, 64.029355096407087 ], [ 19.902838447583726, 64.029355096407087 ], [ 19.902838447583726, 64.070629629253858 ], [ 19.997161552416276, 64.070629629253858 ] ] ] } },
{ "type": "Feature", "properties": { "POINT_X": 20.25, "POINT_Y": 64.05, "n": 5.0, "AGB_T_HA": 37.75753085, "varTot": 313.5982568143811, "AVG_YEAR": 2017 }, "geometry": { "type": "Polygon", "coordinates": [ [ [ 20.297161552416274, 64.070629629253858 ], [ 20.297161552416274, 64.029355096407087 ], [ 20.202838447583723, 64.029355096407087 ], [ 20.202838447583723, 64.070629629253858 ], [ 20.297161552416274, 64.070629629253858 ] ] ] } },
{ "type": "Feature", "properties": { "POINT_X": -141.25, "POINT_Y": 64.15, "n": 15.0, "AGB_T_HA": 20.0300703, "varTot": 75.017989579009921, "AVG_YEAR": 2018 }, "geometry": { "type": "Polygon", "coordinates": [ [ [ -141.202838447583702, 64.170555605421072 ], [ -141.202838447583702, 64.129429162139104 ], [ -141.297161552416242, 64.129429162139104 ], [ -141.297161552416242, 64.170555605421072 ], [ -141.202838447583702, 64.170555605421072 ] ] ] } },
{ "type": "Feature", "properties": { "POINT_X": -140.85, "POINT_Y": 64.15, "n": 20.0, "AGB_T_HA": 71.117960787499996, "varTot": 66.223777386203011, "AVG_YEAR": 2019 }, "geometry": { "type": "Polygon", "coordinates": [ [ [ -140.802838447583696, 64.170555605421072 ], [ -140.802838447583696, 64.129429162139104 ], [ -140.897161552416264, 64.129429162139104 ], [ -140.897161552416264, 64.170555605421072 ], [ -140.802838447583696, 64.170555605421072 ] ] ] } },
{ "type": "Feature", "properties": { "POINT_X": -140.35, "POINT_Y": 64.15, "n": 20.0, "AGB_T_HA": 55.405582859374995, "varTot": 63.438096268724763, "AVG_YEAR": 2019 }, "geometry": { "type": "Polygon", "coordinates": [ [ [ -140.302838447583724, 64.170555605421072 ], [ -140.302838447583724, 64.129429162139104 ], [ -140.397161552416264, 64.129429162139104 ], [ -140.397161552416264, 64.170555605421072 ], [ -140.302838447583724, 64.170555605421072 ] ] ] } },
{ "type": "Feature", "properties": { "POINT_X": 16.15, "POINT_Y": 64.15, "n": 7.0, "AGB_T_HA": 57.637076381078572, "varTot": 250.30197450444243, "AVG_YEAR": 2017 }, "geometry": { "type": "Polygon", "coordinates": [ [ [ 16.197161552416276, 64.170555605421072 ], [ 16.197161552416276, 64.129429162139104 ], [ 16.102838447583729, 64.129429162139104 ], [ 16.102838447583729, 64.170555605421072 ], [ 16.197161552416276, 64.170555605421072 ] ] ] } },
{ "type": "Feature", "properties": { "POINT_X": -143.55, "POINT_Y": 64.25, "n": 15.0, "AGB_T_HA": 6.2289832, "varTot": 73.239123741041297, "AVG_YEAR": 2018 }, "geometry": { "type": "Polygon", "coordinates": [ [ [ -143.502838447583713, 64.27048151904188 ], [ -143.502838447583713, 64.22950329060312 ], [ -143.597161552416253, 64.22950329060312 ], [ -143.597161552416253, 64.27048151904188 ], [ -143.502838447583713, 64.27048151904188 ] ] ] } },
{ "type": "Feature", "properties": { "POINT_X": 16.45, "POINT_Y": 64.25, "n": 5.0, "AGB_T_HA": 73.524393246512503, "varTot": 382.67955557919288, "AVG_YEAR": 2017 }, "geometry": { "type": "Polygon", "coordinates": [ [ [ 16.497161552416273, 64.27048151904188 ], [ 16.497161552416273, 64.22950329060312 ], [ 16.402838447583726, 64.22950329060312 ], [ 16.402838447583726, 64.27048151904188 ], [ 16.497161552416273, 64.27048151904188 ] ] ] } },
{ "type": "Feature", "properties": { "POINT_X": 17.75, "POINT_Y": 64.25, "n": 10.0, "AGB_T_HA": 47.682268234475004, "varTot": 248.10761589970937, "AVG_YEAR": 2017 }, "geometry": { "type": "Polygon", "coordinates": [ [ [ 17.797161552416274, 64.27048151904188 ], [ 17.797161552416274, 64.22950329060312 ], [ 17.702838447583723, 64.22950329060312 ], [ 17.702838447583723, 64.27048151904188 ], [ 17.797161552416274, 64.27048151904188 ] ] ] } },
{ "type": "Feature", "properties": { "POINT_X": 18.55, "POINT_Y": 64.25, "n": 5.0, "AGB_T_HA": 35.290406407124998, "varTot": 496.24599338154337, "AVG_YEAR": 2017 }, "geometry": { "type": "Polygon", "coordinates": [ [ [ 18.597161552416274, 64.27048151904188 ], [ 18.597161552416274, 64.22950329060312 ], [ 18.502838447583724, 64.22950329060312 ], [ 18.502838447583724, 64.27048151904188 ], [ 18.597161552416274, 64.27048151904188 ] ] ] } },
{ "type": "Feature", "properties": { "POINT_X": 19.25, "POINT_Y": 64.25, "n": 6.0, "AGB_T_HA": 57.515060658818754, "varTot": 294.50283616401873, "AVG_YEAR": 2017 }, "geometry": { "type": "Polygon", "coordinates": [ [ [ 19.297161552416274, 64.27048151904188 ], [ 19.297161552416274, 64.22950329060312 ], [ 19.202838447583726, 64.22950329060312 ], [ 19.202838447583726, 64.27048151904188 ], [ 19.297161552416274, 64.27048151904188 ] ] ] } },
{ "type": "Feature", "properties": { "POINT_X": 18.35, "POINT_Y": 64.35, "n": 7.0, "AGB_T_HA": 64.852405340571437, "varTot": 259.21150721931002, "AVG_YEAR": 2017 }, "geometry": { "type": "Polygon", "coordinates": [ [ [ 18.397161552416275, 64.370407370341781 ], [ 18.397161552416275, 64.329577481573139 ], [ 18.302838447583724, 64.329577481573139 ], [ 18.302838447583724, 64.370407370341781 ], [ 18.397161552416275, 64.370407370341781 ] ] ] } },
{ "type": "Feature", "properties": { "POINT_X": 19.75, "POINT_Y": 64.35, "n": 5.0, "AGB_T_HA": 47.854542309600014, "varTot": 343.39715338636711, "AVG_YEAR": 2017 }, "geometry": { "type": "Polygon", "coordinates": [ [ [ 19.797161552416274, 64.370407370341781 ], [ 19.797161552416274, 64.329577481573139 ], [ 19.702838447583723, 64.329577481573139 ], [ 19.702838447583723, 64.370407370341781 ], [ 19.797161552416274, 64.370407370341781 ] ] ] } },
{ "type": "Feature", "properties": { "POINT_X": 15.65, "POINT_Y": 64.45, "n": 5.0, "AGB_T_HA": 23.161055042475002, "varTot": 294.93689467406983, "AVG_YEAR": 2017 }, "geometry": { "type": "Polygon", "coordinates": [ [ [ 15.697161552416274, 64.470333159546442 ], [ 15.697161552416274, 64.429651734822968 ], [ 15.602838447583723, 64.429651734822968 ], [ 15.602838447583723, 64.470333159546442 ], [ 15.697161552416274, 64.470333159546442 ] ] ] } },
{ "type": "Feature", "properties": { "POINT_X": -141.25, "POINT_Y": 64.55, "n": 20.0, "AGB_T_HA": 17.694859, "varTot": 59.540439389096633, "AVG_YEAR": 2018 }, "geometry": { "type": "Polygon", "coordinates": [ [ [ -141.202838447583702, 64.570258886881717 ], [ -141.202838447583702, 64.529726050126214 ], [ -141.297161552416242, 64.529726050126214 ], [ -141.297161552416242, 64.570258886881717 ], [ -141.202838447583702, 64.570258886881717 ] ] ] } },
{ "type": "Feature", "properties": { "POINT_X": -139.95, "POINT_Y": 64.55, "n": 15.0, "AGB_T_HA": 51.236251554166678, "varTot": 86.704854813136564, "AVG_YEAR": 2019 }, "geometry": { "type": "Polygon", "coordinates": [ [ [ -139.902838447583747, 64.570258886881717 ], [ -139.902838447583747, 64.529726050126214 ], [ -139.997161552416287, 64.529726050126214 ], [ -139.997161552416287, 64.570258886881717 ], [ -139.902838447583747, 64.570258886881717 ] ] ] } },
{ "type": "Feature", "properties": { "POINT_X": 20.55, "POINT_Y": 64.55, "n": 5.0, "AGB_T_HA": 85.370514125312511, "varTot": 406.43277425982421, "AVG_YEAR": 2017 }, "geometry": { "type": "Polygon", "coordinates": [ [ [ 20.597161552416274, 64.570258886881717 ], [ 20.597161552416274, 64.529726050126214 ], [ 20.502838447583727, 64.529726050126214 ], [ 20.502838447583727, 64.570258886881717 ], [ 20.597161552416274, 64.570258886881717 ] ] ] } },
{ "type": "Feature", "properties": { "POINT_X": 21.15, "POINT_Y": 64.55, "n": 5.0, "AGB_T_HA": 66.65030599875, "varTot": 344.43301348903816, "AVG_YEAR": 2017 }, "geometry": { "type": "Polygon", "coordinates": [ [ [ 21.197161552416276, 64.570258886881717 ], [ 21.197161552416276, 64.529726050126214 ], [ 21.102838447583725, 64.529726050126214 ], [ 21.102838447583725, 64.570258886881717 ], [ 21.197161552416276, 64.570258886881717 ] ] ] } },
{ "type": "Feature", "properties": { "POINT_X": -144.45, "POINT_Y": 64.65, "n": 15.0, "AGB_T_HA": 46.4115718, "varTot": 88.306618147897765, "AVG_YEAR": 2019 }, "geometry": { "type": "Polygon", "coordinates": [ [ [ -144.402838447583747, 64.670184552573687 ], [ -144.402838447583747, 64.62980042725637 ], [ -144.497161552416287, 64.62980042725637 ], [ -144.497161552416287, 64.670184552573687 ], [ -144.402838447583747, 64.670184552573687 ] ] ] } },
{ "type": "Feature", "properties": { "POINT_X": -144.25, "POINT_Y": 64.65, "n": 50.0, "AGB_T_HA": 6.9632471225000057, "varTot": 22.725883972076051, "AVG_YEAR": 2018 }, "geometry": { "type": "Polygon", "coordinates": [ [ [ -144.20283844758373, 64.670184552573687 ], [ -144.20283844758373, 64.62980042725637 ], [ -144.29716155241627, 64.62980042725637 ], [ -144.29716155241627, 64.670184552573687 ], [ -144.20283844758373, 64.670184552573687 ] ] ] } },
{ "type": "Feature", "properties": { "POINT_X": -143.85, "POINT_Y": 64.65, "n": 20.0, "AGB_T_HA": 60.34399, "varTot": 65.013276660359679, "AVG_YEAR": 2018 }, "geometry": { "type": "Polygon", "coordinates": [ [ [ -143.802838447583724, 64.670184552573687 ], [ -143.802838447583724, 64.62980042725637 ], [ -143.897161552416264, 64.62980042725637 ], [ -143.897161552416264, 64.670184552573687 ], [ -143.802838447583724, 64.670184552573687 ] ] ] } },
{ "type": "Feature", "properties": { "POINT_X": -144.05, "POINT_Y": 64.75, "n": 20.0, "AGB_T_HA": 10.43936765, "varTot": 60.900667046610408, "AVG_YEAR": 2018 }, "geometry": { "type": "Polygon", "coordinates": [ [ [ -144.002838447583741, 64.770110156848588 ], [ -144.002838447583741, 64.729874865986574 ], [ -144.097161552416281, 64.729874865986574 ], [ -144.097161552416281, 64.770110156848588 ], [ -144.002838447583741, 64.770110156848588 ] ] ] } },
{ "type": "Feature", "properties": { "POINT_X": -142.35, "POINT_Y": 64.75, "n": 15.0, "AGB_T_HA": 55.924687, "varTot": 87.240506450708693, "AVG_YEAR": 2018 }, "geometry": { "type": "Polygon", "coordinates": [ [ [ -142.302838447583724, 64.770110156848588 ], [ -142.302838447583724, 64.729874865986574 ], [ -142.397161552416264, 64.729874865986574 ], [ -142.397161552416264, 64.770110156848588 ], [ -142.302838447583724, 64.770110156848588 ] ] ] } },
{ "type": "Feature", "properties": { "POINT_X": -138.85, "POINT_Y": 64.75, "n": 15.0, "AGB_T_HA": 1.3967304, "varTot": 80.190579358320861, "AVG_YEAR": 2019 }, "geometry": { "type": "Polygon", "coordinates": [ [ [ -138.802838447583696, 64.770110156848588 ], [ -138.802838447583696, 64.729874865986574 ], [ -138.897161552416236, 64.729874865986574 ], [ -138.897161552416236, 64.770110156848588 ], [ -138.802838447583696, 64.770110156848588 ] ] ] } },
{ "type": "Feature", "properties": { "POINT_X": 15.15, "POINT_Y": 64.75, "n": 6.0, "AGB_T_HA": 79.573300127437506, "varTot": 425.0156587032036, "AVG_YEAR": 2017 }, "geometry": { "type": "Polygon", "coordinates": [ [ [ 15.197161552416272, 64.770110156848588 ], [ 15.197161552416272, 64.729874865986574 ], [ 15.102838447583723, 64.729874865986574 ], [ 15.102838447583723, 64.770110156848588 ], [ 15.197161552416272, 64.770110156848588 ] ] ] } },
{ "type": "Feature", "properties": { "POINT_X": 17.95, "POINT_Y": 64.75, "n": 5.0, "AGB_T_HA": 29.283275920655001, "varTot": 303.39278703255735, "AVG_YEAR": 2017 }, "geometry": { "type": "Polygon", "coordinates": [ [ [ 17.997161552416273, 64.770110156848588 ], [ 17.997161552416273, 64.729874865986574 ], [ 17.902838447583722, 64.729874865986574 ], [ 17.902838447583722, 64.770110156848588 ], [ 17.997161552416273, 64.770110156848588 ] ] ] } },
{ "type": "Feature", "properties": { "POINT_X": 20.15, "POINT_Y": 64.95, "n": 7.0, "AGB_T_HA": 45.347694310714282, "varTot": 231.02549300424039, "AVG_YEAR": 2017 }, "geometry": { "type": "Polygon", "coordinates": [ [ [ 20.197161552416276, 64.969961182053012 ], [ 20.197161552416276, 64.930023927339306 ], [ 20.102838447583729, 64.930023927339306 ], [ 20.102838447583729, 64.969961182053012 ], [ 20.197161552416276, 64.969961182053012 ] ] ] } },
{ "type": "Feature", "properties": { "POINT_X": 20.35, "POINT_Y": 64.95, "n": 7.0, "AGB_T_HA": 46.692177805455366, "varTot": 234.78144084996867, "AVG_YEAR": 2017 }, "geometry": { "type": "Polygon", "coordinates": [ [ [ 20.397161552416275, 64.969961182053012 ], [ 20.397161552416275, 64.930023927339306 ], [ 20.302838447583728, 64.930023927339306 ], [ 20.302838447583728, 64.969961182053012 ], [ 20.397161552416275, 64.969961182053012 ] ] ] } },
{ "type": "Feature", "properties": { "POINT_X": -147.55, "POINT_Y": 65.05, "n": 15.0, "AGB_T_HA": 271.59106225833335, "varTot": 104.34656026130051, "AVG_YEAR": 2019 }, "geometry": { "type": "Polygon", "coordinates": [ [ [ -147.502838447583713, 65.069886603435961 ], [ -147.502838447583713, 65.030098549507358 ], [ -147.597161552416281, 65.030098549507358 ], [ -147.597161552416281, 65.069886603435961 ], [ -147.502838447583713, 65.069886603435961 ] ] ] } },
{ "type": "Feature", "properties": { "POINT_X": -144.15, "POINT_Y": 65.05, "n": 15.0, "AGB_T_HA": 15.511724733333335, "varTot": 79.32065000446724, "AVG_YEAR": 2018 }, "geometry": { "type": "Polygon", "coordinates": [ [ [ -144.102838447583736, 65.069886603435961 ], [ -144.102838447583736, 65.030098549507358 ], [ -144.197161552416276, 65.030098549507358 ], [ -144.197161552416276, 65.069886603435961 ], [ -144.102838447583736, 65.069886603435961 ] ] ] } },
{ "type": "Feature", "properties": { "POINT_X": 17.05, "POINT_Y": 65.05, "n": 6.0, "AGB_T_HA": 22.803877235239582, "varTot": 246.7621352165707, "AVG_YEAR": 2017 }, "geometry": { "type": "Polygon", "coordinates": [ [ [ 17.097161552416274, 65.069886603435961 ], [ 17.097161552416274, 65.030098549507358 ], [ 17.002838447583724, 65.030098549507358 ], [ 17.002838447583724, 65.069886603435961 ], [ 17.097161552416274, 65.069886603435961 ] ] ] } },
{ "type": "Feature", "properties": { "POINT_X": -148.05, "POINT_Y": 65.15, "n": 6.0, "AGB_T_HA": 40.5423045, "varTot": 197.48861072692213, "AVG_YEAR": 2018 }, "geometry": { "type": "Polygon", "coordinates": [ [ [ -148.002838447583713, 65.169811964308636 ], [ -148.002838447583713, 65.130173232366587 ], [ -148.097161552416253, 65.130173232366587 ], [ -148.097161552416253, 65.169811964308636 ], [ -148.002838447583713, 65.169811964308636 ] ] ] } },
{ "type": "Feature", "properties": { "POINT_X": -147.65, "POINT_Y": 65.15, "n": 485.0, "AGB_T_HA": 33.239780416429106, "varTot": 0.47646201949437739, "AVG_YEAR": 2017 }, "geometry": { "type": "Polygon", "coordinates": [ [ [ -147.602838447583707, 65.169811964308636 ], [ -147.602838447583707, 65.130173232366587 ], [ -147.697161552416276, 65.130173232366587 ], [ -147.697161552416276, 65.169811964308636 ], [ -147.602838447583707, 65.169811964308636 ] ] ] } },
{ "type": "Feature", "properties": { "POINT_X": -147.55, "POINT_Y": 65.15, "n": 603.0, "AGB_T_HA": 53.591835697404491, "varTot": 0.42270964376379272, "AVG_YEAR": 2017 }, "geometry": { "type": "Polygon", "coordinates": [ [ [ -147.502838447583713, 65.169811964308636 ], [ -147.502838447583713, 65.130173232366587 ], [ -147.597161552416281, 65.130173232366587 ], [ -147.597161552416281, 65.169811964308636 ], [ -147.502838447583713, 65.169811964308636 ] ] ] } },
{ "type": "Feature", "properties": { "POINT_X": -147.45, "POINT_Y": 65.15, "n": 628.0, "AGB_T_HA": 30.088075398848762, "varTot": 0.37617796222682398, "AVG_YEAR": 2018 }, "geometry": { "type": "Polygon", "coordinates": [ [ [ -147.402838447583719, 65.169811964308636 ], [ -147.402838447583719, 65.130173232366587 ], [ -147.497161552416287, 65.130173232366587 ], [ -147.497161552416287, 65.169811964308636 ], [ -147.402838447583719, 65.169811964308636 ] ] ] } },
{ "type": "Feature", "properties": { "POINT_X": -147.35, "POINT_Y": 65.15, "n": 387.0, "AGB_T_HA": 18.235929146413493, "varTot": 0.58199376662925528, "AVG_YEAR": 2019 }, "geometry": { "type": "Polygon", "coordinates": [ [ [ -147.302838447583696, 65.169811964308636 ], [ -147.302838447583696, 65.130173232366587 ], [ -147.397161552416264, 65.130173232366587 ], [ -147.397161552416264, 65.169811964308636 ], [ -147.302838447583696, 65.169811964308636 ] ] ] } },
{ "type": "Feature", "properties": { "POINT_X": -147.65, "POINT_Y": 65.25, "n": 274.0, "AGB_T_HA": 8.7515688489994297, "varTot": 0.79224158314182436, "AVG_YEAR": 2019 }, "geometry": { "type": "Polygon", "coordinates": [ [ [ -147.602838447583707, 65.269737264898211 ], [ -147.602838447583707, 65.230247975689267 ], [ -147.697161552416276, 65.230247975689267 ], [ -147.697161552416276, 65.269737264898211 ], [ -147.602838447583707, 65.269737264898211 ] ] ] } },
{ "type": "Feature", "properties": { "POINT_X": -147.55, "POINT_Y": 65.25, "n": 327.0, "AGB_T_HA": 12.986705176837544, "varTot": 0.67076581814675418, "AVG_YEAR": 2019 }, "geometry": { "type": "Polygon", "coordinates": [ [ [ -147.502838447583713, 65.269737264898211 ], [ -147.502838447583713, 65.230247975689267 ], [ -147.597161552416281, 65.230247975689267 ], [ -147.597161552416281, 65.269737264898211 ], [ -147.502838447583713, 65.269737264898211 ] ] ] } },
{ "type": "Feature", "properties": { "POINT_X": -147.45, "POINT_Y": 65.25, "n": 307.0, "AGB_T_HA": 23.781194765243921, "varTot": 0.77025589843012476, "AVG_YEAR": 2018 }, "geometry": { "type": "Polygon", "coordinates": [ [ [ -147.402838447583719, 65.269737264898211 ], [ -147.402838447583719, 65.230247975689267 ], [ -147.497161552416287, 65.230247975689267 ], [ -147.497161552416287, 65.269737264898211 ], [ -147.402838447583719, 65.269737264898211 ] ] ] } },
{ "type": "Feature", "properties": { "POINT_X": -147.35, "POINT_Y": 65.25, "n": 193.0, "AGB_T_HA": 7.4687160241857145, "varTot": 1.1215602213097169, "AVG_YEAR": 2017 }, "geometry": { "type": "Polygon", "coordinates": [ [ [ -147.302838447583696, 65.269737264898211 ], [ -147.302838447583696, 65.230247975689267 ], [ -147.397161552416264, 65.230247975689267 ], [ -147.397161552416264, 65.269737264898211 ], [ -147.302838447583696, 65.269737264898211 ] ] ] } },
{ "type": "Feature", "properties": { "POINT_X": -146.65, "POINT_Y": 65.35, "n": 15.0, "AGB_T_HA": 47.1555567, "varTot": 104.40926475332587, "AVG_YEAR": 2018 }, "geometry": { "type": "Polygon", "coordinates": [ [ [ -146.602838447583736, 65.369662505432046 ], [ -146.602838447583736, 65.330322779247567 ], [ -146.697161552416276, 65.330322779247567 ], [ -146.697161552416276, 65.369662505432046 ], [ -146.602838447583736, 65.369662505432046 ] ] ] } },
{ "type": "Feature", "properties": { "POINT_X": -146.55, "POINT_Y": 65.35, "n": 15.0, "AGB_T_HA": 20.097077, "varTot": 103.84886615878813, "AVG_YEAR": 2018 }, "geometry": { "type": "Polygon", "coordinates": [ [ [ -146.502838447583741, 65.369662505432046 ], [ -146.502838447583741, 65.330322779247567 ], [ -146.597161552416281, 65.330322779247567 ], [ -146.597161552416281, 65.369662505432046 ], [ -146.502838447583741, 65.369662505432046 ] ] ] } },
{ "type": "Feature", "properties": { "POINT_X": -145.95, "POINT_Y": 65.35, "n": 15.0, "AGB_T_HA": 134.94659183333331, "varTot": 103.18120087133099, "AVG_YEAR": 2018 }, "geometry": { "type": "Polygon", "coordinates": [ [ [ -145.902838447583747, 65.369662505432046 ], [ -145.902838447583747, 65.330322779247567 ], [ -145.997161552416287, 65.330322779247567 ], [ -145.997161552416287, 65.369662505432046 ], [ -145.902838447583747, 65.369662505432046 ] ] ] } },
{ "type": "Feature", "properties": { "POINT_X": -145.45, "POINT_Y": 65.35, "n": 20.0, "AGB_T_HA": 12.665215937500003, "varTot": 55.904274324581962, "AVG_YEAR": 2018 }, "geometry": { "type": "Polygon", "coordinates": [ [ [ -145.402838447583719, 65.369662505432046 ], [ -145.402838447583719, 65.330322779247567 ], [ -145.497161552416259, 65.330322779247567 ], [ -145.497161552416259, 65.369662505432046 ], [ -145.402838447583719, 65.369662505432046 ] ] ] } },
{ "type": "Feature", "properties": { "POINT_X": 20.15, "POINT_Y": 65.35, "n": 6.0, "AGB_T_HA": 26.527865631014581, "varTot": 245.25437753284422, "AVG_YEAR": 2017 }, "geometry": { "type": "Polygon", "coordinates": [ [ [ 20.197161552416276, 65.369662505432046 ], [ 20.197161552416276, 65.330322779247567 ], [ 20.102838447583729, 65.330322779247567 ], [ 20.102838447583729, 65.369662505432046 ], [ 20.197161552416276, 65.369662505432046 ] ] ] } },
{ "type": "Feature", "properties": { "POINT_X": 20.45, "POINT_Y": 65.35, "n": 5.0, "AGB_T_HA": 58.28832577115125, "varTot": 340.90654231409928, "AVG_YEAR": 2017 }, "geometry": { "type": "Polygon", "coordinates": [ [ [ 20.497161552416276, 65.369662505432046 ], [ 20.497161552416276, 65.330322779247567 ], [ 20.402838447583726, 65.330322779247567 ], [ 20.402838447583726, 65.369662505432046 ], [ 20.497161552416276, 65.369662505432046 ] ] ] } },
{ "type": "Feature", "properties": { "POINT_X": -145.95, "POINT_Y": 65.45, "n": 15.0, "AGB_T_HA": 62.020561408333343, "varTot": 108.20909652318426, "AVG_YEAR": 2019 }, "geometry": { "type": "Polygon", "coordinates": [ [ [ -145.902838447583747, 65.469587686137629 ], [ -145.902838447583747, 65.430397642813389 ], [ -145.997161552416287, 65.430397642813389 ], [ -145.997161552416287, 65.469587686137629 ], [ -145.902838447583747, 65.469587686137629 ] ] ] } },
{ "type": "Feature", "properties": { "POINT_X": 18.75, "POINT_Y": 65.45, "n": 6.0, "AGB_T_HA": 26.053543513099999, "varTot": 361.96261221243316, "AVG_YEAR": 2017 }, "geometry": { "type": "Polygon", "coordinates": [ [ [ 18.797161552416274, 65.469587686137629 ], [ 18.797161552416274, 65.430397642813389 ], [ 18.702838447583723, 65.430397642813389 ], [ 18.702838447583723, 65.469587686137629 ], [ 18.797161552416274, 65.469587686137629 ] ] ] } },
{ "type": "Feature", "properties": { "POINT_X": 20.75, "POINT_Y": 65.45, "n": 6.0, "AGB_T_HA": 21.238219844020829, "varTot": 242.64493180244813, "AVG_YEAR": 2017 }, "geometry": { "type": "Polygon", "coordinates": [ [ [ 20.797161552416274, 65.469587686137629 ], [ 20.797161552416274, 65.430397642813389 ], [ 20.702838447583723, 65.430397642813389 ], [ 20.702838447583723, 65.469587686137629 ], [ 20.797161552416274, 65.469587686137629 ] ] ] } },
{ "type": "Feature", "properties": { "POINT_X": 21.25, "POINT_Y": 65.45, "n": 7.0, "AGB_T_HA": 50.128316268187504, "varTot": 240.05664236467845, "AVG_YEAR": 2017 }, "geometry": { "type": "Polygon", "coordinates": [ [ [ 21.297161552416274, 65.469587686137629 ], [ 21.297161552416274, 65.430397642813389 ], [ 21.202838447583726, 65.430397642813389 ], [ 21.202838447583726, 65.469587686137629 ], [ 21.297161552416274, 65.469587686137629 ] ] ] } },
{ "type": "Feature", "properties": { "POINT_X": -147.25, "POINT_Y": 65.55, "n": 15.0, "AGB_T_HA": 49.057283, "varTot": 96.042493671637132, "AVG_YEAR": 2019 }, "geometry": { "type": "Polygon", "coordinates": [ [ [ -147.202838447583702, 65.569512807242731 ], [ -147.202838447583702, 65.53047256615848 ], [ -147.29716155241627, 65.53047256615848 ], [ -147.29716155241627, 65.569512807242731 ], [ -147.202838447583702, 65.569512807242731 ] ] ] } },
{ "type": "Feature", "properties": { "POINT_X": -147.15, "POINT_Y": 65.55, "n": 20.0, "AGB_T_HA": 12.126654318749997, "varTot": 57.014643862350688, "AVG_YEAR": 2019 }, "geometry": { "type": "Polygon", "coordinates": [ [ [ -147.102838447583707, 65.569512807242731 ], [ -147.102838447583707, 65.53047256615848 ], [ -147.197161552416276, 65.53047256615848 ], [ -147.197161552416276, 65.569512807242731 ], [ -147.102838447583707, 65.569512807242731 ] ] ] } },
{ "type": "Feature", "properties": { "POINT_X": 18.65, "POINT_Y": 65.55, "n": 6.0, "AGB_T_HA": 23.036905789035416, "varTot": 244.40020920010633, "AVG_YEAR": 2017 }, "geometry": { "type": "Polygon", "coordinates": [ [ [ 18.697161552416276, 65.569512807242731 ], [ 18.697161552416276, 65.53047256615848 ], [ 18.602838447583729, 65.53047256615848 ], [ 18.602838447583729, 65.569512807242731 ], [ 18.697161552416276, 65.569512807242731 ] ] ] } },
{ "type": "Feature", "properties": { "POINT_X": 20.05, "POINT_Y": 65.55, "n": 6.0, "AGB_T_HA": 24.810277892083334, "varTot": 243.30232684139784, "AVG_YEAR": 2017 }, "geometry": { "type": "Polygon", "coordinates": [ [ [ 20.097161552416274, 65.569512807242731 ], [ 20.097161552416274, 65.53047256615848 ], [ 20.002838447583724, 65.53047256615848 ], [ 20.002838447583724, 65.569512807242731 ], [ 20.097161552416274, 65.569512807242731 ] ] ] } },
{ "type": "Feature", "properties": { "POINT_X": 21.55, "POINT_Y": 65.55, "n": 8.0, "AGB_T_HA": 57.036217066921886, "varTot": 269.74889644443834, "AVG_YEAR": 2017 }, "geometry": { "type": "Polygon", "coordinates": [ [ [ 21.597161552416278, 65.569512807242731 ], [ 21.597161552416278, 65.53047256615848 ], [ 21.502838447583727, 65.53047256615848 ], [ 21.502838447583727, 65.569512807242731 ], [ 21.597161552416278, 65.569512807242731 ] ] ] } },
{ "type": "Feature", "properties": { "POINT_X": 22.15, "POINT_Y": 65.65, "n": 8.0, "AGB_T_HA": 45.350745270773437, "varTot": 223.97021048081902, "AVG_YEAR": 2017 }, "geometry": { "type": "Polygon", "coordinates": [ [ [ 22.197161552416276, 65.669437868975209 ], [ 22.197161552416276, 65.630547549054455 ], [ 22.102838447583729, 65.630547549054455 ], [ 22.102838447583729, 65.669437868975209 ], [ 22.197161552416276, 65.669437868975209 ] ] ] } },
{ "type": "Feature", "properties": { "POINT_X": -137.75, "POINT_Y": 65.75, "n": 15.0, "AGB_T_HA": 97.496094666666664, "varTot": 107.73771375864294, "AVG_YEAR": 2019 }, "geometry": { "type": "Polygon", "coordinates": [ [ [ -137.70283844758373, 65.769362871563104 ], [ -137.70283844758373, 65.730622591272621 ], [ -137.79716155241627, 65.730622591272621 ], [ -137.79716155241627, 65.769362871563104 ], [ -137.70283844758373, 65.769362871563104 ] ] ] } },
{ "type": "Feature", "properties": { "POINT_X": 17.65, "POINT_Y": 65.85, "n": 5.0, "AGB_T_HA": 31.644917793225002, "varTot": 305.71894631965381, "AVG_YEAR": 2017 }, "geometry": { "type": "Polygon", "coordinates": [ [ [ 17.697161552416276, 65.869287815234713 ], [ 17.697161552416276, 65.830697692584224 ], [ 17.602838447583725, 65.830697692584224 ], [ 17.602838447583725, 65.869287815234713 ], [ 17.697161552416276, 65.869287815234713 ] ] ] } },
{ "type": "Feature", "properties": { "POINT_X": 20.25, "POINT_Y": 65.85, "n": 7.0, "AGB_T_HA": 47.555434579, "varTot": 230.65695453344472, "AVG_YEAR": 2017 }, "geometry": { "type": "Polygon", "coordinates": [ [ [ 20.297161552416274, 65.869287815234713 ], [ 20.297161552416274, 65.830697692584224 ], [ 20.202838447583723, 65.830697692584224 ], [ 20.202838447583723, 65.869287815234713 ], [ 20.297161552416274, 65.869287815234713 ] ] ] } },
{ "type": "Feature", "properties": { "POINT_X": 19.65, "POINT_Y": 65.95, "n": 7.0, "AGB_T_HA": 40.060291120535716, "varTot": 224.7611374938507, "AVG_YEAR": 2017 }, "geometry": { "type": "Polygon", "coordinates": [ [ [ 19.697161552416276, 65.969212700218435 ], [ 19.697161552416276, 65.930772852760285 ], [ 19.602838447583725, 65.930772852760285 ], [ 19.602838447583725, 65.969212700218435 ], [ 19.697161552416276, 65.969212700218435 ] ] ] } },
{ "type": "Feature", "properties": { "POINT_X": 20.85, "POINT_Y": 65.95, "n": 8.0, "AGB_T_HA": 36.009030279584373, "varTot": 189.30734811267786, "AVG_YEAR": 2017 }, "geometry": { "type": "Polygon", "coordinates": [ [ [ 20.897161552416275, 65.969212700218435 ], [ 20.897161552416275, 65.930772852760285 ], [ 20.802838447583724, 65.930772852760285 ], [ 20.802838447583724, 65.969212700218435 ], [ 20.897161552416275, 65.969212700218435 ] ] ] } },
{ "type": "Feature", "properties": { "POINT_X": 21.65, "POINT_Y": 66.05, "n": 12.0, "AGB_T_HA": 53.138202940638017, "varTot": 214.5950070233645, "AVG_YEAR": 2017 }, "geometry": { "type": "Polygon", "coordinates": [ [ [ 21.697161552416276, 66.069137526742892 ], [ 21.697161552416276, 66.03084807157164 ], [ 21.602838447583725, 66.03084807157164 ], [ 21.602838447583725, 66.069137526742892 ], [ 21.697161552416276, 66.069137526742892 ] ] ] } },
{ "type": "Feature", "properties": { "POINT_X": 23.15, "POINT_Y": 66.25, "n": 6.0, "AGB_T_HA": 38.526796300312505, "varTot": 257.93489547167428, "AVG_YEAR": 2017 }, "geometry": { "type": "Polygon", "coordinates": [ [ [ 23.197161552416279, 66.268987005329336 ], [ 23.197161552416279, 66.230998684182737 ], [ 23.102838447583732, 66.230998684182737 ], [ 23.102838447583732, 66.268987005329336 ], [ 23.197161552416279, 66.268987005329336 ] ] ] } },
{ "type": "Feature", "properties": { "POINT_X": 19.35, "POINT_Y": 66.35, "n": 5.0, "AGB_T_HA": 33.537780377462504, "varTot": 309.20838856007185, "AVG_YEAR": 2017 }, "geometry": { "type": "Polygon", "coordinates": [ [ [ 19.397161552416275, 66.368911657849424 ], [ 19.397161552416275, 66.331074077523269 ], [ 19.302838447583724, 66.331074077523269 ], [ 19.302838447583724, 66.368911657849424 ], [ 19.397161552416275, 66.368911657849424 ] ] ] } },
{ "type": "Feature", "properties": { "POINT_X": 21.45, "POINT_Y": 66.45, "n": 6.0, "AGB_T_HA": 45.466555725524998, "varTot": 263.72830874965234, "AVG_YEAR": 2017 }, "geometry": { "type": "Polygon", "coordinates": [ [ [ 21.49716155241628, 66.468836252826421 ], [ 21.49716155241628, 66.431149528580661 ], [ 21.402838447583729, 66.431149528580661 ], [ 21.402838447583729, 66.468836252826421 ], [ 21.49716155241628, 66.468836252826421 ] ] ] } },
{ "type": "Feature", "properties": { "POINT_X": 22.65, "POINT_Y": 66.65, "n": 10.0, "AGB_T_HA": 42.03906891515625, "varTot": 224.65090110428403, "AVG_YEAR": 2017 }, "geometry": { "type": "Polygon", "coordinates": [ [ [ 22.697161552416276, 66.668685271069336 ], [ 22.697161552416276, 66.631300602925762 ], [ 22.602838447583729, 66.631300602925762 ], [ 22.602838447583729, 66.668685271069336 ], [ 22.697161552416276, 66.668685271069336 ] ] ] } },
{ "type": "Feature", "properties": { "POINT_X": 21.15, "POINT_Y": 66.75, "n": 5.0, "AGB_T_HA": 70.853823263475007, "varTot": 358.63692400998019, "AVG_YEAR": 2017 }, "geometry": { "type": "Polygon", "coordinates": [ [ [ 21.197161552416276, 66.768609694794733 ], [ 21.197161552416276, 66.731376225752811 ], [ 21.102838447583725, 66.731376225752811 ], [ 21.102838447583725, 66.768609694794733 ], [ 21.197161552416276, 66.768609694794733 ] ] ] } },
{ "type": "Feature", "properties": { "POINT_X": 22.45, "POINT_Y": 66.95, "n": 6.0, "AGB_T_HA": 45.127999944041669, "varTot": 265.79295289772898, "AVG_YEAR": 2017 }, "geometry": { "type": "Polygon", "coordinates": [ [ [ 22.497161552416276, 66.968458372603465 ], [ 22.497161552416276, 66.931527641563136 ], [ 22.402838447583726, 66.931527641563136 ], [ 22.402838447583726, 66.968458372603465 ], [ 22.497161552416276, 66.968458372603465 ] ] ] } },
{ "type": "Feature", "properties": { "POINT_X": 79.25, "POINT_Y": 66.95, "n": 36.0, "AGB_T_HA": 50.919895, "varTot": 42.044350805044417, "AVG_YEAR": 2017 }, "geometry": { "type": "Polygon", "coordinates": [ [ [ 79.297161552416284, 66.968458372603465 ], [ 79.297161552416284, 66.931527641563136 ], [ 79.20283844758373, 66.931527641563136 ], [ 79.20283844758373, 66.968458372603465 ], [ 79.297161552416284, 66.968458372603465 ] ] ] } },
{ "type": "Feature", "properties": { "POINT_X": -136.25, "POINT_Y": 67.05, "n": 40.0, "AGB_T_HA": 1.6248608437499998, "varTot": 30.311201019736369, "AVG_YEAR": 2019 }, "geometry": { "type": "Polygon", "coordinates": [ [ [ -136.202838447583702, 67.068382627147315 ], [ -136.202838447583702, 67.031603434084687 ], [ -136.29716155241627, 67.031603434084687 ], [ -136.29716155241627, 67.068382627147315 ], [ -136.202838447583702, 67.068382627147315 ] ] ] } },
{ "type": "Feature", "properties": { "POINT_X": 78.95, "POINT_Y": 67.05, "n": 81.0, "AGB_T_HA": 15.720722402006171, "varTot": 17.495850205527017, "AVG_YEAR": 2018 }, "geometry": { "type": "Polygon", "coordinates": [ [ [ 78.997161552416259, 67.068382627147315 ], [ 78.997161552416259, 67.031603434084687 ], [ 78.902838447583719, 67.031603434084687 ], [ 78.902838447583719, 67.068382627147315 ], [ 78.997161552416259, 67.068382627147315 ] ] ] } },
{ "type": "Feature", "properties": { "POINT_X": 79.15, "POINT_Y": 67.05, "n": 44.0, "AGB_T_HA": 42.445205348011406, "varTot": 31.823282784886931, "AVG_YEAR": 2017 }, "geometry": { "type": "Polygon", "coordinates": [ [ [ 79.197161552416276, 67.068382627147315 ], [ 79.197161552416276, 67.031603434084687 ], [ 79.102838447583721, 67.031603434084687 ], [ 79.102838447583721, 67.068382627147315 ], [ 79.197161552416276, 67.068382627147315 ] ] ] } },
{ "type": "Feature", "properties": { "POINT_X": 79.25, "POINT_Y": 67.05, "n": 93.0, "AGB_T_HA": 27.252815362903213, "varTot": 14.290620399709978, "AVG_YEAR": 2017 }, "geometry": { "type": "Polygon", "coordinates": [ [ [ 79.297161552416284, 67.068382627147315 ], [ 79.297161552416284, 67.031603434084687 ], [ 79.20283844758373, 67.031603434084687 ], [ 79.20283844758373, 67.068382627147315 ], [ 79.297161552416284, 67.068382627147315 ] ] ] } },
{ "type": "Feature", "properties": { "POINT_X": 22.95, "POINT_Y": 67.55, "n": 6.0, "AGB_T_HA": 38.083154980374999, "varTot": 257.04105656513786, "AVG_YEAR": 2017 }, "geometry": { "type": "Polygon", "coordinates": [ [ [ 22.997161552416276, 67.568003065487233 ], [ 22.997161552416276, 67.531983233607903 ], [ 22.902838447583726, 67.531983233607903 ], [ 22.902838447583726, 67.568003065487233 ], [ 22.997161552416276, 67.568003065487233 ] ] ] } },
{ "type": "Feature", "properties": { "POINT_X": 23.35, "POINT_Y": 67.95, "n": 5.0, "AGB_T_HA": 16.385775918468749, "varTot": 289.62895219917954, "AVG_YEAR": 2017 }, "geometry": { "type": "Polygon", "coordinates": [ [ [ 23.397161552416275, 67.967698428773005 ], [ 23.397161552416275, 67.932288063621044 ], [ 23.302838447583724, 67.932288063621044 ], [ 23.302838447583724, 67.967698428773005 ], [ 23.397161552416275, 67.967698428773005 ] ] ] } },
{ "type": "Feature", "properties": { "POINT_X": 18.85, "POINT_Y": 68.25, "n": 75.0, "AGB_T_HA": 8.7227415933333194, "varTot": 73.115197441884263, "AVG_YEAR": 2017 }, "geometry": { "type": "Polygon", "coordinates": [ [ [ 18.897161552416275, 68.267469384993063 ], [ 18.897161552416275, 68.232517254105375 ], [ 18.802838447583724, 68.232517254105375 ], [ 18.802838447583724, 68.267469384993063 ], [ 18.897161552416275, 68.267469384993063 ] ] ] } },
{ "type": "Feature", "properties": { "POINT_X": 22.85, "POINT_Y": 68.25, "n": 6.0, "AGB_T_HA": 21.892674977666669, "varTot": 240.80875202704402, "AVG_YEAR": 2017 }, "geometry": { "type": "Polygon", "coordinates": [ [ [ 22.897161552416275, 68.267469384993063 ], [ 22.897161552416275, 68.232517254105375 ], [ 22.802838447583724, 68.232517254105375 ], [ 22.802838447583724, 68.267469384993063 ], [ 22.897161552416275, 68.267469384993063 ] ] ] } },
{ "type": "Feature", "properties": { "POINT_X": 18.85, "POINT_Y": 68.35, "n": 243.0, "AGB_T_HA": 63.497895870370343, "varTot": 22.487716997946524, "AVG_YEAR": 2017 }, "geometry": { "type": "Polygon", "coordinates": [ [ [ 18.897161552416275, 68.367392930448887 ], [ 18.897161552416275, 68.332593757877419 ], [ 18.802838447583724, 68.332593757877419 ], [ 18.802838447583724, 68.367392930448887 ], [ 18.897161552416275, 68.367392930448887 ] ] ] } },
{ "type": "Feature", "properties": { "POINT_X": 18.15, "POINT_Y": 68.45, "n": 160.0, "AGB_T_HA": 40.198224898828123, "varTot": 36.295369177846169, "AVG_YEAR": 2017 }, "geometry": { "type": "Polygon", "coordinates": [ [ [ 18.197161552416276, 68.467316422983586 ], [ 18.197161552416276, 68.432670314732761 ], [ 18.102838447583725, 68.432670314732761 ], [ 18.102838447583725, 68.467316422983586 ], [ 18.197161552416276, 68.467316422983586 ] ] ] } },
{ "type": "Feature", "properties": { "POINT_X": 18.25, "POINT_Y": 68.45, "n": 154.0, "AGB_T_HA": 47.770452110389613, "varTot": 38.118129287631021, "AVG_YEAR": 2017 }, "geometry": { "type": "Polygon", "coordinates": [ [ [ 18.297161552416274, 68.467316422983586 ], [ 18.297161552416274, 68.432670314732761 ], [ 18.202838447583723, 68.432670314732761 ], [ 18.202838447583723, 68.467316422983586 ], [ 18.297161552416274, 68.467316422983586 ] ] ] } },
{ "type": "Feature", "properties": { "POINT_X": 22.05, "POINT_Y": 68.55, "n": 25.0, "AGB_T_HA": 193.15487035000001, "varTot": 90.144106787893463, "AVG_YEAR": 2022 }, "geometry": { "type": "Polygon", "coordinates": [ [ [ 22.097161552416274, 68.567239862829993 ], [ 22.097161552416274, 68.532746924437987 ], [ 22.002838447583724, 68.532746924437987 ], [ 22.002838447583724, 68.567239862829993 ], [ 22.097161552416274, 68.567239862829993 ] ] ] } },
{ "type": "Feature", "properties": { "POINT_X": -139.05, "POINT_Y": 68.65, "n": 20.0, "AGB_T_HA": 7.8771986906250016, "varTot": 67.287008742796715, "AVG_YEAR": 2019 }, "geometry": { "type": "Polygon", "coordinates": [ [ [ -139.002838447583713, 68.667163250221122 ], [ -139.002838447583713, 68.632823586759514 ], [ -139.097161552416253, 68.632823586759514 ], [ -139.097161552416253, 68.667163250221122 ], [ -139.002838447583713, 68.667163250221122 ] ] ] } },
{ "type": "Feature", "properties": { "POINT_X": -140.75, "POINT_Y": 68.75, "n": 20.0, "AGB_T_HA": 0.457624625, "varTot": 55.59093891531932, "AVG_YEAR": 2019 }, "geometry": { "type": "Polygon", "coordinates": [ [ [ -140.702838447583702, 68.767086585390089 ], [ -140.702838447583702, 68.732900301463573 ], [ -140.79716155241627, 68.732900301463573 ], [ -140.79716155241627, 68.767086585390089 ], [ -140.702838447583702, 68.767086585390089 ] ] ] } },
{ "type": "Feature", "properties": { "POINT_X": -137.45, "POINT_Y": 68.75, "n": 20.0, "AGB_T_HA": 10.322587031249993, "varTot": 65.470107903184541, "AVG_YEAR": 2019 }, "geometry": { "type": "Polygon", "coordinates": [ [ [ -137.402838447583747, 68.767086585390089 ], [ -137.402838447583747, 68.732900301463573 ], [ -137.497161552416287, 68.732900301463573 ], [ -137.497161552416287, 68.767086585390089 ], [ -137.402838447583747, 68.767086585390089 ] ] ] } },
{ "type": "Feature", "properties": { "POINT_X": -137.35, "POINT_Y": 68.85, "n": 20.0, "AGB_T_HA": 6.1067102249999978, "varTot": 59.882218766133271, "AVG_YEAR": 2019 }, "geometry": { "type": "Polygon", "coordinates": [ [ [ -137.302838447583724, 68.867009868570221 ], [ -137.302838447583724, 68.832977068316254 ], [ -137.397161552416264, 68.832977068316254 ], [ -137.397161552416264, 68.867009868570221 ], [ -137.302838447583724, 68.867009868570221 ] ] ] } },
{ "type": "Feature", "properties": { "POINT_X": 21.25, "POINT_Y": 68.85, "n": 50.0, "AGB_T_HA": 156.30325603750006, "varTot": 22.711306591668965, "AVG_YEAR": 2022 }, "geometry": { "type": "Polygon", "coordinates": [ [ [ 21.297161552416274, 68.867009868570221 ], [ 21.297161552416274, 68.832977068316254 ], [ 21.202838447583726, 68.832977068316254 ], [ 21.202838447583726, 68.867009868570221 ], [ 21.297161552416274, 68.867009868570221 ] ] ] } },
{ "type": "Feature", "properties": { "POINT_X": 23.85, "POINT_Y": 68.85, "n": 213.0, "AGB_T_HA": 10.471861463615024, "varTot": 8.8493031535771518, "AVG_YEAR": 2021 }, "geometry": { "type": "Polygon", "coordinates": [ [ [ 23.897161552416275, 68.867009868570221 ], [ 23.897161552416275, 68.832977068316254 ], [ 23.802838447583724, 68.832977068316254 ], [ 23.802838447583724, 68.867009868570221 ], [ 23.897161552416275, 68.867009868570221 ] ] ] } },
{ "type": "Feature", "properties": { "POINT_X": 23.95, "POINT_Y": 68.85, "n": 238.0, "AGB_T_HA": 15.284103655462189, "varTot": 8.0174959723242782, "AVG_YEAR": 2021 }, "geometry": { "type": "Polygon", "coordinates": [ [ [ 23.997161552416276, 68.867009868570221 ], [ 23.997161552416276, 68.832977068316254 ], [ 23.902838447583726, 68.832977068316254 ], [ 23.902838447583726, 68.867009868570221 ], [ 23.997161552416276, 68.867009868570221 ] ] ] } },
{ "type": "Feature", "properties": { "POINT_X": -139.65, "POINT_Y": 69.05, "n": 20.0, "AGB_T_HA": 0.5388935625000002, "varTot": 57.399712781080972, "AVG_YEAR": 2019 }, "geometry": { "type": "Polygon", "coordinates": [ [ [ -139.602838447583736, 69.066856279897934 ], [ -139.602838447583736, 69.033130757531026 ], [ -139.697161552416276, 69.033130757531026 ], [ -139.697161552416276, 69.066856279897934 ], [ -139.602838447583736, 69.066856279897934 ] ] ] } },
{ "type": "Feature", "properties": { "POINT_X": 20.75, "POINT_Y": 69.05, "n": 30.0, "AGB_T_HA": 49.891528656250003, "varTot": 212.25722640511398, "AVG_YEAR": 2017 }, "geometry": { "type": "Polygon", "coordinates": [ [ [ 20.797161552416274, 69.066856279897934 ], [ 20.797161552416274, 69.033130757531026 ], [ 20.702838447583723, 69.033130757531026 ], [ 20.702838447583723, 69.066856279897934 ], [ 20.797161552416274, 69.066856279897934 ] ] ] } },
{ "type": "Feature", "properties": { "POINT_X": -140.15, "POINT_Y": 69.15, "n": 30.0, "AGB_T_HA": 20.443706570833328, "varTot": 40.212823710234723, "AVG_YEAR": 2019 }, "geometry": { "type": "Polygon", "coordinates": [ [ [ -140.102838447583736, 69.166779408512966 ], [ -140.102838447583736, 69.13320767942453 ], [ -140.197161552416276, 69.13320767942453 ], [ -140.197161552416276, 69.166779408512966 ], [ -140.102838447583736, 69.166779408512966 ] ] ] } },
{ "type": "Feature", "properties": { "POINT_X": 20.75, "POINT_Y": 69.15, "n": 25.0, "AGB_T_HA": 42.920665397500002, "varTot": 78.775392082040568, "AVG_YEAR": 2022 }, "geometry": { "type": "Polygon", "coordinates": [ [ [ 20.797161552416274, 69.166779408512966 ], [ 20.797161552416274, 69.13320767942453 ], [ 20.702838447583723, 69.13320767942453 ], [ 20.702838447583723, 69.166779408512966 ], [ 20.797161552416274, 69.166779408512966 ] ] ] } },
{ "type": "Feature", "properties": { "POINT_X": 27.25, "POINT_Y": 69.25, "n": 50.0, "AGB_T_HA": 769.84416985124983, "varTot": 53.312026109988956, "AVG_YEAR": 2022 }, "geometry": { "type": "Polygon", "coordinates": [ [ [ 27.297161552416274, 69.266702486073925 ], [ 27.297161552416274, 69.233284652529349 ], [ 27.202838447583723, 69.233284652529349 ], [ 27.202838447583723, 69.266702486073925 ], [ 27.297161552416274, 69.266702486073925 ] ] ] } },
{ "type": "Feature", "properties": { "POINT_X": -140.95, "POINT_Y": 69.45, "n": 20.0, "AGB_T_HA": 9.8354752031250019, "varTot": 62.371354719972921, "AVG_YEAR": 2019 }, "geometry": { "type": "Polygon", "coordinates": [ [ [ -140.902838447583719, 69.466548488970219 ], [ -140.902838447583719, 69.43343875143421 ], [ -140.997161552416259, 69.43343875143421 ], [ -140.997161552416259, 69.466548488970219 ], [ -140.902838447583719, 69.466548488970219 ] ] ] } },
{ "type": "Feature", "properties": { "POINT_X": -140.75, "POINT_Y": 69.45, "n": 20.0, "AGB_T_HA": 5.3629122093749997, "varTot": 60.285520754914053, "AVG_YEAR": 2019 }, "geometry": { "type": "Polygon", "coordinates": [ [ [ -140.702838447583702, 69.466548488970219 ], [ -140.702838447583702, 69.43343875143421 ], [ -140.79716155241627, 69.43343875143421 ], [ -140.79716155241627, 69.466548488970219 ], [ -140.702838447583702, 69.466548488970219 ] ] ] } },
{ "type": "Feature", "properties": { "POINT_X": 25.95, "POINT_Y": 69.45, "n": 50.0, "AGB_T_HA": 206.20271213625, "varTot": 22.2431240701988, "AVG_YEAR": 2022 }, "geometry": { "type": "Polygon", "coordinates": [ [ [ 25.99716155241628, 69.466548488970219 ], [ 25.99716155241628, 69.43343875143421 ], [ 25.902838447583729, 69.43343875143421 ], [ 25.902838447583729, 69.466548488970219 ], [ 25.99716155241628, 69.466548488970219 ] ] ] } },
{ "type": "Feature", "properties": { "POINT_X": 27.25, "POINT_Y": 69.65, "n": 50.0, "AGB_T_HA": 171.14937272124993, "varTot": 35.887843873647824, "AVG_YEAR": 2022 }, "geometry": { "type": "Polygon", "coordinates": [ [ [ 27.297161552416274, 69.666394290461369 ], [ 27.297161552416274, 69.633593052366095 ], [ 27.202838447583723, 69.633593052366095 ], [ 27.202838447583723, 69.666394290461369 ], [ 27.297161552416274, 69.666394290461369 ] ] ] } },
{ "type": "Feature", "properties": { "POINT_X": 26.25, "POINT_Y": 69.75, "n": 25.0, "AGB_T_HA": 23.269316122500008, "varTot": 71.295512394660577, "AVG_YEAR": 2022 }, "geometry": { "type": "Polygon", "coordinates": [ [ [ 26.297161552416277, 69.766317116266464 ], [ 26.297161552416277, 69.733670278004141 ], [ 26.202838447583726, 69.733670278004141 ], [ 26.202838447583726, 69.766317116266464 ], [ 26.297161552416277, 69.766317116266464 ] ] ] } },
{ "type": "Feature", "properties": { "POINT_X": 27.05, "POINT_Y": 69.75, "n": 50.0, "AGB_T_HA": 445.57180511249993, "varTot": 40.091727931667258, "AVG_YEAR": 2022 }, "geometry": { "type": "Polygon", "coordinates": [ [ [ 27.097161552416274, 69.766317116266464 ], [ 27.097161552416274, 69.733670278004141 ], [ 27.002838447583727, 69.733670278004141 ], [ 27.002838447583727, 69.766317116266464 ], [ 27.097161552416274, 69.766317116266464 ] ] ] } },
{ "type": "Feature", "properties": { "POINT_X": 27.15, "POINT_Y": 69.75, "n": 25.0, "AGB_T_HA": 1.57922519, "varTot": 44.318389999937651, "AVG_YEAR": 2022 }, "geometry": { "type": "Polygon", "coordinates": [ [ [ 27.197161552416276, 69.766317116266464 ], [ 27.197161552416276, 69.733670278004141 ], [ 27.102838447583729, 69.733670278004141 ], [ 27.102838447583729, 69.766317116266464 ], [ 27.197161552416276, 69.766317116266464 ] ] ] } },
{ "type": "Feature", "properties": { "POINT_X": 27.05, "POINT_Y": 69.85, "n": 25.0, "AGB_T_HA": 37.119874762500004, "varTot": 69.147822505443855, "AVG_YEAR": 2022 }, "geometry": { "type": "Polygon", "coordinates": [ [ [ 27.097161552416274, 69.866239892424375 ], [ 27.097161552416274, 69.833747553443018 ], [ 27.002838447583727, 69.833747553443018 ], [ 27.002838447583727, 69.866239892424375 ], [ 27.097161552416274, 69.866239892424375 ] ] ] } },
{ "type": "Feature", "properties": { "POINT_X": 27.55, "POINT_Y": 70.05, "n": 25.0, "AGB_T_HA": 202.15301417499998, "varTot": 88.664734936057897, "AVG_YEAR": 2022 }, "geometry": { "type": "Polygon", "coordinates": [ [ [ 27.597161552416274, 70.066085296738621 ], [ 27.597161552416274, 70.033902252780535 ], [ 27.502838447583727, 70.033902252780535 ], [ 27.502838447583727, 70.066085296738621 ], [ 27.597161552416274, 70.066085296738621 ] ] ] } },
{ "type": "Feature", "properties": { "POINT_X": 27.85, "POINT_Y": 70.05, "n": 25.0, "AGB_T_HA": 11.129106037499996, "varTot": 60.458690465441627, "AVG_YEAR": 2022 }, "geometry": { "type": "Polygon", "coordinates": [ [ [ 27.897161552416275, 70.066085296738621 ], [ 27.897161552416275, 70.033902252780535 ], [ 27.802838447583724, 70.033902252780535 ], [ 27.802838447583724, 70.066085296738621 ], [ 27.897161552416275, 70.066085296738621 ] ] ] } },
{ "type": "Feature", "properties": { "POINT_X": -80.05, "POINT_Y": 73.15, "n": 35.0, "AGB_T_HA": 42.329104687499999, "varTot": 170.99261252281423, "AVG_YEAR": 2019 }, "geometry": { "type": "Polygon", "coordinates": [ [ [ -80.002838447583727, 73.163665199240128 ], [ -80.002838447583727, 73.136324031278306 ], [ -80.097161552416267, 73.136324031278306 ], [ -80.097161552416267, 73.163665199240128 ], [ -80.002838447583727, 73.163665199240128 ] ] ] } },
{ "type": "Feature", "properties": { "POINT_X": -79.95, "POINT_Y": 73.15, "n": 30.0, "AGB_T_HA": 89.214179083333349, "varTot": 222.6212008707227, "AVG_YEAR": 2018 }, "geometry": { "type": "Polygon", "coordinates": [ [ [ -79.902838447583733, 73.163665199240128 ], [ -79.902838447583733, 73.136324031278306 ], [ -79.997161552416273, 73.136324031278306 ], [ -79.997161552416273, 73.163665199240128 ], [ -79.902838447583733, 73.163665199240128 ] ] ] } },
{ "type": "Feature", "properties": { "POINT_X": -79.85, "POINT_Y": 73.15, "n": 5.0, "AGB_T_HA": 56.169595125000001, "varTot": 1302.9575271086021, "AVG_YEAR": 2018 }, "geometry": { "type": "Polygon", "coordinates": [ [ [ -79.802838447583724, 73.163665199240128 ], [ -79.802838447583724, 73.136324031278306 ], [ -79.897161552416264, 73.136324031278306 ], [ -79.897161552416264, 73.163665199240128 ], [ -79.802838447583724, 73.163665199240128 ] ] ] } }
]
}
