tile,date,prod,err,nodata,cloud,shadow,snow,clear
10SDH,20190222,S2A_MSIL2A_20190222T190401_N9999_R013_T10SDH_20240413T220442.SAFE,,0.0,0.009320705638003855,9.323127660492168e-05,0.0003203705362623216,0.9743677360061844
10SDH,20190222,S2A_MSIL2A_20190222T190401_N9999_R013_T10SDH_20240413T220442.zip,no_SCL,,,,,
10SDH,20200303,S2B_MSIL2A_20200303T190259_N0500_R013_T10SDH_20230417T055205.zip,,0.0,8.715963118901398e-05,1.1944220490310251e-06,0.0005043447102033503,0.9988662612267378
10SDH,20200402,S2B_MSIL2A_20200402T185919_N9999_R013_T10SDH_20240506T135419.zip,no_SCL,,,,,
10SDH,20200706,S2A_MSIL2A_20200706T185921_N0500_R013_T10SDH_20230413T064704.zip,,0.0,0.0005944240397344402,1.831447141847572e-05,1.9243466345499848e-06,0.9991225974698159
10SDH,20200815,S2A_MSIL2A_20200815T185921_N0500_R013_T10SDH_20230420T073657.zip,,0.16696358008102163,1.0915690392533535e-05,0.0,7.299245855189598e-06,0.8325448157106313
10SDH,20201014,S2A_MSIL2A_20201014T190351_N0500_R013_T10SDH_20230407T185508.zip,,0.0,2.5613717273665315e-05,2.090238585804294e-06,0.0001914724901377235,0.9990175215078915
10SDH,20201123,S2A_MSIL2A_20201123T190721_N9999_R013_T10SDH_20240506T164626.zip,no_SCL,,,,,
10SEF,20200603,S2A_MSIL2A_20200603T184921_N0500_R113_T10SEF_20230327T005340.zip,,0.0,0.0002664556521046712,4.744509805873238e-06,5.640326342646507e-06,0.9996488730959752
10SEF,20201016,S2B_MSIL2A_20201016T185359_N0500_R113_T10SEF_20230325T032847.zip,,0.29517735508508597,0.0066032959412875205,0.0,4.9966655717797885e-05,0.69729665794075
10SEF,20201115,S2B_MSIL2A_20201115T185649_N0500_R113_T10SEF_20230303T144837.zip,,0.0,1.4067637466365407e-05,3.317839025086181e-08,0.00042129919940544325,0.9954189269445025
10SEG,20200105,S2A_MSIL2A_20200105T185751_N0500_R113_T10SEG_20230421T095334.zip,,0.0,7.773696835776922e-05,5.773039903649955e-06,0.0013095842415917665,0.9732101419703318
10SDJ,20200207,S2A_MSIL2A_20200207T190541_N0500_R013_T10SDJ_20230429T230604.zip,,0.3873377327878806,2.5547360493163593e-06,0.0,0.0018683083334162793,0.5931447473631475
10SDJ,20200303,S2B_MSIL2A_20200303T190259_N0500_R013_T10SDJ_20230417T055205.zip,,0.0,0.0001938945126260364,1.1977398880561113e-05,0.0014411697373266845,0.9968441046977283
10SDJ,20201014,S2A_MSIL2A_20201014T190351_N0500_R013_T10SDJ_20230407T185508.zip,,0.0,9.880524616706647e-05,5.474434391392199e-06,0.00023550021400061712,0.9978353091064728
10SEF,20200424,S2A_MSIL2A_20200424T184921_N0500_R113_T10SEF_20230518T144248.zip,,0.0,0.00014571948998178506,3.1453113957817e-05,0.0003424341657791447,0.9993947598050438
10SEH,20201016,S2B_MSIL2A_20201016T185359_N0500_R113_T10SEH_20230309T075410.zip,,0.0,1.8579898540482612e-05,1.413399424686713e-05,4.449222132640568e-05,0.9995069691208722
10SEH,20201021,S2A_MSIL2A_20201021T185431_N0500_R113_T10SEH_20230326T212551.zip,,0.0,3.520227205616438e-05,0.0,0.00011565986841450426,0.9989372629818747
10SEH,20201031,S2A_MSIL2A_20201031T185531_N0500_R113_T10SEH_20230411T185712.zip,,0.0,1.556066502765419e-05,0.00013068967919814466,1.194422049031025e-05,0.9970070437722502
10SEJ,20200224,S2A_MSIL2A_20200224T185351_N0500_R113_T10SEJ_20230428T204511.zip,,0.004163655727751401,1.632376800342401e-05,0.0,0.0025086180868676613,0.9901078961250958
10SEG,20200219,S2B_MSIL2A_20200219T185419_N0500_R113_T10SEG_20230427T094124.zip,,0.0,0.002058088725651209,8.792273416478379e-06,0.00016665505423007885,0.9960030988616494
10SEG,20200906,S2B_MSIL2A_20200906T184919_N0500_R113_T10SEG_20230414T221228.zip,,0.0,3.9614997959529e-05,0.0,1.3968102295612821e-05,0.9886605220287922
10SEG,20201011,S2A_MSIL2A_20201011T185321_N0500_R113_T10SEG_20230324T165749.zip,,0.0,6.496328811118742e-05,0.0,0.00023692688478140416,0.9993504666540589
10SEH,20200224,S2A_MSIL2A_20200224T185351_N0500_R113_T10SEH_20230428T204511.zip,,6.635678050172362e-08,2.9296518591510977e-05,9.654911563000787e-06,0.00036396694105195405,0.99760216455818
10SEJ,20200718,S2B_MSIL2A_20200718T184919_N0500_R113_T10SEJ_20230324T152351.zip,,0.004858942073848461,2.3224873175603266e-07,0.0,0.0,0.9948074160337889
10SEJ,20200815,S2A_MSIL2A_20200815T185921_N0500_R013_T10SEJ_20230420T073657.zip,,0.3045334288870973,2.090238585804294e-06,0.0,0.0,0.6943936815073606
10SEJ,20201105,S2B_MSIL2A_20201105T185559_N0500_R113_T10SEJ_20230301T110859.zip,,0.0030318081227335013,6.469786098918053e-06,0.0,0.0,0.9866295068695857
10SEJ,20201130,S2A_MSIL2A_20201130T185741_N0500_R113_T10SEJ_20230305T060707.zip,,0.002232076204126728,2.1897737565568795e-05,2.3423943517108436e-05,0.0002923679748905943,0.947997750505141
10SFF,20190813,S2B_MSIL2A_20190813T184929_N0500_R113_T10SFF_20230724T024035.zip,,0.00045457712482705766,2.219634307782655e-05,0.0,2.3556657078111886e-06,0.9991281050825976
10SFF,20200224,S2A_MSIL2A_20200224T185351_N0500_R113_T10SFF_20230422T222449.zip,,0.0078102926002236225,0.00045786178546189295,0.0,0.0001969469245291157,0.9851959681620167
10SFF,20200424,S2A_MSIL2A_20200424T184921_N0500_R113_T10SFF_20230518T144248.zip,,8.845358840879759e-05,0.00022936221180420768,1.0285300977767161e-05,0.00021572589341110348,0.9989422397404123
10SFF,20201011,S2A_MSIL2A_20201011T185321_N0500_R113_T10SFF_20230324T165749.zip,,0.00018832054306389164,3.201714659208164e-05,0.0,9.545422875172943e-05,0.9989747213844679
10SFE,20201001,S2A_MSIL2A_20201001T185221_N0500_R113_T10SFE_20230307T012928.zip,,0.10511196047790153,1.0716620051028365e-05,0.0,5.484387908467457e-05,0.8696200078964569
10SFE,20201028,S2A_MSIL2A_20201028T184511_N0500_R070_T10SFE_20230308T153415.zip,,0.21597191117481362,9.986695465509404e-06,1.6589195125430904e-06,5.474434391392199e-06,0.7815545071184237
10SFE,20201110,S2A_MSIL2A_20201110T185621_N0500_R113_T10SFE_20230303T102330.zip,,0.10830999233579185,5.0762937083818565e-06,0.0,2.730581517645927e-05,0.884369925779941
10SFE,20201115,S2B_MSIL2A_20201115T185649_N0500_R113_T10SFE_20230303T144837.zip,,0.1003696072673946,9.389484440993892e-06,0.00023201648302427662,0.00011310513236518791,0.8901884200782346
10SFF,20201016,S2B_MSIL2A_20201016T185359_N0500_R113_T10SFF_20230325T032847.zip,,0.5209436265971248,0.0004505293612164525,0.0,9.15723570923786e-06,0.47738043337613345
10SFG,20200224,S2A_MSIL2A_20200224T185351_N0500_R113_T10SFG_20230422T222449.zip,,0.84188466527981,4.313190732612035e-06,0.0,0.0,0.1579914134326031
10SFG,20201016,S2B_MSIL2A_20201016T185359_N0500_R113_T10SFG_20230309T075410.zip,,0.0,5.673504732897369e-06,1.3603140002853342e-06,0.0,0.9998097219319113
10SFG,20201021,S2A_MSIL2A_20201021T185431_N0500_R113_T10SFG_20230326T212551.zip,,0.0,6.867926781928394e-06,7.232889074687874e-06,0.0,0.999625449152458
10SFG,20201115,S2B_MSIL2A_20201115T185649_N0500_R113_T10SFG_20230303T144837.zip,,0.0,1.7485011662204174e-05,1.6589195125430904e-06,6.96746195268098e-07,0.9922570263535954
10SFH,20201011,S2A_MSIL2A_20201011T185321_N0500_R113_T10SFH_20230324T165749.zip,,0.0,5.905753464653402e-06,6.834748391677532e-06,0.0,0.9991190805604494
10SFH,20201031,S2A_MSIL2A_20201031T185531_N0500_R113_T10SFH_20230411T185712.zip,,0.0,7.398781025942183e-06,2.1565953663060175e-06,5.30854244013789e-07,0.9969361083738939
10SFH,20201115,S2B_MSIL2A_20201115T185649_N0500_R113_T10SFH_20230303T144837.zip,,0.0,1.211011244156456e-05,0.0,4.21365556185945e-06,0.9941017116731531
10SFE,20190912,S2B_MSIL2A_20190912T184949_N0500_R113_T10SFE_20230501T122229.zip,,0.10001194422049031,1.7584546832956757e-05,6.635678050172362e-08,2.0636958736036047e-05,0.8992764456654092
10SFE,20200424,S2A_MSIL2A_20200424T184921_N0500_R113_T10SFE_20230518T144248.zip,,0.10418684742253675,7.309199372264857e-05,2.6542712200689446e-06,0.00019532118340682346,0.8951558554882034
10SFE,20200814,S2B_MSIL2A_20200814T183919_N0500_R070_T10SFE_20230419T172105.zip,,0.22884151014761067,9.688089953251647e-06,0.0,1.1280652685293014e-06,0.770991403479086
10SFE,20200926,S2B_MSIL2A_20200926T185049_N0500_R113_T10SFE_20230417T051134.zip,,0.9803030514165514,2.654271220068945e-07,3.317839025086181e-08,0.0,0.01956914542420231
10SFH,20201210,S2A_MSIL2A_20201210T185801_N0500_R113_T10SFH_20230302T053408.zip,,0.0,2.0636958736036047e-05,0.0,2.621092829818083e-06,0.9863945043314388
10SFJ,20200827,S2B_MSIL2A_20200827T184919_N0500_R113_T10SFJ_20230316T164903.zip,,0.0,2.3888440980620502e-06,0.0,5.142650488883581e-06,0.9956443741062571
10SFJ,20200901,S2A_MSIL2A_20200901T184921_N0500_R113_T10SFJ_20230312T142840.zip,,0.0,3.11876868358101e-06,0.0,4.147298781357726e-06,0.9953254965975561
10SFJ,20201011,S2A_MSIL2A_20201011T185321_N0500_R113_T10SFJ_20230324T165749.zip,,0.0,1.1612436587801633e-05,1.0683441660777503e-05,3.516909366591352e-06,0.9925940856201538
10SGE,20200814,S2B_MSIL2A_20200814T183919_N0500_R070_T10SGE_20230419T172105.zip,,0.0,1.924346634549985e-05,2.0404710004280012e-05,0.0,0.9997810226243443
10SGE,20200903,S2B_MSIL2A_20200903T183919_N0500_R070_T10SGE_20230313T031213.zip,,0.0,0.0001237222172454637,0.0,3.317839025086181e-07,0.9984269461614261
10SGF,20200725,S2B_MSIL2A_20200725T183919_N0500_R070_T10SGF_20230422T204433.zip,,0.0,4.1008490350065197e-05,0.0,0.0,0.9993010640309753
10SGF,20200804,S2B_MSIL2A_20200804T183919_N0500_R070_T10SGF_20230321T050221.zip,,0.0,6.293940630588485e-05,3.351017415337043e-06,0.0,0.9994684821881812
10SGF,20200829,S2A_MSIL2A_20200829T183921_N0500_R070_T10SGF_20230407T034717.zip,,0.0,2.2893089273094646e-05,0.0,9.953517075258543e-08,0.9995536842943454
10SGF,20201018,S2A_MSIL2A_20201018T184411_N0500_R070_T10SGF_20230405T201440.zip,,0.0,8.360954343217175e-06,0.0,1.393492390536196e-06,0.9998873261867081
10SGG,20200705,S2B_MSIL2A_20200705T183919_N0500_R070_T10SGG_20230322T052651.zip,,0.0,0.0007661222092826501,3.915050049601694e-06,3.460506103164887e-05,0.9980200132049993
10SGG,20200730,S2A_MSIL2A_20200730T183921_N0500_R070_T10SGG_20230430T130316.zip,,0.0,6.745166738000205e-05,0.0,2.455200878563774e-06,0.9987423067607606
10SGH,20201013,S2B_MSIL2A_20201013T184329_N0500_R070_T10SGH_20230404T195122.zip,,3.317839025086181e-08,4.744509805873238e-06,0.0,1.1844685319557666e-05,0.9833128622665486
10SGH,20201018,S2A_MSIL2A_20201018T184411_N0500_R070_T10SGH_20230405T201440.zip,,0.0,7.16653229418615e-06,0.0,8.195062391962867e-06,0.9778662645445768
10TCK,20191025,S2B_MSIL2A_20191025T190449_N0500_R013_T10TCK_20230615T124530.zip,,0.029277441017116733,1.6589195125430904e-06,0.0,3.158582751882044e-05,0.9661330254378718
10TCK,20200601,S2B_MSIL2A_20200601T185919_N0500_R013_T10TCK_20230402T235615.zip,,0.0284158314006921,0.009278303655263253,0.00016177783086320218,4.990029893729616e-05,0.9616912020862571
10SFJ,20201105,S2B_MSIL2A_20201105T185559_N0500_R113_T10SFJ_20230301T110859.zip,,0.0,7.53149458694563e-06,0.0,1.3271356100344723e-06,0.9698343734758677
10SGE,20190102,S2B_MSIL2A_20190102T184759_N0500_R070_T10SGE_20221216T104323.zip,,0.0,5.796264776825558e-05,0.0,0.0005138669082053477,0.9736368492473482
10SGE,20200201,S2A_MSIL2A_20200201T184611_N0500_R070_T10SGE_20230511T175803.zip,,0.0,2.607821473717738e-05,0.0,0.0009323127660492168,0.9877487798646986
10SGE,20200610,S2A_MSIL2A_20200610T183921_N0500_R070_T10SGE_20230610T194036.zip,,0.0,0.00012455167700173522,4.329779927737466e-05,0.0,0.9997043805428648
10TCK,20200701,S2B_MSIL2A_20200701T185919_N0500_R013_T10TCK_20230318T102719.zip,,0.030904973772482507,0.003900020238818053,0.0001235231469039585,0.00023934890726971708,0.9645685316239827
10TCK,20200815,S2A_MSIL2A_20200815T185921_N0500_R013_T10TCK_20230420T073657.zip,,0.0252050258625552,1.2640966685578349e-05,0.0,2.5348290151658422e-05,0.974409872561803
10TCK,20201014,S2A_MSIL2A_20201014T190351_N0500_R013_T10TCK_20230407T185508.zip,,0.024883029585170587,0.024504596865969258,0.0008246157112949193,0.0002797270082050159,0.9480895551109652
10TCK,20201223,S2A_MSIL2A_20201223T190811_N0500_R013_T10TCK_20230301T020157.zip,,0.026699446916234517,0.0017505250480257199,3.636351571494454e-05,0.0002604171850790143,0.9475090328167458
10SGG,20200903,S2B_MSIL2A_20200903T183919_N0500_R070_T10SGG_20230313T031213.zip,,0.0,1.0418014538770608e-05,0.0,8.294597562715452e-07,0.9937121310148275
10SGG,20201028,S2A_MSIL2A_20201028T184511_N0500_R070_T10SGG_20230308T153415.zip,,0.0,0.00021446511458157074,6.635678050172362e-08,0.0,0.9869660021035099
10SGH,20200804,S2B_MSIL2A_20200804T183919_N0500_R070_T10SGH_20230321T050221.zip,,0.0,3.5500877568422135e-06,0.0,0.00029883776098951233,0.9952417875189532
10SGH,20200923,S2B_MSIL2A_20200923T184019_N0500_R070_T10SGH_20230313T021251.zip,,0.0,2.8533415615741157e-06,0.0,2.143324010205673e-05,0.9603953536982293
10TCM,20200704,S2B_MSIL2A_20200704T190919_N0500_R056_T10TCM_20230321T175116.zip,,0.0,0.0002626069588355712,6.635678050172362e-08,8.311186757840882e-05,0.9993260473588342
10TCM,20200927,S2A_MSIL2A_20200927T191151_N0500_R056_T10TCM_20230314T134636.zip,,0.0,3.331110381186526e-05,0.0,0.0003164223078224691,0.9990712373217077
10TCM,20201027,S2A_MSIL2A_20201027T191521_N0500_R056_T10TCM_20230325T225126.zip,,0.0,1.3835388734609375e-05,0.0,0.00019953483896868293,0.9947377745926523
10TCM,20201126,S2A_MSIL2A_20201126T191741_N0500_R056_T10TCM_20230304T111606.zip,,0.0,4.130709586232295e-05,1.960842863825933e-05,0.002592028559958328,0.979875017003925
10TDK,20200701,S2B_MSIL2A_20200701T185919_N0500_R013_T10TDK_20230318T102719.zip,,0.0,0.002215055689928036,0.00038742406295931336,2.196409434607052e-05,0.9957353824307152
10TDK,20200815,S2A_MSIL2A_20200815T185921_N0500_R013_T10TDK_20230420T073657.zip,,0.0,0.001409119412344352,0.001645780870003749,1.8911682442991231e-06,0.9943309743497865
10TDK,20201029,S2B_MSIL2A_20201029T190519_N0500_R013_T10TDK_20230315T101006.zip,,0.0,0.0013804201047773563,0.0,6.702034830674086e-06,0.9690491736921908
10TDK,20201128,S2B_MSIL2A_20201128T190739_N0500_R013_T10TDK_20230304T030333.zip,,0.0,0.0036070218745126925,8.908397782356395e-05,0.004042023749091741,0.8710971761872057
10TDL,20200701,S2B_MSIL2A_20200701T185919_N0500_R013_T10TDL_20230318T102719.zip,,0.0,0.00242656792777728,0.00018433913623378822,0.0009590877269816623,0.9946049946748684
10TDL,20200820,S2B_MSIL2A_20200820T185919_N0500_R013_T10TDL_20230319T202419.zip,,0.0,0.003107720279627473,0.0,6.88119813802874e-05,0.9854994508976413
10TDL,20200830,S2B_MSIL2A_20200830T185919_N0500_R013_T10TDL_20230420T232743.zip,,3.317839025086181e-08,0.00012830083510008262,7.5978513674473545e-06,0.000799731918606773,0.9853801745846895
10TDL,20201029,S2B_MSIL2A_20201029T190519_N0500_R013_T10TDL_20230315T101006.zip,,0.0,0.0021965089697778043,0.00031592463196870613,0.0009851991201090906,0.9047008470443031
10TEK,20201203,S2A_MSIL2A_20201203T190751_N0500_R013_T10TEK_20230225T124923.zip,,0.07450257298416395,1.8281293028224857e-05,8.228240782213729e-06,0.0015583226333024775,0.8548624921616053
10TEL,20191104,S2B_MSIL2A_20191104T190549_N0500_R013_T10TEL_20230610T224415.zip,,0.0,4.346369122862897e-06,0.0,0.001461209485038205,0.9434869161018046
10TEL,20200820,S2B_MSIL2A_20200820T185919_N0500_R013_T10TEL_20230319T202419.zip,,0.0,7.962813660206834e-07,0.0,0.0006242845909602158,0.9853398296621445
10TEL,20200830,S2B_MSIL2A_20200830T185919_N0500_R013_T10TEL_20230420T232743.zip,,0.0,4.644974635120653e-07,0.0,0.0005197063048894994,0.9856283821221562
10TEK,20190727,S2B_MSIL2A_20190727T185929_N0500_R013_T10TEK_20230520T201532.zip,,0.07805037143207885,8.095527221210282e-06,9.15723570923786e-06,1.0119409026512851e-05,0.9204571318608764
10TEK,20200726,S2A_MSIL2A_20200726T185921_N0500_R013_T10TEK_20230528T203015.zip,,0.07327805813517539,1.4266707807870579e-06,0.0,0.0,0.9256840886393874
10TEK,20200815,S2A_MSIL2A_20200815T185921_N0500_R013_T10TEK_20230420T073657.zip,,0.07530884104565015,1.5925627320413669e-06,1.6257411222922285e-06,0.0,0.9234636248718485
10TEK,20201009,S2B_MSIL2A_20201009T190319_N0500_R013_T10TEK_20230416T195055.zip,,0.07415323771321262,1.758454683295676e-06,0.0,0.0,0.9243561899263771
10TDM,20200810,S2B_MSIL2A_20200810T185919_N0500_R013_T10TDM_20230509T050550.zip,,0.0,1.1645614978052496e-05,0.0,6.668856440423224e-05,0.9927555316671146
10TDM,20200820,S2B_MSIL2A_20200820T185919_N0500_R013_T10TDM_20230319T202419.zip,,0.0,3.649622927594799e-06,0.0,1.5262059515396432e-06,0.9936493243220825
10TDM,20201014,S2A_MSIL2A_20201014T190351_N0500_R013_T10TDM_20230407T185508.zip,,0.0,0.00017909695057415203,0.00025743112995643675,0.00016483024276628148,0.9672000092899493
10TDM,20201029,S2B_MSIL2A_20201029T190519_N0500_R013_T10TDM_20230315T101006.zip,,0.0,8.788955577453293e-05,4.9634871815289265e-05,0.0003128058632851251,0.9028483979814267
10TEK,20201011,S2A_MSIL2A_20201011T185321_N0500_R113_T10TEK_20230324T165749.zip,,0.12311720929923922,6.96746195268098e-07,0.0,3.317839025086181e-08,0.8753635522111738
10TEK,20201014,S2A_MSIL2A_20201014T190351_N0500_R013_T10TEK_20230407T185508.zip,,0.07621792893852376,1.9907034150517085e-06,0.0,4.644974635120653e-07,0.9217347984910468
10TEK,20201016,S2B_MSIL2A_20201016T185359_N0500_R113_T10TEK_20230309T075410.zip,,0.1308598843401316,6.3038941476637434e-06,0.0,9.953517075258543e-08,0.8662879021635628
10TEK,20201026,S2B_MSIL2A_20201026T185459_N0500_R113_T10TEK_20230307T141841.zip,,0.13020514198692107,3.583266147093075e-06,0.0,0.0,0.8621827399378237
10TEL,20201019,S2B_MSIL2A_20201019T190419_N0500_R013_T10TEL_20230311T131547.zip,,0.0,0.00034342951748667056,1.227600439281887e-06,0.0003159909887492079,0.9809133347268257
10TEL,20201103,S2A_MSIL2A_20201103T190551_N0500_R013_T10TEL_20230304T013836.zip,,0.0,0.00020477702462831909,1.1645614978052496e-05,0.00023450486229309128,0.9424928251731083
10TEM,20200711,S2B_MSIL2A_20200711T185919_N0500_R013_T10TEM_20230318T093712.zip,,0.0,4.183795010633674e-05,0.0,8.659559855474932e-05,0.9983901181482476
10TEM,20200726,S2A_MSIL2A_20200726T185921_N0500_R013_T10TEM_20230528T203015.zip,,0.0,1.6589195125430904e-06,0.0,1.7485011662204174e-05,0.997689722330052
10TEM,20200820,S2B_MSIL2A_20200820T185919_N0500_R013_T10TEM_20230319T202419.zip,,0.0,0.0,0.0,0.0,0.9940155805720619
10TEM,20200830,S2B_MSIL2A_20200830T185919_N0500_R013_T10TEM_20230420T232743.zip,,0.0,2.3224873175603266e-07,0.0,0.0,0.9967584049157103
10TFK,20200718,S2B_MSIL2A_20200718T184919_N0500_R113_T10TFK_20230324T152351.zip,,0.0,1.7319119710949864e-05,0.0,8.165201840737091e-05,0.9977635442483601
10TFK,20201006,S2B_MSIL2A_20201006T185249_N0500_R113_T10TFK_20230416T095118.zip,,0.0,0.0001652283834492918,0.0,1.7385476491451588e-05,0.9949238058267889
10TFK,20201011,S2A_MSIL2A_20201011T185321_N0500_R113_T10TFK_20230324T165749.zip,,0.0,1.556066502765419e-05,0.0,3.417374195838766e-06,0.9935064249952721
10TFK,20201105,S2B_MSIL2A_20201105T185559_N0500_R113_T10TFK_20230301T110859.zip,,0.0,3.012597834778252e-05,0.0,1.559384341790505e-06,0.9630293197434647
10TFL,20200718,S2B_MSIL2A_20200718T184919_N0500_R113_T10TFL_20230324T152351.zip,,0.0,7.504951874744941e-05,1.9011217613743816e-05,0.0,0.9987520612074944
10TFL,20201001,S2A_MSIL2A_20201001T185221_N0500_R113_T10TFL_20230307T012928.zip,,0.0,7.720611411375542e-05,1.0948868782784398e-06,0.0,0.9998324491292332
10TFL,20201011,S2A_MSIL2A_20201011T185321_N0500_R113_T10TFL_20230324T165749.zip,,0.0,5.2455034986612516e-05,0.0,7.299245855189597e-07,0.9997214010570635
10TFL,20201016,S2B_MSIL2A_20201016T185359_N0500_R113_T10TFL_20230309T075410.zip,,0.0,3.852011108125056e-05,0.0,6.96746195268098e-07,0.9995634387410791
10TFM,20200504,S2A_MSIL2A_20200504T184921_N0500_R113_T10TFM_20230401T011755.zip,,0.0,0.0004475433060938749,0.0,0.00936752034664782,0.9898131724844974
10TFM,20200718,S2B_MSIL2A_20200718T184919_N0500_R113_T10TFM_20230324T152351.zip,,0.0,9.197049777538893e-05,5.23886782061108e-05,0.0,0.9995253499490712
10TFM,20201001,S2A_MSIL2A_20201001T185221_N0500_R113_T10TFM_20230307T012928.zip,,0.0,0.00046718491312238515,0.0,0.0,0.99950799765097
10TFM,20201026,S2B_MSIL2A_20201026T185459_N0500_R113_T10TFM_20230307T141841.zip,,0.0,0.0036660130523787247,0.0,0.0,0.9959874718398413
11SKD,20200705,S2B_MSIL2A_20200705T183919_N0500_R070_T11SKD_20230322T052651.zip,,0.003765880007033819,5.155921844983925e-05,6.635678050172362e-08,0.000935398356342547,0.9944810733872814
11SKD,20200730,S2A_MSIL2A_20200730T183921_N0500_R070_T11SKD_20230430T130316.zip,,0.0021777300008958165,0.00011980716719586199,0.0,0.00012843354866108605,0.9964627522801849
11SKD,20200804,S2B_MSIL2A_20200804T183919_N0500_R070_T11SKD_20230321T050221.zip,,0.0035922906692413097,4.618431922919964e-05,4.41272590336462e-06,0.00010749798441279227,0.9949205543445443
11SKD,20200928,S2A_MSIL2A_20200928T184151_N0500_R070_T11SKD_20230405T041333.zip,,0.0019321767346491883,5.07297586935677e-05,0.0,1.0517549709523194e-05,0.9729219544726129
11SKD,20201001,S2A_MSIL2A_20201001T185221_N0500_R113_T11SKD_20230307T012928.zip,,0.3199694758809692,6.539460718444863e-05,1.4465778149375749e-05,8.460489513969761e-06,0.6483298993699423
11SKD,20201016,S2B_MSIL2A_20201016T185359_N0500_R113_T11SKD_20230309T075410.zip,,0.3174755558209827,5.374899220639613e-06,2.1565953663060175e-06,7.631029757698217e-06,0.6797195762455998
11SKD,20201028,S2A_MSIL2A_20201028T184511_N0500_R070_T11SKD_20230308T153415.zip,,0.0015569623193021922,0.0002361306034153835,4.014585220354279e-06,0.00011121396412088878,0.9889524918629998
11SKT,20200814,S2B_MSIL2A_20200814T183919_N0500_R070_T11SKT_20230405T200744.zip,,0.09189312576932393,0.00017372205135351244,1.9907034150517086e-07,0.0,0.9077179903185457
11SKT,20200819,S2A_MSIL2A_20200819T183921_N0500_R070_T11SKT_20230509T152110.zip,,0.0,0.00010846015773006725,1.2972750588086968e-05,0.0,0.9991692131081185
11SKT,20201013,S2B_MSIL2A_20201013T184329_N0500_R070_T11SKT_20230404T195122.zip,,0.0,2.1632310443561898e-05,0.0,4.346369122862897e-05,0.9969378668285772
11SKU,20200814,S2B_MSIL2A_20200814T183919_N0500_R070_T11SKU_20230419T172105.zip,,0.0,0.008773892588279401,2.7737134249720474e-05,0.0,0.9895321515190726
11SKU,20200903,S2B_MSIL2A_20200903T183919_N0500_R070_T11SKU_20230313T031213.zip,,0.0,1.7518190052455036e-05,0.0,0.0,0.990424948822333
11SKU,20201028,S2A_MSIL2A_20201028T184511_N0500_R070_T11SKU_20230308T153415.zip,,0.0,1.2674145075829211e-05,0.0,0.0,0.9898557403591892
11SLA,20191004,S2A_MSIL2A_20191004T184221_N0500_R070_T11SLA_20230709T024833.zip,,0.07167929104415711,0.012440536030072892,6.668856440423224e-06,0.003743716842346243,0.8293564719426942
11SKT,20201028,S2A_MSIL2A_20201028T184511_N0500_R070_T11SKT_20230308T153415.zip,,0.0,1.884532566248951e-05,0.0,7.796921708952525e-06,0.9993963523677758
11SKU,20200206,S2B_MSIL2A_20200206T184539_N0500_R070_T11SKU_20230429T021951.zip,,0.0,1.891168244299123e-05,2.1333704931304143e-05,0.0009712973745939794,0.9624874170954973
11SKU,20200501,S2A_MSIL2A_20200501T183921_N0500_R070_T11SKU_20230504T034951.zip,,0.0,0.00011333738109694394,2.7206280005706683e-06,0.00019492304272381313,0.9988823195676192
11SKU,20200809,S2A_MSIL2A_20200809T183921_N0500_R070_T11SKU_20230421T133546.zip,,0.0,0.10808683448296455,0.0,0.0,0.891154209840047
11SLA,20200928,S2A_MSIL2A_20200928T184151_N0500_R070_T11SLA_20230405T041333.zip,,0.031219339020109423,0.003736483953271555,0.0,0.01771394255493512,0.8550019409358297
11SLA,20201018,S2A_MSIL2A_20201018T184411_N0500_R070_T11SLA_20230405T201440.zip,,0.03162540933838972,0.00033679383943649823,4.114120391106864e-06,9.900431650857163e-05,0.9325745435482962
11SLA,20201023,S2B_MSIL2A_20201023T184439_N0500_R070_T11SLA_20230310T023435.zip,,0.030672393256823964,0.00027916297557075125,3.7159797080965224e-05,8.022534762658385e-05,0.9250200563369066
11SLA,20201104,S2A_MSIL2A_20201104T183541_N0500_R027_T11SLA_20230302T072324.zip,,0.3013999953550254,1.960842863825933e-05,0.0,7.143307421010547e-05,0.6344645173705462
11SLA,20200622,S2B_MSIL2A_20200622T182919_N0500_R027_T11SLA_20230414T190949.zip,,0.7998092574344478,4.313190732612035e-06,0.0,0.0,0.20011897770743958
11SLA,20200804,S2B_MSIL2A_20200804T183919_N0500_R070_T11SLA_20230321T050221.zip,,0.027187832820727204,1.1512901417049047e-05,0.0,0.00168353787810923,0.9567782455930803
11SLA,20200809,S2A_MSIL2A_20200809T183921_N0500_R070_T11SLA_20230421T133546.zip,,0.030741271594984753,0.0002555067833218868,0.00010222262036290524,0.0014489998374258878,0.9530090809254117
11SLA,20200831,S2B_MSIL2A_20200831T182919_N0500_R027_T11SLA_20230318T080556.zip,,0.313303008284644,0.003948228439852555,0.0,0.0005068662678624159,0.6676940023423944
11SLT,20200129,S2A_MSIL2A_20200129T183621_N0500_R027_T11SLT_20230426T142959.zip,,0.0,0.0008532486620814132,6.801570001426671e-06,0.0002754801742529056,0.9877845129909987
11SLT,20200930,S2B_MSIL2A_20200930T183109_N0500_R027_T11SLT_20230425T110844.zip,,0.0,2.9429232152514425e-05,3.1287222006562684e-05,7.853324972378991e-05,0.9882810276011028
11SLT,20201104,S2A_MSIL2A_20201104T183541_N0500_R027_T11SLT_20230302T072324.zip,,0.0,6.0119243134561595e-05,1.227600439281887e-06,2.883202112799891e-05,0.9935070885630771
11SLT,20201219,S2B_MSIL2A_20201219T183759_N0500_R027_T11SLT_20230301T032341.zip,,0.7217057673995773,4.7776881961241005e-06,0.0,5.50761278164306e-06,0.27666908868915496
11SLU,20200523,S2B_MSIL2A_20200523T182919_N0500_R027_T11SLU_20230503T095919.zip,,3.317839025086181e-08,0.0005825461760246316,0.00012193058417191714,0.0,0.999161349829629
11SLU,20200925,S2A_MSIL2A_20200925T183121_N0500_R027_T11SLU_20230311T042119.zip,,0.0,0.00014309839715196697,0.0,0.0,0.9849079797346393
11SLU,20201030,S2B_MSIL2A_20201030T183519_N0500_R027_T11SLU_20230315T140559.zip,,0.0,0.00014850647476285746,0.0,0.0,0.9888877276452301
11SLU,20201104,S2A_MSIL2A_20201104T183541_N0500_R027_T11SLU_20230302T072324.zip,,0.0,6.648949406272707e-05,0.0,0.0,0.9824504563687579
11SLV,20191026,S2B_MSIL2A_20191026T183449_N0500_R027_T11SLV_20230704T095046.zip,,0.0892128426912983,3.9515462788776414e-05,0.0,0.0,0.9011389146021413
11SLV,20200622,S2B_MSIL2A_20200622T182919_N0500_R027_T11SLV_20230414T190949.zip,,0.08899890843096074,2.952876732326701e-06,0.0,0.0,0.9108314172812964
11SLV,20200702,S2B_MSIL2A_20200702T182919_N0500_R027_T11SLV_20230321T210929.zip,,0.09218592506328778,2.1632310443561898e-05,0.0,0.0,0.9075057149777207
11SLV,20200801,S2B_MSIL2A_20200801T182919_N0500_R027_T11SLV_20230316T145358.zip,,0.09253632204272713,1.0782976831530087e-05,0.0,0.0,0.9072183569397579
11SLV,20201013,S2B_MSIL2A_20201013T184329_N0500_R070_T11SLV_20230404T195122.zip,,0.24125666470914164,1.4532134929877473e-05,9.124057318986998e-06,0.0,0.757748182653674
11SLV,20201018,S2A_MSIL2A_20201018T184411_N0500_R070_T11SLV_20230405T201440.zip,,0.24554945073174939,1.665555190593263e-05,6.635678050172362e-08,0.0,0.752781244919559
11SLV,20201020,S2B_MSIL2A_20201020T183419_N0500_R027_T11SLV_20230410T162153.zip,,0.08613614420655538,2.2826732492592926e-05,0.0,0.0,0.9069227706610131
11SLV,20201028,S2A_MSIL2A_20201028T184511_N0500_R070_T11SLV_20230308T153415.zip,,0.24646835942813727,4.48240052289143e-05,0.0,0.0,0.7490869970570768
11SLV,20201104,S2A_MSIL2A_20201104T183541_N0500_R027_T11SLV_20230302T072324.zip,,0.0780019309823126,1.997339093101881e-05,0.0,0.0,0.901224846632891
11SMA,20200622,S2B_MSIL2A_20200622T182919_N0500_R027_T11SMA_20230414T190949.zip,,0.9156615605124071,6.247490884237279e-05,0.0,0.0,0.08426319089850398
11SMA,20200821,S2B_MSIL2A_20200821T182919_N0500_R027_T11SMA_20230320T055703.zip,,0.0,0.02575134123642589,7.962813660206834e-07,3.3145211860610946e-05,0.9674940361843524
11SMA,20201020,S2B_MSIL2A_20201020T183419_N0500_R027_T11SMA_20230410T162153.zip,,0.0,0.0013237845926191353,3.138675717731527e-05,0.0002826798849373426,0.9801458190251525
11SMA,20201119,S2B_MSIL2A_20201119T183649_N0500_R027_T11SMA_20230301T171757.zip,,0.0,0.001121429590479129,1.2607788295327488e-06,0.001322391100228599,0.9148446090092601
11SMS,20201030,S2B_MSIL2A_20201030T183519_N0500_R027_T11SMS_20230315T140559.zip,,0.0,2.9230161811009253e-05,0.0,5.142650488883581e-06,0.9989822860574451
11SMS,20201114,S2A_MSIL2A_20201114T183631_N0500_R027_T11SMS_20230304T010759.zip,,0.0,2.000656932126967e-05,2.422022488312912e-06,9.970106270383973e-05,0.9966554191923717
11SMS,20201219,S2B_MSIL2A_20201219T183759_N0500_R027_T11SMS_20230301T221307.zip,,0.7775199485071383,5.374899220639613e-06,9.999966821609749e-05,2.8334345274235984e-05,0.21502991031881116
11SMV,20200523,S2B_MSIL2A_20200523T182919_N0500_R027_T11SMV_20230503T095919.zip,,0.0,7.637665435748389e-05,0.0,0.0,0.9991990073025637
11SMV,20200920,S2B_MSIL2A_20200920T182949_N0500_R027_T11SMV_20230503T184057.zip,,0.0,0.0007506942578159993,0.0,1.9243466345499848e-06,0.9829036068228042
11SMV,20200925,S2A_MSIL2A_20200925T183121_N0500_R027_T11SMV_20230311T042119.zip,,0.0,0.00019279962574775798,0.0,1.8646255320984336e-05,0.9858155414215614
11SMV,20201020,S2B_MSIL2A_20201020T183419_N0500_R027_T11SMV_20230410T162153.zip,,0.0,7.259431786888564e-05,0.0,8.437264640794158e-05,0.9926331697638694
11SMT,20201030,S2B_MSIL2A_20201030T183519_N0500_R027_T11SMT_20230315T140559.zip,,0.0,8.752459348177345e-05,1.1512901417049047e-05,7.299245855189597e-07,0.9899662575771149
11SMT,20201104,S2A_MSIL2A_20201104T183541_N0500_R027_T11SMT_20230302T072324.zip,,0.0,9.754446733753372e-05,2.8865199518249773e-06,2.767077746921875e-05,0.9849401295947923
11SMT,20201119,S2B_MSIL2A_20201119T183649_N0500_R027_T11SMT_20230301T171757.zip,,0.0,0.0003590897176850774,4.2468339521103114e-05,0.0012172156031333673,0.9676539228469713
11SMT,20201219,S2B_MSIL2A_20201219T183759_N0500_R027_T11SMT_20230301T221307.zip,,0.0,0.00015424633627625654,9.223592489739582e-06,0.00012976068427112054,0.9430637589125451
11SNT,20200724,S2A_MSIL2A_20200724T181931_N0500_R127_T11SNT_20230326T050546.zip,,0.005102305566338532,0.0005772044551942429,7.840053616278646e-05,0.0,0.9941628926247756
11SNT,20200808,S2B_MSIL2A_20200808T181919_N0500_R127_T11SNT_20230316T150723.zip,,0.006857210161877366,0.0003370592665585051,0.0,0.0,0.9922657854486217
11SNT,20200930,S2B_MSIL2A_20200930T183109_N0500_R027_T11SNT_20230425T110844.zip,,0.43807542111671827,2.6277285078682553e-05,1.758454683295676e-06,0.0,0.5352676003065683
11SNT,20201012,S2A_MSIL2A_20201012T182321_N0500_R127_T11SNT_20230307T202215.zip,,0.004035189000700064,0.0003881539875448323,3.317839025086181e-08,0.0,0.9573962926466734
11SMU,20200930,S2B_MSIL2A_20200930T183109_N0500_R027_T11SMU_20230425T110844.zip,,0.0,0.00017023832037717194,0.0,1.2607788295327488e-06,0.9815917996290656
11SMU,20201020,S2B_MSIL2A_20201020T183419_N0500_R027_T11SMU_20230410T162153.zip,,0.0,0.00015358276847123931,0.0,0.0,0.9981189843431176
11SMU,20201030,S2B_MSIL2A_20201030T183519_N0500_R027_T11SMU_20230315T140559.zip,,0.0,0.0001487387234946135,0.0,0.0,0.9955621580552155
11SMU,20201104,S2A_MSIL2A_20201104T183541_N0500_R027_T11SMU_20230302T072324.zip,,0.0,0.00016197690120470736,4.923673113227893e-05,0.0,0.9928400038486933
11SNS,20200902,S2A_MSIL2A_20200902T181931_N0500_R127_T11SNS_20230419T205540.zip,,0.14587201104176828,0.0003053075470884304,4.061034966705485e-05,0.0,0.8532268307006281
11SNS,20200922,S2A_MSIL2A_20200922T182101_N0500_R127_T11SNS_20230425T135408.zip,,0.0,0.0005232895710365925,0.0,0.0,0.9953240699267752
11SNS,20201012,S2A_MSIL2A_20201012T182321_N0500_R127_T11SNS_20230307T202215.zip,,0.0,0.00038367490486096597,0.0,0.0,0.9821768673627493
11SNT,20190913,S2B_MSIL2A_20190913T181949_N0500_R127_T11SNT_20230704T022938.zip,,0.006537304123078557,0.0003183134760667682,0.0,5.30854244013789e-07,0.9871823252079456
11SNT,20201030,S2B_MSIL2A_20201030T183519_N0500_R027_T11SNT_20230315T140559.zip,,0.4395847392676202,4.203702044784191e-05,5.242185659636166e-06,6.96746195268098e-07,0.5543608680794025
11SNT,20201104,S2A_MSIL2A_20201104T183541_N0500_R027_T11SNT_20230302T072324.zip,,0.44590382911801885,8.573296040822692e-05,0.0,0.0,0.5452072156363118
11SNT,20201221,S2A_MSIL2A_20201221T182801_N0500_R127_T11SNT_20230301T195459.zip,,0.005161694884887575,0.00045762953673013693,2.6011857956675656e-05,0.0003733232471026971,0.928853188940979
11SNU,20191023,S2B_MSIL2A_20191023T182419_N0500_R127_T11SNU_20230713T005703.zip,,0.1430719207965468,0.0003953536982292693,3.417374195838766e-06,0.0,0.8558270875013686
11SNU,20200629,S2B_MSIL2A_20200629T181919_N0500_R127_T11SNU_20231109T193237.zip,,0.14558342540336627,0.004354232401352351,4.329779927737466e-05,0.0,0.8499735236445798
11SNU,20200722,S2B_MSIL2A_20200722T182919_N0500_R027_T11SNU_20230324T082228.zip,,0.2023674772147405,0.0006102169534938504,0.0,0.0,0.7966502101851023
11SNU,20200803,S2A_MSIL2A_20200803T181931_N0500_R127_T11SNU_20230320T015055.zip,,0.136062819964101,0.0005842050955371747,3.4173741958387666e-05,0.0,0.8632593455230739
11SNU,20200925,S2A_MSIL2A_20200925T183121_N0500_R027_T11SNU_20230311T042119.zip,,0.21405572642426535,0.00024240131917279637,0.0,0.0,0.7794904794609175
11SNU,20201007,S2B_MSIL2A_20201007T182239_N0500_R127_T11SNU_20230326T194159.zip,,0.1403478754217803,0.00019054349521069937,0.0,0.0,0.8527939190646349
11SNU,20201012,S2A_MSIL2A_20201012T182321_N0500_R127_T11SNU_20230307T202215.zip,,0.1323247434480974,0.00015988666261890306,1.4598491710379195e-06,0.0,0.8565991486425062
11SNU,20201022,S2A_MSIL2A_20201022T182421_N0500_R127_T11SNU_20230413T022504.zip,,0.13149223127992277,0.0003211004608478406,0.00011207660226741118,0.0,0.8673960603979416
11SPS,20200902,S2A_MSIL2A_20200902T181931_N0500_R127_T11SPS_20230419T205540.zip,,0.007437898348047949,0.0007667194203071655,2.7737134249720474e-05,0.0,0.9915653564520357
11SQT,20200808,S2B_MSIL2A_20200808T181919_N0500_R127_T11SQT_20230316T150723.zip,,0.14290997707373235,5.441256001141337e-06,0.0,0.0,0.8553568501763431
11SQT,20200808,S2B_MSIL2A_20200808T181919_N0500_R127_T11SQT_20230316T150723_MASK.tif,no_SCL,,,,,
11SQT,20200823,S2A_MSIL2A_20200823T181931_N0500_R127_T11SQT_20230318T064036.zip,,0.15115112424975366,8.560024684722346e-06,0.0,0.0,0.8461852150457364
11SQT,20200902,S2A_MSIL2A_20200902T181931_N0500_R127_T11SQT_20230419T205540.zip,,0.15153320659188257,7.631029757698217e-06,0.0,2.986055122577563e-07,0.8443741394355029
11SPS,20201007,S2B_MSIL2A_20201007T182239_N0500_R127_T11SPS_20230326T194159.zip,,0.0,0.0004965809668846487,0.0,0.0,0.9962072123184728
11SPS,20201012,S2A_MSIL2A_20201012T182321_N0500_R127_T11SPS_20230307T202215.zip,,0.0,0.0006599845388701431,5.806218293900817e-06,0.0,0.9949123592821524
11SPS,20201216,S2B_MSIL2A_20201216T182749_N0500_R127_T11SPS_20230226T024934.zip,,0.0,0.0007442576501073321,0.0,5.706683123148231e-06,0.9921931911307528
11SPT,20200922,S2A_MSIL2A_20200922T182101_N0500_R127_T11SPT_20230425T135408.zip,,0.0,0.00024731172092992394,0.0,0.0,0.9951637519450831
11SQT,20200919,S2A_MSIL2A_20200919T181031_N0500_R084_T11SQT_20230425T045335.zip,,0.22462669334209243,6.6356780501723615e-06,0.0,3.6496229275947987e-07,0.7729991937651169
11SQT,20200929,S2A_MSIL2A_20200929T181151_N0500_R084_T11SQT_20230418T000504.zip,,0.22302248499507302,5.739861513399093e-06,0.0,3.317839025086181e-07,0.7716728544364485
11SQT,20200929,S2A_MSIL2A_20200929T181151_N0500_R084_T11SQT_20230418T000504_MASK.tif,no_SCL,,,,,
11SQT,20201012,S2A_MSIL2A_20201012T182321_N0500_R127_T11SQT_20230307T202215.zip,,0.15225301176837502,8.62638146522407e-07,6.88119813802874e-05,3.317839025086181e-07,0.8277714738836301
11SPT,20201007,S2B_MSIL2A_20201007T182239_N0500_R127_T11SPT_20230326T194159.zip,,0.0,0.00015199020573919794,0.0,0.0,0.9845437473664653
11SPT,20201017,S2B_MSIL2A_20201017T182349_N0500_R127_T11SPT_20230308T143913.zip,,0.0,0.00046084784058447053,0.0,0.0,0.9990827834015149
11SPT,20201216,S2B_MSIL2A_20201216T182749_N0500_R127_T11SPT_20230226T024934.zip,,0.0,0.0003554732731477334,1.6920979027939522e-06,0.0,0.9700720634636248
11SQT,20191003,S2B_MSIL2A_20191003T182209_N0500_R127_T11SQT_20230711T183515.zip,,0.14255719125019492,2.75380639082153e-06,6.463150420867881e-05,0.0,0.837718023496936
11TKE,20200728,S2B_MSIL2A_20200728T184919_N0500_R113_T11TKE_20230410T233902.zip,,0.057298880892896836,0.002072255898288327,0.00037368820939545654,0.0,0.9359995819522828
11TKE,20200807,S2B_MSIL2A_20200807T184919_N0500_R113_T11TKE_20230421T033538.zip,,0.05868444364816308,0.0013181110878862378,0.0,0.0,0.9351707194070358
11TKE,20200824,S2B_MSIL2A_20200824T183919_N0500_R070_T11TKE_20230502T033616.zip,,0.15052494849054915,0.028331956430137924,0.007029041044986579,3.1519470738318717e-06,0.8087634413953504
11TKE,20200827,S2B_MSIL2A_20200827T184919_N0500_R113_T11TKE_20230316T164903.zip,,0.06073072086688498,0.008936333986947622,0.0002718305513253108,0.0,0.9212484032899692
11TKF,20201011,S2A_MSIL2A_20201011T185321_N0500_R113_T11TKF_20230324T165749.zip,,0.0,0.0013953503803902443,0.0002331777266830568,9.588554782499063e-06,0.9969493133732138
11TKF,20201016,S2B_MSIL2A_20201016T185359_N0500_R113_T11TKF_20230309T075410.zip,,0.0,0.0008592207723265682,0.0,0.0,0.9970634470356767
11TKG,20200409,S2B_MSIL2A_20200409T184919_N0500_R113_T11TKG_20230412T043240.zip,,0.0,0.0027806808869247283,0.0,0.11578140085799317,0.8750705538468685
11TKG,20200504,S2A_MSIL2A_20200504T184921_N0500_R113_T11TKG_20230401T011755.zip,,0.0,0.0028351598037166434,0.0,0.017430698637363514,0.9771389610518877
11SQT,20201022,S2A_MSIL2A_20201022T182421_N0500_R127_T11SQT_20230413T022504.zip,,0.153031609052392,1.098204717303526e-05,0.00024731172092992394,0.0,0.8456594039170408
11TKE,20190912,S2B_MSIL2A_20190912T184949_N0500_R113_T11TKE_20230504T180028.zip,,0.36144402307888823,0.0003286319554347862,1.7584546832956757e-05,1.6920979027939522e-06,0.6237770279461581
11TKE,20200105,S2A_MSIL2A_20200105T185751_N0500_R113_T11TKE_20230421T095334.zip,,0.0546237404653601,0.008345460034970024,0.02490170901888182,0.0468701497340752,0.8192723315450181
11TKE,20200416,S2B_MSIL2A_20200416T183919_N0500_R070_T11TKE_20230417T162726.zip,,0.776332361206499,0.007086074697827811,0.003262563826928245,0.00425715243147833,0.20741775906516569
11TKE,20201220,S2A_MSIL2A_20201220T185811_N0500_R113_T11TKE_20230228T003932.zip,,0.059917850305738866,0.00807548747349876,9.270042236090789e-05,0.22041074847130568,0.6737848580462573
11TKF,20191002,S2B_MSIL2A_20191002T185209_N0500_R113_T11TKF_20230802T212841.zip,,0.0,0.0011565655057547918,0.0,0.012315519855607646,0.9860259587725323
11TKF,20200713,S2A_MSIL2A_20200713T184921_N0500_R113_T11TKF_20230318T193118.zip,,0.0,0.000899632051652118,0.0,1.7584546832956757e-05,0.9973550850859818
11TKF,20200807,S2B_MSIL2A_20200807T184919_N0500_R113_T11TKF_20230421T033538.zip,,0.0,0.0008620741138881424,0.00011174481836490257,0.0,0.9959268880992432
11TKG,20200623,S2A_MSIL2A_20200623T184921_N0500_R113_T11TKG_20230330T002151.zip,,0.0,0.0005689430360217783,0.0,0.00018029137262318308,0.9985537207905747
11TKG,20200807,S2B_MSIL2A_20200807T184919_N0500_R113_T11TKG_20230421T033538.zip,,0.0,0.002754702207358303,0.0,5.30854244013789e-07,0.9958988523594812
16QHK,20200408,S2B_MSIL2A_20200408T155819_N0500_R097_T16QHK_20230411T223226.zip,,0.0,0.012223582536222508,0.0010101160911874878,0.0,0.9866076423104104
16QHK,20200423,S2A_MSIL2A_20200423T155911_N0500_R097_T16QHK_20230519T192159.zip,,0.0,0.013097733584161964,0.0052273217408037795,0.0,0.9814581238947448
16QHK,20200811,S2A_MSIL2A_20200811T155911_N0500_R097_T16QHK_20230317T181508.zip,,0.0,0.057598879897545134,0.016377516995630406,0.0,0.9259994492387218
16QHK,20200831,S2A_MSIL2A_20200831T155911_N0500_R097_T16QHK_20230427T214326.zip,,0.8456250642831311,0.011928493933331343,0.008739453419199007,0.0,0.133676630137259
16QHL,20200403,S2A_MSIL2A_20200403T155901_N0500_R097_T16QHL_20230531T014702.zip,,0.0,0.012605233559278171,0.005986211061011742,0.0,0.9810169508395792
16QHL,20200413,S2A_MSIL2A_20200413T155901_N0500_R097_T16QHL_20230406T044350.zip,,0.2003168204485055,0.06598952890003683,0.0032269302357988195,0.0,0.7298881888248546
16QHL,20200811,S2A_MSIL2A_20200811T155911_N0500_R097_T16QHL_20230317T181508.zip,,0.0,0.047054190264796736,0.01715541753345211,0.0,0.9356975590658293
16QHL,20200831,S2A_MSIL2A_20200831T155911_N0500_R097_T16QHL_20230427T214326.zip,,0.0019465761560180624,0.07856463648096722,0.01629370838185673,0.0,0.9030824051678661
17QKD,20200129,S2B_MSIL2A_20200129T160509_N0500_R097_T17QKD_20230602T032050.zip,,0.0,0.027437002531511177,0.0031684035553962995,0.0,0.9693904134359209
17QKD,20200920,S2A_MSIL2A_20200920T155941_N0500_R097_T17QKD_20230314T162023.zip,,0.0,0.02859210818809493,0.0032378127478011024,0.0,0.9681665289763471
17QLE,20200129,S2B_MSIL2A_20200129T160509_N0500_R097_T17QLE_20230602T032050.zip,,0.01672525970384969,0.037516232527430235,0.009424155858806042,0.0,0.936334351909914
17QLE,20200215,S2B_MSIL2A_20200215T160509_N0500_R054_T17QLE_20230412T181234.zip,,0.767037169750598,0.0002773713424972047,0.0005896131731480652,0.0,0.2320958457337567
17QLE,20200309,S2B_MSIL2A_20200309T155959_N0500_R097_T17QLE_20230602T074503.zip,,0.017846888364670323,0.03054435784884589,0.005920617383485788,0.0,0.9456728411650923
17QLE,20200920,S2A_MSIL2A_20200920T155941_N0500_R097_T17QLE_20230314T162023.zip,,0.02181518973062465,0.03092405134687675,0.005678182885922741,0.0,0.9415696032859878
17QLE,20201129,S2A_MSIL2A_20201129T160621_N0500_R097_T17QLE_20230305T021150.zip,,0.021112338711550393,0.008684443648163079,0.0013474407848679997,0.0,0.968854781503711
17QLE,20201229,S2A_MSIL2A_20201229T160651_N0500_R097_T17QLE_20230304T001130.zip,,0.02181402848696587,0.0016019853948726116,0.00014097498017591183,3.317839025086181e-08,0.9764412858616925
17QLF,20200218,S2B_MSIL2A_20200218T160219_N0500_R097_T17QLF_20230427T045945.zip,,0.0,0.028524988304617437,0.031520134306123736,0.0,0.9398537496557742
17QLF,20200304,S2A_MSIL2A_20200304T160131_N0500_R097_T17QLF_20230630T135159.zip,,0.0,0.021831281249896316,0.022554138838291844,0.0,0.9555346199913073
17QKD,20201129,S2A_MSIL2A_20201129T160621_N0500_R097_T17QKD_20230305T021150.zip,,0.0,0.0420000265427122,0.0033810106801238217,0.0,0.954618962777164
17QKD,20201214,S2B_MSIL2A_20201214T160649_N0500_R097_T17QKD_20230325T221155.zip,,0.0,0.049324952471955966,0.004736679705774035,0.0,0.94593836782227
17QLE,20190129,S2A_MSIL2A_20190129T160521_N0500_R097_T17QLE_20230220T052904.zip,,0.019464633494912092,4.1008490350065197e-05,1.559384341790505e-06,8.294597562715452e-07,0.980490409786298
17QLE,20200126,S2B_MSIL2A_20200126T160509_N0500_R054_T17QLE_20230424T055929.zip,,0.6601389842767609,2.5812787615170487e-05,5.275364049887028e-06,0.0,0.3398299275715741
17QLF,20200403,S2A_MSIL2A_20200403T155901_N0500_R097_T17QLF_20230531T014702.zip,,0.0,0.02485200779028603,0.002162733368502427,0.0,0.9728662479553817
17QLF,20200831,S2A_MSIL2A_20200831T155911_N0500_R097_T17QLF_20230427T214326.zip,,0.0,0.05424106091220666,0.03609649603020561,0.0,0.9096332792525572
17QME,20200215,S2B_MSIL2A_20200215T160509_N0500_R054_T17QME_20230412T181234.zip,,0.5031585163951016,0.004141957060527337,0.0016307510592201088,0.0,0.491068510058029
17QME,20200301,S2A_MSIL2A_20200301T160511_N0500_R054_T17QME_20230411T231201.zip,,0.0,0.02935972342493887,0.001625177089657964,0.0,0.9689944625266671
17QME,20201126,S2A_MSIL2A_20201126T160511_N0500_R054_T17QME_20230304T135940.zip,,0.0,0.0007860292434331671,2.8002561371727367e-05,0.0,0.9991859681951951
17QME,20201221,S2B_MSIL2A_20201221T160509_N0500_R054_T17QME_20230301T141008.zip,,0.0,0.004988404152607324,0.004005560698206044,0.0,0.9910060351491866
17QMF,20200316,S2B_MSIL2A_20200316T160509_N0500_R054_T17QMF_20230408T124141.zip,,0.009888553787147356,0.05459358130862207,0.030946048619613073,0.0,0.9043103705694407
17QMF,20200828,S2A_MSIL2A_20200828T160521_N0500_R054_T17QMF_20230403T123345.zip,,0.005932528425585847,0.049517586205752466,0.031850524716241814,0.0,0.9126478677907506
17QNF,20200917,S2A_MSIL2A_20200917T160521_N0500_R054_T17QNF_20230313T180209.zip,,0.0,0.04090304942584796,0.02870790077007044,0.0,0.9303752475937372
17QNF,20201126,S2A_MSIL2A_20201126T160511_N0500_R054_T17QNF_20230304T135940.zip,,0.0,0.02804741855534653,0.016148420210948203,0.0,0.9558041612337053
17QPD,20190103,S2A_MSIL2A_20190103T155521_N0500_R011_T17QPD_20221216T073805.zip,,0.09189667585708076,0.0006700044127259033,0.0008397450572493124,0.0,0.906593574672944
17QPD,20200111,S2A_MSIL2A_20200111T160511_N0500_R054_T17QPD_20230428T182834.zip,BadZipFile:File is not a zip file,,,,,
17QMF,20201126,S2A_MSIL2A_20201126T160511_N0500_R054_T17QMF_20230304T135940.zip,,0.006142348565532298,0.007216034452440436,0.0,0.0,0.9866331896709035
17QMF,20201221,S2B_MSIL2A_20201221T160509_N0500_R054_T17QMF_20230301T141008.zip,,0.009490977136771278,0.013493817206976752,0.00472762200523555,0.0,0.9722585857379372
17QNE,20200205,S2B_MSIL2A_20200205T160509_N0500_R054_T17QNE_20230510T174825.zip,,0.0,0.037580167285443646,0.006422905033493585,0.0,0.9556723103108483
17QNE,20200210,S2A_MSIL2A_20200210T160501_N0500_R054_T17QNE_20230511T002142.zip,,0.0,0.036400940939147516,0.042323714917999605,0.0,0.9209859954014751
17QNE,20200301,S2A_MSIL2A_20200301T160511_N0500_R054_T17QNE_20230411T231201.zip,,0.0,0.044090729625980006,0.005774101612137982,0.0,0.9498318850965989
17QNE,20201126,S2A_MSIL2A_20201126T160511_N0500_R054_T17QNE_20230304T135940.zip,,3.317839025086181e-08,0.028275387274760203,0.031472423780943,0.0,0.9402118108433615
17QNF,20200331,S2A_MSIL2A_20200331T160511_N0500_R054_T17QNF_20230420T212522.zip,,0.0,0.026618425287241912,0.01727512516547722,0.0,0.9560656401272724
17QNF,20200430,S2A_MSIL2A_20200430T160511_N0500_R054_T17QNF_20230419T171230.zip,,0.5795178848112648,0.009405078284411797,4.628385439995222e-05,0.0,0.4110208327112385
17QPD,20200303,S2B_MSIL2A_20200303T155529_N0500_R011_T17QPD_20230417T080845.zip,,0.09942541663763557,0.014520622028460424,0.0003191761142132906,0.0,0.8857205185118828
17QPD,20200306,S2B_MSIL2A_20200306T160509_N0500_R054_T17QPD_20230411T112626.zip,,0.5464696865637473,0.005300977767160693,2.1167812980049833e-05,0.0,0.4481873318270344
17QPD,20200407,S2A_MSIL2A_20200407T155521_N0500_R011_T17QPD_20230410T191514.zip,,0.09383661633504865,0.0005127388429368184,0.00028161817644931504,0.0,0.9053452377397554
17QPD,20200412,S2B_MSIL2A_20200412T155519_N0500_R011_T17QPD_20230405T191544.zip,,0.09900431650857164,0.0005214315811825442,1.227600439281887e-06,0.0,0.9004478087332158
17QPD,20200417,S2A_MSIL2A_20200417T155531_N0500_R011_T17QPD_20230407T112750.zip,,0.0888432354239037,0.0036482626135945135,0.0003559045922209946,0.0,0.9071371030620337
17QPD,20201128,S2B_MSIL2A_20201128T155529_N0500_R011_T17QPD_20230304T162512.zip,,0.09356969618548047,0.003064787442642858,4.5620286594934986e-05,0.0,0.9033198960852817
17QPE,20190319,S2B_MSIL2A_20190319T155529_N0500_R011_T17QPE_20221111T092748.zip,,0.2915399418051035,0.022536952432141898,0.008778570741304774,0.0,0.6768494464185587
17QPE,20200103,S2B_MSIL2A_20200103T155519_N0500_R011_T17QPE_20230425T172614.zip,,0.29006539460718445,0.038903122418306506,0.03899280360715459,0.0,0.6320051360148108
17QPE,20200106,S2B_MSIL2A_20200106T160509_N0500_R054_T17QPE_20230421T045001.zip,,0.4381368343170726,0.30355546265606287,0.016906214644277887,0.0,0.2413744479945322
17QPE,20200328,S2A_MSIL2A_20200328T155521_N0500_R011_T17QPE_20230408T180355.zip,,0.28493813889137726,0.02674370688882917,0.002271060812671491,0.0,0.6857850173025305
17QPE,20200331,S2A_MSIL2A_20200331T160511_N0500_R054_T17QPE_20230420T212522.zip,,0.3418703985720021,0.03870743627260693,0.02978009362941729,0.0,0.5891583637745064
17QPE,20200405,S2B_MSIL2A_20200405T160509_N0500_R054_T17QPE_20230406T073712.zip,,0.339796716002933,0.0040870800030524115,0.002646507476750243,0.0,0.6529650532015487
17QPE,20200407,S2A_MSIL2A_20200407T155521_N0500_R011_T17QPE_20230410T191514.zip,,0.2856568823593817,0.02835272610243496,0.022099959854147797,0.0,0.6635263320294226
17QPE,20200412,S2B_MSIL2A_20200412T155519_N0500_R011_T17QPE_20230405T191544.zip,,0.29083490101227266,0.0001387520280291041,3.6761656397954887e-05,0.0,0.7087548150138852
17QPE,20201128,S2B_MSIL2A_20201128T155529_N0500_R011_T17QPE_20230304T162512.zip,,0.2851813033135258,0.03218542738743402,0.04057401932973016,0.0,0.6420521497937963
17QPF,20191202,S2A_MSIL2A_20191202T160511_N0500_R054_T17QPF_20230609T152710.zip,,0.13779708760090378,0.008613441893026234,0.008932485293678521,0.0,0.8446569852123915
17QPF,20200225,S2B_MSIL2A_20200225T160509_N0500_R054_T17QPF_20230423T175059.zip,,0.13229803484394545,0.014312892127099778,0.0004918696354690263,0.0,0.852830581185862
17QPF,20200331,S2A_MSIL2A_20200331T160511_N0500_R054_T17QPF_20230420T212522.zip,,0.1355166373037913,0.004573110241837286,0.0001754805060368081,0.0,0.8596631729821732
17QPF,20200405,S2B_MSIL2A_20200405T160509_N0500_R054_T17QPF_20230406T073712.zip,,0.13342145513783962,0.0030838981954273543,0.0,0.0,0.8634058612944218
17QPF,20200407,S2A_MSIL2A_20200407T155521_N0500_R011_T17QPF_20230410T191514.zip,,0.47585445967332557,0.0022106097856344205,0.00016751769237660126,0.0,0.5217565635150514
17QPF,20200412,S2B_MSIL2A_20200412T155519_N0500_R011_T17QPF_20230405T191544.zip,,0.4810309852986553,0.00026290556434782896,0.0,0.0,0.5186952929817751
17QPF,20200820,S2B_MSIL2A_20200820T155529_N0500_R011_T17QPF_20230407T141056.zip,,0.4772435061595682,0.0017621374846135216,3.765747293472815e-05,0.0,0.5209469444361499
17QPF,20200927,S2A_MSIL2A_20200927T160521_N0500_R054_T17QPF_20230313T224033.zip,,0.1446525724864881,0.03763753272218739,0.0047222802844051615,2.654271220068945e-07,0.8129549337925223
17QPF,20201221,S2B_MSIL2A_20201221T160509_N0500_R054_T17QPF_20230301T141008.zip,,0.13370529626643574,0.030928065932097105,0.016785611195716005,0.0,0.8185810266057512
17QQE,20200103,S2B_MSIL2A_20200103T155519_N0500_R011_T17QQE_20230425T172614.zip,,0.0,0.020436826686042846,0.03336926552997502,0.0,0.9461846510131021
17QQE,20200328,S2A_MSIL2A_20200328T155521_N0500_R011_T17QQE_20230408T180355.zip,,0.0,0.08207467792077663,0.04896592911105139,0.0,0.8688850401956197
17QQE,20200407,S2A_MSIL2A_20200407T155521_N0500_R011_T17QQE_20230410T191514.zip,,0.0,0.06925000248837927,0.036487569716092516,0.0,0.8941642529387759
17QQE,20200417,S2A_MSIL2A_20200417T155531_N0500_R011_T17QQE_20230407T112750.zip,,0.0,0.036121247109332746,0.009973988142043325,0.0,0.95381959582085
17QQD,20200328,S2A_MSIL2A_20200328T155521_N0500_R011_T17QQD_20230408T180355.zip,,0.0,0.015483591627101436,0.014037909628700634,0.0,0.9704615114083894
17QQD,20200407,S2A_MSIL2A_20200407T155521_N0500_R011_T17QQD_20230410T191514.zip,,0.0,0.0034874137776583357,0.004409938918583548,0.0,0.9920734171419471
17QQD,20200412,S2B_MSIL2A_20200412T155519_N0500_R011_T17QQD_20230405T191544.zip,,0.0,0.0001539477307639988,3.0059621567280797e-05,0.0,0.9997922369202491
17QQD,20200417,S2A_MSIL2A_20200417T155531_N0500_R011_T17QQD_20230407T112750.zip,,0.0,0.0017130002886519952,0.001644818696686474,0.0,0.9966161691567048
17QRD,20201225,S2B_MSIL2A_20201225T154549_N0500_R111_T17QRD_20230301T210354.zip,,0.6488786699446917,0.000215360931118344,0.0003183798328472699,0.0,0.35058758929134276
18QTH,20191126,S2A_MSIL2A_20191126T154551_N0500_R111_T18QTH_20230615T113138.zip,,0.22249255974598625,0.011224581205769059,0.014988404152607325,0.0,0.7510696713016878
18QTH,20200103,S2B_MSIL2A_20200103T155519_N0500_R011_T18QTH_20230425T172614.zip,,0.4259479563770525,2.7604420688717025e-05,4.744509805873238e-06,0.0,0.574019694692453
18QTH,20200123,S2B_MSIL2A_20200123T155519_N0500_R011_T18QTH_20230426T031017.zip,,0.4227283917438894,0.00829526113052047,0.003360838218851298,0.0,0.5655861128529766
18QTH,20201220,S2A_MSIL2A_20201220T154551_N0500_R111_T18QTH_20230301T113351.zip,,0.2226431564593349,0.023283300320835035,0.024407019220241473,0.0,0.7294648657436439
18QTH,20201225,S2B_MSIL2A_20201225T154549_N0500_R111_T18QTH_20230301T210354.zip,,0.22968736002866613,0.02160035965375032,0.013684227988626448,0.0,0.734810601159253
18QUH,20200305,S2A_MSIL2A_20200305T154551_N0500_R111_T18QUH_20230411T034035.zip,,0.0,0.04363034628285905,0.02913265052206197,0.0,0.9266126854257285
18QUH,20200330,S2B_MSIL2A_20200330T154549_N0500_R111_T18QUH_20230409T211102.zip,,0.0,0.039976343807751134,0.029701925341986256,0.0,0.929558926480005
18QTH,20200204,S2A_MSIL2A_20200204T154541_N0500_R111_T18QTH_20230623T231856.zip,,0.23608189753849523,0.016485413120726208,0.012317344667071442,0.0,0.7348098048778869
18QTH,20200926,S2B_MSIL2A_20200926T154549_N0500_R111_T18QTH_20230319T153057.zip,,0.2260011745150149,0.05627635608375553,0.019300566355121583,0.0,0.6982952279521302
18QTH,20201029,S2B_MSIL2A_20201029T155529_N0500_R011_T18QTH_20230308T082050.zip,,0.43295546464676626,0.0026977349112975737,0.002557688926048686,0.0,0.5617685077355417
18QTH,20201130,S2A_MSIL2A_20201130T154551_N0500_R111_T18QTH_20230322T194334.zip,,0.22100839081489446,0.005498920043397334,0.005110898769413506,0.0,0.7683035225496929
17QRD,20190227,S2B_MSIL2A_20190227T155529_N0500_R011_T17QRD_20221214T155641.zip,,0.024562227729835004,0.06792087617492974,0.06026854589069047,0.0,0.8471743623942853
17QRD,20200103,S2B_MSIL2A_20200103T155519_N0500_R011_T17QRD_20230425T172614.zip,,0.02408382852080783,0.06093227958765897,0.06471574414152574,0.0,0.8502681477500075
17QRD,20200407,S2A_MSIL2A_20200407T155521_N0500_R011_T17QRD_20230410T191514.zip,,0.024440164432102084,0.03952982903175504,0.03494401146645167,0.0,0.9009574288074691
17QRD,20200409,S2B_MSIL2A_20200409T154549_N0500_R111_T17QRD_20230412T113845.zip,,0.6517262384663621,0.004249056904257119,0.002557589390877933,0.0,0.34146064545240395
17QRD,20200412,S2B_MSIL2A_20200412T155519_N0500_R011_T17QRD_20230405T191544.zip,,0.023763026665472246,0.00581866019024489,0.0006375891254508113,0.0,0.9696748849539318
17QRD,20200417,S2A_MSIL2A_20200417T155531_N0500_R011_T17QRD_20230407T112750.zip,,0.0271086360031984,0.030275181568740647,0.019175019326412322,0.0,0.9233549988221671
17QRD,20200929,S2B_MSIL2A_20200929T155529_N0500_R011_T17QRD_20230314T194908.zip,,0.026995862654735716,0.10646660097345396,0.08295095238569215,0.0,0.7835701938613342
17QRD,20201130,S2A_MSIL2A_20201130T154551_N0500_R111_T17QRD_20230322T194334.zip,,0.6406040789512975,3.424009873888938e-05,2.3954797761122226e-05,0.0,0.35933772615220255
18QUH,20201130,S2A_MSIL2A_20201130T154551_N0500_R111_T18QUH_20230322T194334.zip,,0.0,0.023274342155467302,0.034475399882548496,0.0,0.9422040404643648
18QUH,20201225,S2B_MSIL2A_20201225T154549_N0500_R111_T18QUH_20230301T210354.zip,,0.0,0.02847731095782695,0.03791105537141549,0.0,0.9332296508637994
18QUJ,20200130,S2B_MSIL2A_20200130T154539_N0500_R111_T18QUJ_20230426T043913.zip,,0.0,0.05615565310002289,0.0569411846676023,0.0,0.8867704486713713
18QUJ,20200921,S2A_MSIL2A_20200921T154551_N0500_R111_T18QUJ_20230314T174640.zip,,0.0,0.04688690482115189,0.036814741822356264,0.0,0.916254723773312
18QVJ,20200921,S2A_MSIL2A_20200921T154551_N0500_R111_T18QVJ_20230314T174640.zip,,0.0,0.026439560585399518,0.007976151373087681,0.0,0.9655418860587722
18QVJ,20201215,S2B_MSIL2A_20201215T154549_N0500_R111_T18QVJ_20230225T034753.zip,,0.0,0.026537270944688305,0.013298661915521183,0.0,0.9601640671397905
18QWH,20200201,S2A_MSIL2A_20200201T153611_N0500_R068_T18QWH_20230426T195929.zip,,0.00029017820113403736,0.06550018082222686,0.010222560641802781,0.0,0.9218463442390702
18QWH,20200206,S2B_MSIL2A_20200206T153619_N0500_R068_T18QWH_20230427T073701.zip,,0.00042813394779712076,0.10414892452248002,0.01574052508120411,0.0,0.8775156353164058
18QUJ,20201130,S2A_MSIL2A_20201130T154551_N0500_R111_T18QUJ_20230322T194334.zip,,0.0,0.03696228612380185,0.03634689334142886,0.0,0.9266895929343301
18QUJ,20201225,S2B_MSIL2A_20201225T154549_N0500_R111_T18QUJ_20230301T210354.zip,,0.0,0.03885308940580821,0.021899396485081338,0.0,0.9392420064963288
18QVH,20200130,S2B_MSIL2A_20200130T154539_N0500_R111_T18QVH_20230426T043913.zip,,0.0,0.05134196635047661,0.04389142703574308,0.0,0.9017005915706982
18QVH,20200214,S2A_MSIL2A_20200214T154541_N0500_R111_T18QVH_20230417T031309.zip,,0.0,0.05948500502652612,0.04460678630794191,0.0,0.8943188310589547
18QVH,20200409,S2B_MSIL2A_20200409T154549_N0500_R111_T18QVH_20230412T113845.zip,,0.0,0.043053871752250325,0.0038627609065663353,0.0,0.9517760724085189
18QVH,20201130,S2A_MSIL2A_20201130T154551_N0500_R111_T18QVH_20230322T194334.zip,,0.0,0.051488515300214664,0.04759386996061725,0.0,0.8992635724499919
18QVJ,20200130,S2B_MSIL2A_20200130T154539_N0500_R111_T18QVJ_20230426T043913.zip,,0.0,0.013711898766095666,0.00228565930438187,0.0,0.9839621301853677
18QVJ,20200325,S2A_MSIL2A_20200325T154551_N0500_R111_T18QVJ_20230409T193051.zip,,0.0,0.004463721089180195,0.002075805986045169,0.0,0.9934117670478864
18QWH,20200401,S2A_MSIL2A_20200401T153621_N0500_R068_T18QWH_20230417T143146.zip,,2.5116041419902388e-05,0.08118241147176021,0.021834234126628643,0.0,0.8965036612353642
18QWH,20200809,S2A_MSIL2A_20200809T153631_N0500_R068_T18QWH_20230317T002445.zip,,0.0,0.07171578727343307,0.007700239879761514,0.0,0.9205106817827413
20KNA,20200517,S2A_MSIL2A_20200517T141741_N0500_R010_T20KNA_20230619T145925.zip,,0.0,4.674835186346429e-05,0.0,0.0,0.9999532516481365
20KNA,20200701,S2B_MSIL2A_20200701T141739_N0500_R010_T20KNA_20230531T145912.zip,,0.0,3.473777459265231e-05,0.0,0.0,0.9999652622254074
20KNA,20200805,S2A_MSIL2A_20200805T141741_N0500_R010_T20KNA_20230421T151213.zip,,0.0,4.717967093672549e-05,0.0,0.0,0.9999528203290633
20KNA,20200810,S2B_MSIL2A_20200810T141739_N0500_R010_T20KNA_20230507T105004.zip,,0.0,3.895143015451176e-05,0.0,0.0,0.9999610485698455
20KNB,20200507,S2A_MSIL2A_20200507T141741_N0500_R010_T20KNB_20230508T081100.zip,,0.0,2.9097448250005808e-05,0.0,0.0,0.99997090255175
20KNB,20200517,S2A_MSIL2A_20200517T141741_N0500_R010_T20KNB_20230619T145925.zip,,0.0,3.2083503372583366e-05,0.0,0.0,0.9999679164966274
20KNB,20200701,S2B_MSIL2A_20200701T141739_N0500_R010_T20KNB_20230531T145912.zip,,0.0,2.803573976197823e-05,0.0,0.0,0.999971964260238
20KNB,20200805,S2A_MSIL2A_20200805T141741_N0500_R010_T20KNB_20230421T151213.zip,,0.0,3.0192335128284246e-05,0.0,0.0,0.9999698076648718
20KNC,20200810,S2B_MSIL2A_20200810T141739_N0500_R010_T20KNC_20230507T105004.zip,,0.0,1.6589195125430905e-05,0.0,0.0,0.9999799270738983
20KNC,20200825,S2A_MSIL2A_20200825T141741_N0500_R010_T20KNC_20230318T201716.zip,,0.0,1.410081585661627e-05,0.0,0.0,0.9999850697243872
20KNV,20200419,S2B_MSIL2A_20200419T141039_N0500_R110_T20KNV_20230522T171130.zip,,0.5821167149412245,1.43330645883723e-05,0.0,0.0,0.4178674921450161
20KNV,20200427,S2A_MSIL2A_20200427T141741_N0500_R010_T20KNV_20230418T220646.zip,,0.04275460267218755,4.684788703421687e-05,0.0,0.0,0.9571937385741919
20KNV,20200708,S2B_MSIL2A_20200708T141049_N0500_R110_T20KNV_20230613T111935.zip,,0.5774969890610847,2.806891815222909e-05,0.0,0.0,0.422474942020763
20KNV,20201004,S2A_MSIL2A_20201004T141741_N0500_R010_T20KNV_20230414T130137.zip,,0.04236883752874078,2.5945501176173936e-05,0.0,0.0,0.9576046529374488
20KPA,20200827,S2B_MSIL2A_20200827T141049_N0500_R110_T20KPA_20230429T125609.zip,,0.00011201024548690947,3.234893049459026e-05,0.0,0.0,0.9998550104346038
20KPA,20200926,S2B_MSIL2A_20200926T141049_N0500_R110_T20KPA_20230503T161316.zip,,1.5461129856901602e-05,2.75380639082153e-05,0.0,0.0,0.9999567685575032
20KPA,20201001,S2A_MSIL2A_20201001T141051_N0500_R110_T20KPA_20230414T152332.zip,,0.0,3.1021794884555794e-05,0.0,0.0,0.999968646421213
20KPB,20191022,S2B_MSIL2A_20191022T141049_N0500_R110_T20KPB_20230713T034418.zip,,0.10854990527569583,1.4465778149375749e-05,0.0,0.0,0.8914353303406425
20KNC,20200924,S2A_MSIL2A_20200924T141741_N0500_R010_T20KNC_20230423T003413.zip,,0.0,4.392818869214104e-05,0.0,0.0,0.9999560054545273
20KNC,20201103,S2A_MSIL2A_20201103T141741_N0500_R010_T20KNC_20230410T030725.zip,,0.0,1.1877863709808528e-05,0.0,0.0,0.9999881221362902
20KNV,20190727,S2B_MSIL2A_20190727T142049_N0500_R010_T20KNV_20230624T121136.zip,,0.042014525499251824,3.241528727509199e-05,0.0,0.0,0.9579530592134731
20KNV,20200308,S2A_MSIL2A_20200308T141731_N0500_R010_T20KNV_20230621T203156.zip,,0.03412563329252391,1.894486083324209e-05,0.0,0.0,0.9658468618219581
20KNV,20201019,S2B_MSIL2A_20201019T141739_N0500_R010_T20KNV_20230415T185130.zip,,0.5964053204866606,1.2176469222066283e-05,0.0,0.0,0.40358011420001927
20KNV,20201031,S2A_MSIL2A_20201031T141051_N0500_R110_T20KNV_20230312T122231.zip,,0.5600322493953238,8.659559855474932e-06,0.0,0.0,0.43995899150964995
20KNV,20201103,S2A_MSIL2A_20201103T141741_N0500_R010_T20KNV_20230410T030725.zip,,0.04224096801271396,1.8812147272238647e-05,0.0,0.0,0.9577376651039645
20KPA,20200419,S2B_MSIL2A_20200419T141039_N0500_R110_T20KPA_20230522T171130.zip,,0.0005757446060232049,2.843388044498857e-05,0.0,0.0,0.9993948261618243
20KPB,20200229,S2B_MSIL2A_20200229T141049_N0500_R110_T20KPB_20230628T155617.zip,,0.11205453863789437,2.624410668843169e-05,0.0,0.0,0.8879191508986367
20KPB,20200325,S2A_MSIL2A_20200325T141041_N0500_R110_T20KPB_20230615T052844.zip,,0.10969734672413164,2.1930915955819657e-05,0.0,0.0,0.8902804237544003
20KPB,20200926,S2B_MSIL2A_20200926T141049_N0500_R110_T20KPB_20230503T161316.zip,,0.1042234100085932,2.3191694785352405e-05,0.0,0.0,0.8957532987614507
20KPB,20201001,S2A_MSIL2A_20201001T141051_N0500_R110_T20KPB_20230414T152332.zip,,0.09648654118599474,2.7571242298466163e-05,0.0,0.0,0.903485788036536
20KPC,20190123,S2A_MSIL2A_20190123T142031_N0500_R010_T20KPC_20221213T084931.zip,,0.3094470489480791,7.232889074687874e-06,0.0,0.0,0.6905457181628462
20KPC,20200229,S2B_MSIL2A_20200229T141049_N0500_R110_T20KPC_20230628T155617.zip,,0.3357318323429584,1.2508253124574902e-05,0.0,0.0,0.6642556594039171
20KPC,20200308,S2A_MSIL2A_20200308T141731_N0500_R010_T20KPC_20230621T203156.zip,,0.3003980079694493,1.0716620051028365e-05,0.0,0.0,0.6995912754104996
20KPC,20200810,S2B_MSIL2A_20200810T141739_N0500_R010_T20KPC_20230507T105004.zip,,0.30355496498020906,1.284003702708352e-05,0.0,0.0,0.6964321949827639
20KPC,20201103,S2A_MSIL2A_20201103T141741_N0500_R010_T20KPC_20230410T030725.zip,,0.31493356027352265,8.394132733468037e-06,0.0,0.0,0.6850580455937438
20KPC,20201113,S2A_MSIL2A_20201113T141741_N0500_R010_T20KPC_20230410T192826.zip,,0.3144190297975123,6.469786098918053e-06,0.0,0.0,0.6855745004163888
20KPC,20201128,S2B_MSIL2A_20201128T141739_N0500_R010_T20KPC_20230414T035628.zip,,0.9968842505499318,0.0,0.0,0.0,0.0031157494500681816
20KPD,20190123,S2A_MSIL2A_20190123T142031_N0500_R010_T20KPD_20221213T084931.zip,,0.10138931191336459,1.045119292902147e-05,0.0,0.0,0.8986002368937064
20KPD,20201103,S2A_MSIL2A_20201103T141741_N0500_R010_T20KPD_20230410T030725.zip,,0.10664539931851587,1.3105464149090414e-05,0.0,0.0,0.8933414620389448
20KPD,20201105,S2B_MSIL2A_20201105T141049_N0500_R110_T20KPD_20230303T003407.zip,,0.5553296107179472,8.360954343217175e-06,0.0,0.0,0.44466202832770957
20KPD,20201128,S2B_MSIL2A_20201128T141739_N0500_R010_T20KPD_20230414T035628.zip,,0.22464942053941428,0.00027723862893620126,0.0002042461703843053,0.0,0.7748690946612652
20KPU,20200105,S2A_MSIL2A_20200105T141041_N0500_R110_T20KPU_20230421T215036.zip,,0.0,3.132040039681355e-05,0.0,0.0,0.9999678833182372
20KPB,20201103,S2A_MSIL2A_20201103T141741_N0500_R010_T20KPB_20230410T030725.zip,,0.5228898046124598,6.071645415907711e-06,0.0,0.0,0.4771041237421243
20KPB,20201113,S2A_MSIL2A_20201113T141741_N0500_R010_T20KPB_20230410T192826.zip,,0.5222996274066775,6.801570001426671e-06,0.0,0.0,0.47769353784493085
20KPB,20201128,S2B_MSIL2A_20201128T141739_N0500_R010_T20KPB_20230402T095008.zip,,0.5138737097753491,7.066997123433565e-06,0.0,0.0,0.48611922322752743
20KPB,20201210,S2A_MSIL2A_20201210T141041_N0500_R110_T20KPB_20230302T132303.zip,,0.11123874837840618,1.924346634549985e-05,0.0,0.0,0.8887420081552483
20KPD,20200308,S2A_MSIL2A_20200308T141731_N0500_R010_T20KPD_20230621T203156.zip,,0.09299441607692079,3.0059621567280797e-05,0.0,0.0,0.9069754911231217
20KPD,20200419,S2B_MSIL2A_20200419T141039_N0500_R110_T20KPD_20230522T171130.zip,,0.5648145162093026,3.649622927594799e-06,0.0,0.0,0.43518183416776984
20KPD,20200827,S2B_MSIL2A_20200827T141049_N0500_R110_T20KPD_20230429T125609.zip,,0.5552407258104651,7.5978513674473545e-06,0.0,0.0,0.4447285841785528
20KPD,20200924,S2A_MSIL2A_20200924T141741_N0500_R010_T20KPD_20230423T003413.zip,,0.10683610870567782,1.154607980729991e-05,0.0,0.0,0.8930792532207922
20KQA,20200827,S2B_MSIL2A_20200827T141049_N0500_R110_T20KQA_20230429T125609.zip,,0.0,3.6927548349209193e-05,0.0,0.0,0.9999613471753578
20KQA,20200926,S2B_MSIL2A_20200926T141049_N0500_R110_T20KQA_20230503T161316.zip,,0.0,2.843388044498857e-05,0.0,0.0,0.9999713338708233
20KQA,20201001,S2A_MSIL2A_20201001T141051_N0500_R110_T20KQA_20230414T152332.zip,,0.0,2.660906898119117e-05,0.0,0.0,0.999973291395848
20KQB,20200229,S2B_MSIL2A_20200229T141049_N0500_R110_T20KQB_20230628T155617.zip,,0.0,2.3357586736606712e-05,0.0,0.0,0.9999765760564829
20KPV,20200802,S2A_MSIL2A_20200802T141051_N0500_R110_T20KPV_20230421T075947.zip,,0.0,4.751145483923411e-05,0.0,0.0,0.9999524885451607
20KPV,20200926,S2B_MSIL2A_20200926T141049_N0500_R110_T20KPV_20230503T161316.zip,,0.0,2.3158516395101543e-05,0.0,0.0,0.9999765760564829
20KPV,20201001,S2A_MSIL2A_20201001T141051_N0500_R110_T20KPV_20230414T152332.zip,,0.0,3.0557297421043725e-05,0.0,0.0,0.9999673192856029
20KQA,20200807,S2B_MSIL2A_20200807T141049_N0500_R110_T20KQA_20230419T085718.zip,,0.0,4.263423147235743e-05,0.0,0.0,0.9999573657685277
20KPU,20200926,S2B_MSIL2A_20200926T141049_N0500_R110_T20KPU_20230503T161316.zip,,0.0,2.508286302965153e-05,0.0,0.0,0.9999714002276038
20KPU,20201031,S2A_MSIL2A_20201031T141051_N0500_R110_T20KPU_20230312T122231.zip,,0.0,2.956194571351787e-05,0.0,0.0,0.9999594560071134
20KPU,20201210,S2A_MSIL2A_20201210T141041_N0500_R110_T20KPU_20230302T132303.zip,,0.0,2.2992624443847233e-05,0.0,0.0,0.9999751825640923
20KPV,20200703,S2A_MSIL2A_20200703T141051_N0500_R110_T20KPV_20230614T065311.zip,,0.0,6.0451027037070216e-05,0.0,0.0,0.9999395489729629
20KQB,20200325,S2A_MSIL2A_20200325T141041_N0500_R110_T20KQB_20230615T052844.zip,,0.0,2.0570601955534322e-05,0.0,0.0,0.9999790644357517
20KQB,20200419,S2B_MSIL2A_20200419T141039_N0500_R110_T20KQB_20230522T171130.zip,,0.0,3.0789546152799756e-05,0.0,0.0,0.9999683146373104
20KQB,20200718,S2B_MSIL2A_20200718T141049_N0500_R110_T20KQB_20230424T000215.zip,,0.0,4.4459042936154824e-05,0.0,0.0,0.9999555409570638
20KQC,20200229,S2B_MSIL2A_20200229T141049_N0500_R110_T20KQC_20230628T155617.zip,,0.0,2.0968742638544664e-05,0.0,0.0,0.9999789980789712
20KQC,20200419,S2B_MSIL2A_20200419T141039_N0500_R110_T20KQC_20230522T171130.zip,,0.0,1.8513541759980888e-05,0.0,0.0,0.999981088317557
20KQC,20200827,S2B_MSIL2A_20200827T141049_N0500_R110_T20KQC_20230429T125609.zip,,0.0,2.5381468541909284e-05,0.0,0.0,0.9998192773083036
20KQC,20201105,S2B_MSIL2A_20201105T141049_N0500_R110_T20KQC_20230303T003407.zip,,0.0,2.183138078506707e-05,0.0,0.0,0.999978168619215
20KQD,20200229,S2B_MSIL2A_20200229T141049_N0500_R110_T20KQD_20230628T155617.zip,,0.0,1.8778968881987785e-05,0.0,0.0,0.9999731255038968
20KQU,20200419,S2B_MSIL2A_20200419T141039_N0500_R110_T20KQU_20230522T171130.zip,,0.0,3.4206920348638525e-05,0.0,0.0,0.9999384540860846
20KQU,20200519,S2B_MSIL2A_20200519T141049_N0500_R110_T20KQU_20230403T024106.zip,,0.0,3.7259332251717814e-05,0.0,0.0,0.9999627406677483
20KQU,20200718,S2B_MSIL2A_20200718T141049_N0500_R110_T20KQU_20230424T000215.zip,,0.0,3.812197039824022e-05,0.0,0.0,0.9999618780296018
20KQV,20200827,S2B_MSIL2A_20200827T141049_N0500_R110_T20KQV_20230429T125609.zip,,0.0,2.0338353223778288e-05,0.0,0.0,0.999978301332776
20KQD,20200827,S2B_MSIL2A_20200827T141049_N0500_R110_T20KQD_20230429T125609.zip,,0.0,1.7750438784211067e-05,0.0,0.0,0.9998485406485048
20KQD,20201120,S2A_MSIL2A_20201120T141051_N0500_R110_T20KQD_20230402T023352.zip,,0.0,1.907757439424554e-05,0.0,0.0,0.9999787658302395
20KQD,20201210,S2A_MSIL2A_20201210T141041_N0500_R110_T20KQD_20230302T132303.zip,,0.0,1.884532566248951e-05,0.0,0.0,0.9999806569984837
20KQU,20200325,S2A_MSIL2A_20200325T141041_N0500_R110_T20KQU_20230615T052844.zip,,0.0,2.9097448250005808e-05,0.0,0.0,0.9999537161456
20KQV,20200926,S2B_MSIL2A_20200926T141049_N0500_R110_T20KQV_20230503T161316.zip,,0.0,2.587914439567221e-05,0.0,0.0,0.999973822250092
20KQV,20201001,S2A_MSIL2A_20201001T141051_N0500_R110_T20KQV_20230414T152332.zip,,0.0,3.5534055958673e-05,0.0,0.0,0.9999642005169194
20KQV,20201210,S2A_MSIL2A_20201210T141041_N0500_R110_T20KQV_20230302T132303.zip,,0.0,2.4717900736892046e-05,0.0,0.0,0.9999752157424826
20KRA,20200229,S2B_MSIL2A_20200229T141049_N0500_R110_T20KRA_20230628T155617.zip,,0.1649022066947356,2.365619224886447e-05,2.3224873175603265e-06,0.0,0.8350533674407186
20KRA,20200411,S2A_MSIL2A_20200411T140051_N0500_R067_T20KRA_20230509T131507.zip,,0.4297703723610738,4.286648020411346e-05,1.2408717953822316e-05,0.0,0.5701557061854473
20KRA,20200414,S2A_MSIL2A_20200414T141051_N0500_R110_T20KRA_20230509T142131.zip,,0.17170235002538148,0.00022713925965739995,0.000595419391441966,0.0,0.8274594974801013
20KRA,20200524,S2A_MSIL2A_20200524T141051_N0500_R110_T20KRA_20230502T223141.zip,,0.18171187222338347,8.098845060235368e-05,0.0,0.0,0.8182071393260142
20KRA,20200615,S2B_MSIL2A_20200615T140059_N0500_R067_T20KRA_20230427T174412.zip,,0.43291103878222037,4.1373452642824676e-05,0.0,0.0,0.5670475877651369
20KRA,20200926,S2B_MSIL2A_20200926T141049_N0500_R110_T20KRA_20230503T161316.zip,,0.1728571238980627,3.682801317845661e-05,0.0,0.0,0.8271048868451001
20KRA,20201001,S2A_MSIL2A_20201001T141051_N0500_R110_T20KRA_20230414T152332.zip,,0.1772336189992734,3.6098088592937645e-05,0.0,0.0,0.8227282258519382
20KRA,20201008,S2A_MSIL2A_20201008T140101_N0500_R067_T20KRA_20230309T141818.zip,,0.4236155155424169,2.7571242298466163e-05,0.0,0.0,0.5763569132152846
20KRB,20200414,S2A_MSIL2A_20200414T141051_N0500_R110_T20KRB_20230509T142131.zip,,0.010450695253167707,3.224939532383768e-05,0.0,0.0,0.9895153300752154
20KRB,20200615,S2B_MSIL2A_20200615T140059_N0500_R067_T20KRB_20230427T174412.zip,,0.6723333698295626,1.284003702708352e-05,0.0,0.0,0.3276537901334103
20KRB,20200829,S2A_MSIL2A_20200829T140101_N0500_R067_T20KRB_20230503T014529.zip,,0.6662250291140375,1.0583906490024916e-05,0.0,0.0,0.333764320622692
20KRB,20200923,S2B_MSIL2A_20200923T140059_N0500_R067_T20KRB_20230421T171438.zip,,0.6719899071336857,1.2806858636832658e-05,0.0,0.0,0.3279970537589457
20KRB,20200926,S2B_MSIL2A_20200926T141049_N0500_R110_T20KRB_20230503T161316.zip,,0.01071340174717403,0.00012385493080646712,0.0,0.0,0.989162676965239
20KRC,20200827,S2B_MSIL2A_20200827T141049_N0500_R110_T20KRC_20230429T125609.zip,,0.0,2.325805156585413e-05,0.0,0.0,0.9999755807047753
20KRC,20201001,S2A_MSIL2A_20201001T141051_N0500_R110_T20KRC_20230414T152332.zip,,0.0,3.8088792007989355e-05,0.0,0.0,0.9999614467105284
20KRD,20200419,S2B_MSIL2A_20200419T141039_N0500_R110_T20KRD_20230522T171130.zip,,0.0,1.765090361345848e-05,0.0,0.0,0.9999812873878985
20KRD,20200509,S2B_MSIL2A_20200509T141049_N0500_R110_T20KRD_20230620T062913.zip,,0.0,1.98074989797645e-05,0.0,0.0,0.9999794625764347
20KRB,20201001,S2A_MSIL2A_20201001T141051_N0500_R110_T20KRB_20230414T152332.zip,,0.012080351425509537,2.4751079127142908e-05,0.0,0.0,0.9878946984250219
20KRB,20201006,S2B_MSIL2A_20201006T141049_N0500_R110_T20KRB_20230414T013435.zip,,0.010714596169223062,3.5733126300178166e-05,0.0,0.0,0.9892496375260865
20KRC,20200718,S2B_MSIL2A_20200718T141049_N0500_R110_T20KRC_20230424T000215.zip,,0.0,3.769065132497902e-05,0.0,0.0,0.999962309348675
20KRC,20200807,S2B_MSIL2A_20200807T141049_N0500_R110_T20KRC_20230419T085718.zip,,0.0,3.669529961745316e-05,0.0,0.0,0.9999632051652118
20KRD,20200718,S2B_MSIL2A_20200718T141049_N0500_R110_T20KRD_20230424T000215.zip,,0.0,1.8414006589228305e-05,0.0,0.0,0.9999815859934108
20KRD,20200827,S2B_MSIL2A_20200827T141049_N0500_R110_T20KRD_20230429T125609.zip,,0.0,1.9873855760266222e-05,0.0,0.0,0.9999796616467762
21JTN,20200322,S2A_MSIL2A_20200322T140051_N0500_R067_T21JTN_20230601T185911.zip,,0.0,3.782336488598246e-05,0.0,0.0,0.9999236233456426
21JTN,20200411,S2A_MSIL2A_20200411T140051_N0500_R067_T21JTN_20230509T131507.zip,,0.0,3.8221505568992804e-05,0.0,0.0,0.999893928686368
21JUK,20200223,S2B_MSIL2A_20200223T135109_N0500_R024_T21JUK_20230613T133745.zip,,0.42149312709645953,3.470459620240145e-05,0.0,0.0,0.5783974173941029
21JUK,20200322,S2A_MSIL2A_20200322T140051_N0500_R067_T21JUK_20230601T185911.zip,,0.07489434341624614,9.7478110557032e-05,0.0,0.0,0.9247940451425177
21JUK,20200324,S2B_MSIL2A_20200324T135109_N0500_R024_T21JUK_20230601T035643.zip,,0.4232472685890226,2.491697107839722e-05,0.0,0.0,0.5766266535280241
21JUK,20200809,S2A_MSIL2A_20200809T140101_N0500_R067_T21JUK_20230422T105245.zip,,0.08248443104037478,0.00014240165095669887,0.0,0.0,0.9173731673086685
21JTN,20201207,S2A_MSIL2A_20201207T140051_N0500_R067_T21JTN_20230325T230655.zip,,0.0,2.5281933371156698e-05,0.0,0.0,0.9999471136459401
21JTN,20201222,S2B_MSIL2A_20201222T140049_N0500_R067_T21JTN_20230305T120758.zip,,0.0,2.236223502908086e-05,0.0,0.0,0.9997972800355672
21JUK,20190929,S2B_MSIL2A_20190929T140049_N0500_R067_T21JUK_20230630T110930.zip,,0.07824390098241213,3.9847246691285035e-05,4.711331415622377e-06,0.0,0.9213697698415069
21JUK,20200124,S2B_MSIL2A_20200124T134639_N0500_R024_T21JUK_20230430T003530.zip,,0.42724735485283727,3.569994790992731e-05,0.0,0.0,0.5726753726762684
21JUK,20200824,S2B_MSIL2A_20200824T140059_N0500_R067_T21JUK_20230509T050916.zip,,0.07802877230002554,0.00011071628826712586,4.853998493701083e-05,0.0,0.9218119714267703
21JUK,20200928,S2A_MSIL2A_20200928T140101_N0500_R067_T21JUK_20230425T105640.zip,,0.08808766394272083,5.7630863865746964e-05,9.953517075258543e-08,0.0,0.911569636464378
21JUL,20200322,S2A_MSIL2A_20200322T140051_N0500_R067_T21JUL_20230601T185911.zip,,0.0,7.40209886496727e-05,0.0,0.0,0.9997741546975624
21JUL,20200526,S2B_MSIL2A_20200526T140059_N0500_R067_T21JUL_20230504T135915.zip,,6.635678050172362e-08,6.884515977053825e-05,4.581935693644016e-05,0.0,0.9998852691265125
21JUM,20200824,S2B_MSIL2A_20200824T140059_N0500_R067_T21JUM_20230509T050916.zip,,0.0,7.501634035719855e-05,0.0,0.0,0.9995516272341498
21JUM,20200923,S2B_MSIL2A_20200923T140059_N0500_R067_T21JUM_20230421T171438.zip,,0.0,5.630372825571249e-05,0.0,0.0,0.9997553757286805
21JUN,20200317,S2B_MSIL2A_20200317T140049_N0500_R067_T21JUN_20230627T191704.zip,,0.0,5.909071303678488e-05,6.96746195268098e-06,0.0,0.9997117793238908
21JUN,20200322,S2A_MSIL2A_20200322T140051_N0500_R067_T21JUN_20230601T185911.zip,,0.0,3.958181956927814e-05,0.0,0.0,0.9999325815110103
21JUN,20200421,S2A_MSIL2A_20200421T140051_N0500_R067_T21JUN_20230522T022854.zip,,0.0,4.276694503336087e-05,0.0,0.0,0.9998680495419723
21JUN,20200615,S2B_MSIL2A_20200615T140059_N0500_R067_T21JUN_20230427T174412.zip,,0.0,5.149286166933753e-05,0.0,0.0,0.9999485071383306
21JVK,20190825,S2A_MSIL2A_20190825T140051_N0500_R067_T21JVK_20230721T042910.zip,,0.9681469205477089,0.021813066313648596,0.00019711281648037001,0.0,0.00984290032216217
21JVK,20200124,S2B_MSIL2A_20200124T134639_N0500_R024_T21JVK_20230430T003530.zip,,0.0,6.05505622078228e-05,0.0,0.0,0.9997368290085301
21JVK,20200223,S2B_MSIL2A_20200223T135109_N0500_R024_T21JVK_20230613T133745.zip,,0.0,9.014568631159154e-05,0.0,0.0,0.999539351229757
21JVK,20200314,S2B_MSIL2A_20200314T135109_N0500_R024_T21JVK_20230627T053558.zip,,0.0,0.00011765057182955597,0.0,0.0,0.9993415748454717
21JVK,20200324,S2B_MSIL2A_20200324T135109_N0500_R024_T21JVK_20230601T035643.zip,,0.0,5.895799947578143e-05,1.0550728099774056e-05,0.0,0.9994439965361761
21JVL,20200223,S2B_MSIL2A_20200223T135109_N0500_R024_T21JVL_20230613T133745.zip,,0.0,2.7637599078967887e-05,0.0,0.0,0.999866158373728
21JVL,20200324,S2B_MSIL2A_20200324T135109_N0500_R024_T21JVL_20230601T035643.zip,,0.0,3.795607844698591e-05,0.0,0.0,0.9998477443671387
21JVL,20200423,S2B_MSIL2A_20200423T135109_N0500_R024_T21JVL_20230407T041511.zip,,0.0,5.006619088855047e-05,0.0,0.0,0.9999499338091115
21JVL,20201010,S2B_MSIL2A_20201010T135119_N0500_R024_T21JVL_20230404T135025.zip,,0.0,5.816171810976075e-05,0.0,0.0,0.9998144664417172
21JVM,20200324,S2B_MSIL2A_20200324T135109_N0500_R024_T21JVM_20230601T035643.zip,,0.007217427944830972,4.07430632280583e-05,4.771052518073928e-05,0.0,0.9926272971887949
21JUL,20200620,S2A_MSIL2A_20200620T140101_N0500_R067_T21JUL_20230428T223657.zip,,0.0,9.167189226313118e-05,0.0,0.0,0.9999083281077369
21JUL,20200824,S2B_MSIL2A_20200824T140059_N0500_R067_T21JUL_20230509T050916.zip,,0.0,0.00014051048271239975,4.976758537629271e-06,0.0,0.9998545127587499
21JUM,20200416,S2B_MSIL2A_20200416T140049_N0500_R067_T21JUM_20230518T234155.zip,,0.0,3.639669410519541e-05,8.460489513969761e-06,0.0,0.9997731261674646
21JUM,20200516,S2B_MSIL2A_20200516T140049_N0500_R067_T21JUM_20230428T084138.zip,,0.0,4.9999834108048744e-05,1.9907034150517085e-06,0.0,0.9999480094624769
21JVM,20200423,S2B_MSIL2A_20200423T135109_N0500_R024_T21JVM_20230407T041511.zip,,0.008791974810966122,6.201041137886072e-05,0.0,0.0,0.9911305868261884
21JVM,20200615,S2B_MSIL2A_20200615T140059_N0500_R067_T21JVM_20230427T174412.zip,,0.6033631938845591,3.165218429932216e-05,1.3271356100344724e-07,0.0,0.39660502121758057
21JVM,20200923,S2B_MSIL2A_20200923T140059_N0500_R067_T21JVM_20230421T171438.zip,,0.6034264982531578,4.18711284965876e-05,0.0,0.0,0.3964621550691603
21JVM,20200930,S2B_MSIL2A_20200930T135119_N0500_R024_T21JVM_20230403T001655.zip,,0.9036830667449677,1.4233529417619716e-05,0.0,0.0,0.09630266654722446
21JVN,20200930,S2B_MSIL2A_20200930T135119_N0500_R024_T21JVN_20230315T012321.zip,,0.14565379676908835,4.548757303393154e-05,0.0,0.0,0.8542132574211765
21JVN,20201010,S2B_MSIL2A_20201010T135119_N0500_R024_T21JVN_20230404T135025.zip,,0.14573730677734978,5.5142484596932326e-05,0.0,0.0,0.8540578830196317
21JWK,20200124,S2B_MSIL2A_20200124T134639_N0500_R024_T21JWK_20230430T003530.zip,,0.0,3.633033732469368e-05,0.0,0.0,0.9995819854612293
21JWK,20200228,S2A_MSIL2A_20200228T135111_N0500_R024_T21JWK_20230613T084455.zip,,0.0,0.00010298572333867505,6.605817498946587e-05,0.0,0.9994569029299837
21JVM,20201010,S2B_MSIL2A_20201010T135119_N0500_R024_T21JVM_20230404T135025.zip,,0.005048855179644394,5.0928829035072875e-05,3.317839025086181e-08,0.0,0.9948059893630081
21JVN,20191011,S2A_MSIL2A_20191011T135121_N0500_R024_T21JVN_20230710T064832.zip,,0.13808116097823167,3.0789546152799756e-05,0.0,0.0,0.86174843480944
21JVN,20200423,S2B_MSIL2A_20200423T135109_N0500_R024_T21JVN_20230407T041511.zip,,0.16161250294458213,4.110802552081778e-05,0.0,0.0,0.838346389029897
21JVN,20200508,S2A_MSIL2A_20200508T135121_N0500_R024_T21JVN_20230401T165409.zip,,0.3338512811835395,0.00012594516939227142,2.000656932126967e-05,0.0,0.666002767077747
21JWM,20200203,S2B_MSIL2A_20200203T134639_N0500_R024_T21JWM_20230616T225522_MASK.tif,no_SCL,,,,,
21JWM,20200930,S2B_MSIL2A_20200930T135119_N0500_R024_T21JWM_20230315T012321.zip,,0.0,2.8500237225490294e-05,0.0,0.0,0.9998783680213403
21JWM,20201104,S2A_MSIL2A_20201104T135121_N0500_R024_T21JWM_20230409T150742.zip,,0.0,2.7471707127713577e-05,0.0,0.0,0.9998385207746491
21JWM,20201119,S2B_MSIL2A_20201119T135119_N0500_R024_T21JWM_20230405T084337.SAFE,,0.0,2.130052654105328e-05,0.0,0.0,0.9998715000945584
21JVN,20200809,S2A_MSIL2A_20200809T140101_N0500_R067_T21JVN_20230422T105245.zip,,0.4066472573083699,4.781006035149187e-05,0.0,0.0,0.5933049326312786
21JVN,20200824,S2B_MSIL2A_20200824T140059_N0500_R067_T21JVN_20230509T050916.zip,,0.40193045145835615,4.452539971665655e-05,7.033818733182704e-06,0.0,0.597885342118971
21JVN,20200826,S2A_MSIL2A_20200826T135121_N0500_R024_T21JVN_20230316T085749.zip,,0.1427620014532135,8.89512642625605e-05,3.3841958055879045e-06,0.0,0.8570129827041052
21JVN,20200918,S2A_MSIL2A_20200918T140101_N0500_R067_T21JVN_20230422T195142.zip,,0.4113533797167229,9.850664065480871e-05,0.0,0.0,0.5884025268662015
21JWL,20201104,S2A_MSIL2A_20201104T135121_N0500_R024_T21JWL_20230409T150742.zip,,0.0,5.673504732897369e-05,2.8632950786493742e-05,0.0,0.9996670548538326
21JWL,20201209,S2B_MSIL2A_20201209T135109_N0500_R024_T21JWL_20230325T212232.zip,,0.0,2.713992322520496e-05,0.0,0.0,0.9997859330261014
21JWM,20200203,S2B_MSIL2A_20200203T134639_N0500_R024_T21JWM_20230616T225522.SAFE,,0.0,2.013928288227312e-05,1.7916330735465378e-05,0.0,0.9997840750362474
21JWM,20200203,S2B_MSIL2A_20200203T134639_N0500_R024_T21JWM_20230616T225522.zip,,0.0,2.013928288227312e-05,1.7916330735465378e-05,0.0,0.9997840750362474
21JWK,20200324,S2B_MSIL2A_20200324T135109_N0500_R024_T21JWK_20230601T035643.zip,,0.0,5.461163035291854e-05,6.96746195268098e-06,0.0,0.9995410101492695
21JWK,20200806,S2A_MSIL2A_20200806T135121_N0500_R024_T21JWK_20230422T000447.zip,,0.0,9.983377626484318e-05,0.0,0.0,0.9999001662237351
21JWL,20200223,S2B_MSIL2A_20200223T135109_N0500_R024_T21JWL_20230613T133745.zip,,0.0,2.956194571351787e-05,0.0,0.0,0.9996979439351562
21JWL,20201010,S2B_MSIL2A_20201010T135119_N0500_R024_T21JWL_20230404T135025.zip,,0.0,3.9847246691285035e-05,0.0,0.0,0.9996570349799768
21JXK,20200314,S2B_MSIL2A_20200314T135109_N0500_R024_T21JXK_20230627T053558.zip,,0.5424471385297328,9.853981904505958e-06,0.0,0.0,0.45732850919539086
21JXK,20200324,S2B_MSIL2A_20200324T135109_N0500_R024_T21JXK_20230601T035643.zip,,0.5418004585253533,1.2375539563571454e-05,0.0,0.0,0.45800690774085023
21JXK,20201010,S2B_MSIL2A_20201010T135119_N0500_R024_T21JXK_20230404T135025.zip,,0.5521498601530851,1.2674145075829211e-05,0.0,0.0,0.44762432772286753
21JXK,20201012,S2A_MSIL2A_20201012T134221_N0500_R124_T21JXK_20230415T210834.zip,,0.0075747260294425035,2.7803491030222194e-05,0.0,0.0,0.9918705312855631
21JWM,20201119,S2B_MSIL2A_20201119T135119_N0500_R024_T21JWM_20230405T084337.zip,,0.0,2.130052654105328e-05,0.0,0.0,0.9998715000945584
21JWM,20201119,S2B_MSIL2A_20201119T135119_N0500_R024_T21JWM_20230405T084337_MASK.tif,no_SCL,,,,,
21JWN,20201020,S2B_MSIL2A_20201020T135119_N0500_R024_T21JWN_20230413T173251.zip,,0.0,8.805544772578724e-05,9.289949270241307e-05,0.0,0.999798043138543
21JWN,20201104,S2A_MSIL2A_20201104T135121_N0500_R024_T21JWN_20230409T150742.zip,,0.0,3.1983968201830784e-05,0.0,0.0,0.999954777854088
21JWN,20201119,S2B_MSIL2A_20201119T135119_N0500_R024_T21JWN_20230405T084337.zip,,0.0,2.806891815222909e-05,0.0,0.0,0.9999625415974068
21JWN,20201209,S2B_MSIL2A_20201209T135109_N0500_R024_T21JWN_20230325T212232.zip,,0.0,2.4618365566139463e-05,0.0,0.0,0.9999644991224316
21JXK,20190923,S2B_MSIL2A_20190923T134209_N0500_R124_T21JXK_20230704T023633.zip,,0.011888082654005793,4.9502158254285817e-05,0.0,0.0,0.9874587343771255
21JXK,20200301,S2B_MSIL2A_20200301T134209_N0500_R124_T21JXK_20230412T171522.zip,,0.012122388445957378,2.9296518591510977e-05,1.3271356100344723e-05,0.0,0.9874337510492666
21JXK,20201106,S2B_MSIL2A_20201106T134209_N0500_R124_T21JXK_20230411T102127.zip,,0.0112280649367454,2.146641849230759e-05,0.0,0.0,0.9883905162889307
21JXK,20201211,S2A_MSIL2A_20201211T134211_N0500_R124_T21JXK_20230302T113253.zip,,0.010550263602310542,1.9376179906503295e-05,0.0,0.0,0.988987428707934
21JXL,20191122,S2B_MSIL2A_20191122T134209_N0500_R124_T21JXL_20230614T134851.zip,,0.18707645296465505,0.3390418080895551,0.004400118115069293,0.0,0.4693413094183496
21JXL,20200301,S2B_MSIL2A_20200301T134209_N0500_R124_T21JXL_20230412T171522.zip,,0.18373893915415013,2.5646895663916177e-05,3.8818716593508316e-06,0.0,0.8159888321538415
21JXL,20201030,S2B_MSIL2A_20201030T135119_N0500_R024_T21JXL_20230413T163015.zip,,0.33706231897040817,2.1200991370300695e-05,0.0,0.0,0.6628267656709832
21JXL,20201104,S2A_MSIL2A_20201104T135121_N0500_R024_T21JXL_20230409T150742.zip,,0.341877399212345,1.303910736858869e-05,6.635678050172362e-08,0.0,0.6580197477778773
21JXL,20201106,S2B_MSIL2A_20201106T134209_N0500_R124_T21JXL_20230411T102127.zip,,0.18093174873341494,2.7969382981476505e-05,0.0,0.0,0.8188458233383432
21JXM,20191001,S2A_MSIL2A_20191001T135111_N0500_R024_T21JXM_20230710T120214.zip,,0.12662751616617066,2.3191694785352405e-05,0.0,0.0,0.8726024797528873
21JXL,20200314,S2B_MSIL2A_20200314T135109_N0500_R024_T21JXL_20230627T053558.zip,,0.329731255038968,9.754446733753372e-06,0.0,0.0,0.6701209020540742
21JXL,20201007,S2B_MSIL2A_20201007T134219_N0500_R124_T21JXL_20230331T235128.zip,,0.17596016602466483,5.3151781181880616e-05,0.0,0.0,0.8232670097312219
21JXL,20201012,S2A_MSIL2A_20201012T134221_N0500_R124_T21JXL_20230415T210834.zip,,0.16706659898275056,2.5414646932160146e-05,0.0,0.0,0.8325498920043397
21JXL,20201022,S2A_MSIL2A_20201022T134221_N0500_R124_T21JXL_20230415T221547.zip,,0.16914061333572217,1.891168244299123e-05,0.0,0.0,0.8305739861513399
21JXM,20200324,S2B_MSIL2A_20200324T135109_N0500_R024_T21JXM_20230601T035643.zip,,0.11570001426670781,2.385526259036964e-05,0.0,0.0,0.8839451760279495
21JXM,20200420,S2B_MSIL2A_20200420T134209_N0500_R124_T21JXM_20230518T094743.zip,,0.4234450117949177,2.1234169760551557e-05,0.0,0.0,0.5765299385204429
21JXM,20200423,S2B_MSIL2A_20200423T135109_N0500_R024_T21JXM_20230407T041511.zip,,0.10937316067299047,2.425340327337998e-05,0.0,0.0,0.890598869944028
21JXM,20200503,S2B_MSIL2A_20200503T135109_N0500_R024_T21JXM_20230331T174420.zip,,0.11833869164335885,3.3377460592366977e-05,0.0,0.0,0.8816175460599003
21JXN,20200306,S2A_MSIL2A_20200306T134211_N0500_R124_T21JXN_20230620T000108.zip,,0.6486347755979576,1.3636318393104204e-05,0.0,0.0,0.350961244322348
21JXN,20200324,S2B_MSIL2A_20200324T135109_N0500_R024_T21JXN_20230601T035643.zip,,0.0007871241303114456,2.219634307782655e-05,0.0,0.0,0.9985830173091662
21JXN,20200408,S2A_MSIL2A_20200408T135111_N0500_R024_T21JXN_20230426T012514.zip,,0.001446046960693561,3.1851254640827335e-05,0.0,0.0,0.9978960587390221
21JXN,20200423,S2B_MSIL2A_20200423T135109_N0500_R024_T21JXN_20230407T041511.zip,,0.00035092783368336535,2.7106744834954098e-05,0.0,0.0,0.9996219654214816
21JYL,20201012,S2A_MSIL2A_20201012T134221_N0500_R124_T21JYL_20230415T210834.zip,,0.0,1.765090361345848e-05,0.0,0.0,0.9992062070132481
21JYL,20201022,S2A_MSIL2A_20201022T134221_N0500_R124_T21JYL_20230415T221547.zip,,0.0,1.887850405274037e-05,0.0,0.0,0.999316890123125
21JYL,20201106,S2B_MSIL2A_20201106T134209_N0500_R124_T21JYL_20230411T102127.zip,,0.0,2.1599132053311036e-05,0.0,0.0,0.9994975132796508
21JYM,20200515,S2A_MSIL2A_20200515T134221_N0500_R124_T21JYM_20230404T083349.zip,,0.12823308482719034,4.9402623083533234e-05,0.0,0.0,0.8716299547778541
21JXM,20200508,S2A_MSIL2A_20200508T135121_N0500_R024_T21JXM_20230401T165409.zip,,0.13251936788530894,4.545439464368068e-05,0.0,0.0,0.8674217736503861
21JXM,20201012,S2A_MSIL2A_20201012T134221_N0500_R124_T21JXM_20230415T210834.zip,,0.40027650870435066,2.3722549029366195e-05,0.0,0.0,0.5994167902561703
21JXM,20201022,S2A_MSIL2A_20201022T134221_N0500_R124_T21JXM_20230415T221547.zip,,0.4021595150646481,1.5195702734894709e-05,0.0,0.0,0.5976054492188148
21JXN,20200301,S2B_MSIL2A_20200301T134209_N0500_R124_T21JXN_20230412T171522.zip,,0.6499793962196542,1.1147939124289568e-05,0.0,0.0,0.34957870080059456
21JXN,20200503,S2B_MSIL2A_20200503T135109_N0500_R024_T21JXN_20230331T174420.zip,,0.0010318147584115515,4.389501030189017e-05,0.0,0.0,0.9989242902312866
21JXN,20200930,S2B_MSIL2A_20200930T135119_N0500_R024_T21JXN_20230315T012321.zip,,0.0018497616132660476,3.44059906901437e-05,0.0,0.0,0.9977499411083574
21JXN,20201022,S2A_MSIL2A_20201022T134221_N0500_R124_T21JXN_20230415T221547.zip,,0.635042451750326,1.5096167564142123e-05,0.0,0.0,0.3647213181110879
21JYL,20201007,S2B_MSIL2A_20201007T134219_N0500_R124_T21JYL_20230331T235128.zip,,0.0,1.7518190052455036e-05,0.0,0.0,0.999140978298015
21JYM,20200808,S2B_MSIL2A_20200808T134219_N0500_R124_T21JYM_20230316T195945.zip,,0.0,4.459175649715827e-05,0.0,0.0,0.9998778703454866
21JYM,20201012,S2A_MSIL2A_20201012T134221_N0500_R124_T21JYM_20230415T210834.zip,,0.0,2.495014946864808e-05,0.0,0.0,0.9986951270898239
21JYM,20201022,S2A_MSIL2A_20201022T134221_N0500_R124_T21JYM_20230415T221547.zip,,0.0,2.076967229703949e-05,0.0,0.0,0.9988664602970793
21JYN,20200321,S2B_MSIL2A_20200321T134209_N0500_R124_T21JYN_20230408T211820.zip,,0.0,3.875235981300659e-05,0.0,0.0,0.9991188814901079
21KTP,20200416,S2B_MSIL2A_20200416T140049_N0500_R067_T21KTP_20230518T234155.zip,,0.0,4.127391747207209e-05,0.0,0.0,0.9999572330549666
21KTP,20200421,S2A_MSIL2A_20200421T140051_N0500_R067_T21KTP_20230522T022854.zip,,0.0,2.418704649287826e-05,0.0,0.0,0.9999747180666289
21KTP,20201122,S2B_MSIL2A_20201122T140049_N0500_R067_T21KTP_20230405T033555.zip,,0.0,2.4319760053881705e-05,0.0,0.0,0.9999747180666289
21KTQ,20190606,S2A_MSIL2A_20190606T140051_N0500_R067_T21KTQ_20221219T140444.zip,,0.07087116499281688,5.275364049887028e-05,0.0,0.0,0.9290760813666843
21JYN,20200808,S2B_MSIL2A_20200808T134219_N0500_R124_T21JYN_20230316T195945.zip,,0.0,5.414713288940647e-05,0.0,0.0,0.9999458528671106
21JYN,20201022,S2A_MSIL2A_20201022T134221_N0500_R124_T21JYN_20230415T221547.zip,,0.0,2.422022488312912e-05,0.0,0.0,0.999441342264956
21JYN,20201106,S2B_MSIL2A_20201106T134209_N0500_R124_T21JYN_20230411T102127.zip,,0.0,2.3689370639115332e-05,0.0,0.0,0.999675581700127
21KTP,20200322,S2A_MSIL2A_20200322T140051_N0500_R067_T21KTP_20230601T185911.zip,,0.0,3.921685727651866e-05,0.0,0.0,0.9999592901151622
21KTQ,20200404,S2A_MSIL2A_20200404T141041_N0500_R110_T21KTQ_20230530T093855.zip,,0.5295309239186333,2.57132524444179e-05,0.0,0.0,0.470434072879652
21KTQ,20200516,S2B_MSIL2A_20200516T140049_N0500_R067_T21KTQ_20230428T084138.zip,,0.06491680518644596,5.368263542589441e-05,0.0,0.0,0.9350295121781281
21KTQ,20200623,S2A_MSIL2A_20200623T141051_N0500_R110_T21KTQ_20230403T143114.zip,,0.8189462875040229,8.460489513969761e-06,0.0,0.0,0.18104525200646315
21KTQ,20200923,S2B_MSIL2A_20200923T140059_N0500_R067_T21KTQ_20230421T171438.zip,,0.0639807432622984,6.751802416050378e-05,4.877223366876686e-06,0.0,0.9359444394676859
21KTQ,20201008,S2A_MSIL2A_20201008T140101_N0500_R067_T21KTQ_20230309T141818.zip,,0.05714655890325513,5.4346203230911644e-05,0.0,0.0,0.942799094893514
21KTQ,20201122,S2B_MSIL2A_20201122T140049_N0500_R067_T21KTQ_20230405T033555.zip,,0.06702940600727934,3.1619005909071304e-05,0.0,0.0,0.9329388754516409
21KTQ,20201227,S2A_MSIL2A_20201227T140051_N0500_R067_T21KTQ_20230331T131647.zip,,0.05911974412825439,0.0002323150885365344,0.0003490366654390662,0.0,0.9402977428741113
21KUP,20200322,S2A_MSIL2A_20200322T140051_N0500_R067_T21KUP_20230601T185911.zip,,0.0,3.424009873888938e-05,0.0,0.0,0.9999622429918945
21KUP,20200416,S2B_MSIL2A_20200416T140049_N0500_R067_T21KUP_20230518T234155.zip,,0.0,3.762429454447729e-05,0.0,0.0,0.9999543133566245
21KUP,20201122,S2B_MSIL2A_20201122T140049_N0500_R067_T21KUP_20230405T033555.zip,,0.0,1.4731205271382644e-05,0.0,0.0,0.9999619775647726
21KUP,20201207,S2A_MSIL2A_20201207T140051_N0500_R067_T21KUP_20230325T230655.zip,,0.0,2.1234169760551557e-05,0.0,0.0,0.999931752051254
21KUQ,20200322,S2A_MSIL2A_20200322T140051_N0500_R067_T21KUQ_20230601T185911.zip,,0.0,3.072318937229803e-05,0.0,0.0,0.9999549105676491
21KUQ,20200516,S2B_MSIL2A_20200516T140049_N0500_R067_T21KUQ_20230428T084138.zip,,0.0,3.3244747031363535e-05,0.0,0.0,0.9999667552529686
21KUQ,20200615,S2B_MSIL2A_20200615T140059_N0500_R067_T21KUQ_20230427T174412.zip,,0.0,5.228914303535821e-05,0.0,0.0,0.9999477108569647
21KUQ,20200824,S2B_MSIL2A_20200824T140059_N0500_R067_T21KUQ_20230509T050916.zip,,0.0,4.568664337543671e-05,0.0,0.0,0.9999061383339803
21KUR,20200307,S2B_MSIL2A_20200307T140049_N0500_R067_T21KUR_20230422T223734.zip,,0.0,2.7272636786208408e-05,0.0,0.0,0.9998362314657218
21KUS,20200416,S2B_MSIL2A_20200416T140049_N0500_R067_T21KUS_20230518T234155.zip,,0.0,2.8002561371727367e-05,0.0,0.0,0.9998996353694911
21KUS,20200516,S2B_MSIL2A_20200516T140049_N0500_R067_T21KUS_20230428T084138.zip,,3.317839025086181e-08,4.5620286594934986e-05,0.0,0.0,0.9999520904044777
21KUS,20200615,S2B_MSIL2A_20200615T140059_N0500_R067_T21KUS_20230427T174412.zip,,0.0,3.835421912999625e-05,0.0,0.0,0.9999544128917953
21KUT,20200421,S2A_MSIL2A_20200421T140051_N0500_R067_T21KUT_20230522T022854.zip,,0.0,2.27603757120912e-05,0.0,0.0,0.9999486730302819
21KUR,20200322,S2A_MSIL2A_20200322T140051_N0500_R067_T21KUR_20230601T185911.zip,,0.0,2.4286581663630843e-05,0.0,0.0,0.9998335771945017
21KUR,20200516,S2B_MSIL2A_20200516T140049_N0500_R067_T21KUR_20230428T084138.zip,,0.0,3.470459620240145e-05,0.0,0.0,0.9999652954037976
21KUR,20201008,S2A_MSIL2A_20201008T140101_N0500_R067_T21KUR_20230309T141818.zip,,0.0,4.717967093672549e-05,0.0,0.0,0.9999409424653535
21KUS,20200411,S2A_MSIL2A_20200411T140051_N0500_R067_T21KUS_20230509T131507.zip,,0.9199448906937934,4.346369122862897e-06,0.0,0.0,0.08005026526123006
21KUU,20201122,S2B_MSIL2A_20201122T140049_N0500_R067_T21KUU_20230405T033555.zip,,0.011422191698103192,2.3954797761122226e-05,0.0,0.0,0.988550071167647
21KVP,20190303,S2B_MSIL2A_20190303T140049_N0500_R067_T21KVP_20221112T125054.SAFE,,0.19958742671723054,1.5461129856901602e-05,0.0,0.0,0.8003036486275759
21KVP,20190303,S2B_MSIL2A_20190303T140049_N0500_R067_T21KVP_20221112T125054.zip,,0.19958742671723054,1.5461129856901602e-05,0.0,0.0,0.8003036486275759
21KVP,20200304,S2B_MSIL2A_20200304T135109_N0500_R024_T21KVP_20230423T061733.SAFE,,0.3702548100371266,2.0636958736036047e-05,0.0,0.0,0.6296241551952383
21KUT,20200501,S2A_MSIL2A_20200501T140101_N0500_R067_T21KUT_20230506T090200.zip,,0.447121409683445,0.0006460496149647811,0.0,0.0,0.5522032110046085
21KUT,20200615,S2B_MSIL2A_20200615T140059_N0500_R067_T21KUT_20230427T174412.zip,,0.0,3.7027083519961776e-05,0.0,0.0,0.9999629729164801
21KUT,20200923,S2B_MSIL2A_20200923T140059_N0500_R067_T21KUT_20230421T171438.zip,,0.0,2.4850614297895494e-05,3.981406830103417e-06,0.0,0.999952521723551
21KUU,20200325,S2A_MSIL2A_20200325T141041_N0500_R110_T21KUU_20230615T052844.zip,,0.6900073656026356,4.014585220354279e-06,0.0,0.0,0.30998861981214393
21KUU,20200529,S2B_MSIL2A_20200529T141049_N0500_R110_T21KUU_20230509T092334.zip,,0.6995596895829808,0.041597439955408246,0.0,0.0,0.2588428704616109
21KUU,20200824,S2B_MSIL2A_20200824T140059_N0500_R067_T21KUU_20230509T050916.zip,,0.011722887448946753,2.6277285078682553e-05,0.0,0.0,0.9879830856566502
21KUU,20201008,S2A_MSIL2A_20201008T140101_N0500_R067_T21KUU_20230309T141818.zip,,0.007650206867263214,3.2581179226346294e-05,0.0,0.0,0.9923127328708266
21KUU,20201107,S2A_MSIL2A_20201107T140101_N0500_R067_T21KUU_20230409T134537.zip,,0.0077947319351959685,2.6177749907929967e-05,0.0,0.0,0.9921746444106024
21KVP,20200317,S2B_MSIL2A_20200317T140049_N0500_R067_T21KVP_20230627T191704.zip,,0.20125994936977648,2.2295878248579136e-05,3.317839025086181e-08,0.0,0.7985773769828235
21KVP,20200411,S2A_MSIL2A_20200411T140051_N0500_R067_T21KVP_20230509T131507.SAFE,,0.20839897677844466,2.3788905809867915e-05,0.0,0.0,0.7915102139674387
21KVP,20200411,S2A_MSIL2A_20200411T140051_N0500_R067_T21KVP_20230509T131507.zip,,0.20839897677844466,2.3788905809867915e-05,0.0,0.0,0.7915102139674387
21KVP,20200416,S2B_MSIL2A_20200416T140049_N0500_R067_T21KVP_20230518T234155.SAFE,,0.19603932966380336,2.6808139322696343e-05,0.0,0.0,0.8038507171509053
21KVP,20200304,S2B_MSIL2A_20200304T135109_N0500_R024_T21KVP_20230423T061733.zip,,0.3702548100371266,2.0636958736036047e-05,0.0,0.0,0.6296241551952383
21KVP,20200314,S2B_MSIL2A_20200314T135109_N0500_R024_T21KVP_20230627T053558.SAFE,,0.37091353379716724,2.2627662151087753e-05,0.0,0.0,0.6289677539225151
21KVP,20200314,S2B_MSIL2A_20200314T135109_N0500_R024_T21KVP_20230627T053558.zip,,0.37091353379716724,2.2627662151087753e-05,0.0,0.0,0.6289677539225151
21KVP,20200317,S2B_MSIL2A_20200317T140049_N0500_R067_T21KVP_20230627T191704.SAFE,,0.20125994936977648,2.2295878248579136e-05,3.317839025086181e-08,0.0,0.7985773769828235
21KVP,20200416,S2B_MSIL2A_20200416T140049_N0500_R067_T21KVP_20230518T234155.zip,,0.19603932966380336,2.6808139322696343e-05,0.0,0.0,0.8038507171509053
21KVP,20200615,S2B_MSIL2A_20200615T140059_N0500_R067_T21KVP_20230427T174412.SAFE,,0.2092972485160965,2.607821473717738e-05,0.0,0.0,0.7906766732691664
21KVP,20200615,S2B_MSIL2A_20200615T140059_N0500_R067_T21KVP_20230427T174412.zip,,0.2092972485160965,2.607821473717738e-05,0.0,0.0,0.7906766732691664
21KVP,20200923,S2B_MSIL2A_20200923T140059_N0500_R067_T21KVP_20230421T171438.SAFE,,0.209278270476873,2.495014946864808e-05,8.394132733468037e-06,0.0,0.7906473767505748
21KVP,20200923,S2B_MSIL2A_20200923T140059_N0500_R067_T21KVP_20230421T171438.zip,,0.209278270476873,2.495014946864808e-05,8.394132733468037e-06,0.0,0.7906473767505748
21KVQ,20190303,S2B_MSIL2A_20190303T140049_N0500_R067_T21KVQ_20221112T125054.zip,,0.027830929558959657,1.2309182783069732e-05,0.0,0.0,0.9719651560545586
21KVQ,20200322,S2A_MSIL2A_20200322T140051_N0500_R067_T21KVQ_20230601T185911.zip,,0.028286999711348005,2.3224873175603267e-05,0.0,0.0,0.9714671152385028
21KVQ,20200411,S2A_MSIL2A_20200411T140051_N0500_R067_T21KVQ_20230509T131507.zip,,0.03221877166963613,3.8686003032504866e-05,0.0,0.0,0.9675105590226973
21KVQ,20200416,S2B_MSIL2A_20200416T140049_N0500_R067_T21KVQ_20230518T234155.zip,,0.026103065351475278,3.0889081323552346e-05,0.0,0.0,0.9736606381531581
21KVQ,20200421,S2A_MSIL2A_20200421T140051_N0500_R067_T21KVQ_20230522T022854.zip,,0.034835916271014365,3.284660634835319e-05,4.114120391106864e-06,0.0,0.9648567523000919
21KVQ,20200925,S2A_MSIL2A_20200925T135121_N0500_R024_T21KVQ_20230424T055804.zip,,0.5697241880418445,1.7451833271953312e-05,0.0,0.0,0.4300759453352842
21KVQ,20201124,S2A_MSIL2A_20201124T135111_N0500_R024_T21KVQ_20230406T124134.zip,,0.5749486896194771,1.0617084880275778e-05,0.0,0.0,0.4249693929349936
21KVS,20200302,S2A_MSIL2A_20200302T140051_N0500_R067_T21KVS_20230629T080032.zip,,0.0,2.733899356671013e-05,0.0,0.0,0.999748441445118
21KVS,20200307,S2B_MSIL2A_20200307T140049_N0500_R067_T21KVS_20230422T223734.zip,,0.0,2.2428591809582584e-05,0.0,0.0,0.9997947916562984
21KVS,20200829,S2A_MSIL2A_20200829T140101_N0500_R067_T21KVS_20230503T014529.zip,,0.014204929645223473,4.708013576597291e-05,0.0,0.0,0.9841783537546326
21KVS,20200923,S2B_MSIL2A_20200923T140059_N0500_R067_T21KVS_20230421T171438.zip,,0.0,2.073649390678863e-05,3.583266147093075e-06,0.0,0.9998696089263142
21KWP,20200223,S2B_MSIL2A_20200223T135109_N0500_R024_T21KWP_20230613T133745.zip,,0.0,2.4352938444132567e-05,0.0,0.0,0.9998629400698736
21KWP,20200314,S2B_MSIL2A_20200314T135109_N0500_R024_T21KWP_20230627T053558.zip,,0.0,2.478425751739377e-05,0.0,0.0,0.9998122434895703
21KWP,20200324,S2B_MSIL2A_20200324T135109_N0500_R024_T21KWP_20230601T035643.zip,,0.0,3.357653093387215e-05,0.0,0.0,0.9998290981118179
21KWP,20201209,S2B_MSIL2A_20201209T135109_N0500_R024_T21KWP_20230325T212232.zip,,0.0,2.7073566444703236e-05,0.0,0.0,0.9999026214246137
21KWR,20200324,S2B_MSIL2A_20200324T135109_N0500_R024_T21KWR_20230601T035643.zip,,0.0003756457344202574,2.624410668843169e-05,0.0,0.0,0.9993669231356233
21KWR,20200423,S2B_MSIL2A_20200423T135109_N0500_R024_T21KWR_20230407T041511.zip,,0.0007839721832376136,3.082272454305062e-05,0.0,0.0,0.9988631092796639
21KWR,20200518,S2A_MSIL2A_20200518T135121_N0500_R024_T21KWR_20230620T123308.zip,,0.0,4.094213356956347e-05,0.0,0.0,0.9998763109611448
21KWR,20201124,S2A_MSIL2A_20201124T135111_N0500_R024_T21KWR_20230406T124134.zip,,7.299245855189597e-07,2.3191694785352405e-05,0.0,0.0,0.999823424607085
21KXR,20200408,S2A_MSIL2A_20200408T135111_N0500_R024_T21KXR_20230426T012514.zip,,0.0,1.9508893467506743e-05,0.0,0.0,0.9997459198874589
21KXR,20200423,S2B_MSIL2A_20200423T135109_N0500_R024_T21KXR_20230407T041511.zip,,0.0,1.9873855760266222e-05,0.0,0.0,0.9997655614944874
21KXR,20200806,S2A_MSIL2A_20200806T135121_N0500_R024_T21KXR_20230422T000447.zip,,0.0,3.069001098204717e-05,0.0,0.0,0.9999586597257474
21KXR,20201209,S2B_MSIL2A_20201209T135109_N0500_R024_T21KXR_20230325T212232.zip,,0.0,1.0749798441279227e-05,0.0,0.0,0.9999252159083746
21KXP,20200314,S2B_MSIL2A_20200314T135109_N0500_R024_T21KXP_20230627T053558.zip,,0.0,3.0291870299036832e-05,1.5096167564142123e-05,0.0,0.9997279703783332
21KXP,20200324,S2B_MSIL2A_20200324T135109_N0500_R024_T21KXP_20230601T035643.zip,,0.0,2.677496093244548e-05,0.0,0.0,0.9998167557506444
21KXP,20200423,S2B_MSIL2A_20200423T135109_N0500_R024_T21KXP_20230407T041511.zip,,0.0,2.5182398200404112e-05,0.0,0.0,0.9997781029260022
21KXP,20200801,S2B_MSIL2A_20200801T135119_N0500_R024_T21KXP_20230429T060641.zip,,0.0,3.430645551939111e-05,0.0,0.0,0.9999617453160408
21KXQ,20200314,S2B_MSIL2A_20200314T135109_N0500_R024_T21KXQ_20230627T053558.zip,,0.0,4.588571371694188e-05,4.48240052289143e-05,0.0,0.9997204388837463
21KXQ,20200423,S2B_MSIL2A_20200423T135109_N0500_R024_T21KXQ_20230407T041511.zip,,0.0,1.672190868643435e-05,0.0,0.0,0.9997184481803312
21KXQ,20200712,S2B_MSIL2A_20200712T135119_N0500_R024_T21KXQ_20230626T184645.zip,,0.0,2.5912322785923074e-05,0.0,0.0,0.9998677509364601
21KXQ,20200801,S2B_MSIL2A_20200801T135119_N0500_R024_T21KXQ_20230429T060641.zip,,0.0,3.536816400741869e-05,0.0,0.0,0.9999232583833497
21KWQ,20200223,S2B_MSIL2A_20200223T135109_N0500_R024_T21KWQ_20230613T133745.zip,,0.0,1.9343001516252433e-05,0.0,0.0,0.9997389524255063
21KWQ,20200314,S2B_MSIL2A_20200314T135109_N0500_R024_T21KWQ_20230627T053558.zip,,0.0,0.00010474417802197073,0.00010222262036290524,0.0,0.999413041098072
21KWQ,20200324,S2B_MSIL2A_20200324T135109_N0500_R024_T21KWQ_20230601T035643.zip,,0.0,3.0026443177029935e-05,0.0,0.0,0.9996292646673369
21KWQ,20200806,S2A_MSIL2A_20200806T135121_N0500_R024_T21KWQ_20230422T000447.zip,,0.0,6.088234611033142e-05,0.0,0.0,0.9997369617220911
21NYC,20200708,S2B_MSIL2A_20200708T141049_N0500_R110_T21NYC_20230613T111935.zip,,0.0,0.530792897170215,0.04463641461043593,0.0,0.42412387483784064
21NYC,20200708,S2B_MSIL2A_20200708T141049_N0500_R110_T21NYC_20230613T111935_CLOUDS.tif,no_SCL,,,,,
21NYC,20200713,S2A_MSIL2A_20200713T141051_N0500_R110_T21NYC_20230529T100619.zip,,0.0,0.5646526056648784,0.18467656046263947,0.0,0.25061535960398273
21NYC,20200713,S2A_MSIL2A_20200713T141051_N0500_R110_T21NYC_20230529T100619_CLOUDS.tif,no_SCL,,,,,
21KYP,20200510,S2B_MSIL2A_20200510T134209_N0500_R124_T21KYP_20230501T034106.zip,,0.0185023274640761,4.0411279325549686e-05,0.0,0.0,0.9814572612565984
21KYP,20200828,S2B_MSIL2A_20200828T134219_N0500_R124_T21KYP_20230425T053429.zip,,0.018430761676304988,6.662220762373052e-05,0.0,0.0,0.9808977408834079
21KYP,20200930,S2B_MSIL2A_20200930T135119_N0500_R024_T21KYP_20230315T012321.zip,,0.6069821268011718,7.2660674649387365e-06,0.0,0.0,0.39289146353197235
21KYP,20201106,S2B_MSIL2A_20201106T134209_N0500_R124_T21KYP_20230411T102127.zip,,0.01873951977597951,2.6011857956675656e-05,0.0,0.0,0.9809746152136191
21KYP,20191102,S2B_MSIL2A_20191102T134209_N0500_R124_T21KYP_20230610T232150.zip,,0.01915806516899413,3.0291870299036832e-05,0.0,0.0,0.9805456186276754
21KYP,20200304,S2B_MSIL2A_20200304T135109_N0500_R024_T21KYP_20230423T061733.zip,,0.5983069067454985,7.2660674649387365e-06,1.0948868782784398e-06,0.0,0.4015537108370576
21KYP,20200314,S2B_MSIL2A_20200314T135109_N0500_R024_T21KYP_20230627T053558.zip,,0.5974898225287906,7.33242424544046e-06,3.0026443177029935e-05,0.0,0.4023240798802924
21KYP,20200321,S2B_MSIL2A_20200321T134209_N0500_R124_T21KYP_20230408T211820.zip,,0.020365659038954747,3.3476995763119566e-05,0.0,0.0,0.9793017275987803
21NYC,20200718,S2B_MSIL2A_20200718T141049_N0500_R110_T21NYC_20230424T000215.zip,,0.0,0.5433406657575788,0.18160301392497039,0.0,0.27493306259766886
21NYC,20200718,S2B_MSIL2A_20200718T141049_N0500_R110_T21NYC_20230424T000215_CLOUDS.tif,no_SCL,,,,,
21NYC,20200728,S2B_MSIL2A_20200728T141049_N0500_R110_T21NYC_20230505T083629.zip,,0.0,0.4122326070583707,0.21160142136223833,0.0,0.3760365426790223
21NYC,20200728,S2B_MSIL2A_20200728T141049_N0500_R110_T21NYC_20230505T083629_CLOUDS.tif,no_SCL,,,,,
21KYP,20201226,S2B_MSIL2A_20201226T134209_N0500_R124_T21KYP_20230331T153350.zip,,0.017731726172109583,1.7883152345214516e-05,0.0,0.0,0.9820179428734477
21NYC,20190912,S2B_MSIL2A_20190912T141049_N0500_R110_T21NYC_20230501T142756.zip,,0.0,0.1531159485204097,0.10268091346744039,0.0,0.744040729791872
21NYC,20200703,S2A_MSIL2A_20200703T141051_N0500_R110_T21NYC_20230614T065311.zip,,0.0,0.5689687160958324,0.16141721493956557,0.0,0.2695760465293745
21NYC,20200703,S2A_MSIL2A_20200703T141051_N0500_R110_T21NYC_20230614T065311_CLOUDS.tif,no_SCL,,,,,
21NYC,20200812,S2A_MSIL2A_20200812T141051_N0500_R110_T21NYC_20230509T003851.zip,,0.0,0.5533161801055736,0.16482868338193968,0.0,0.28181774446667396
21NYC,20200812,S2A_MSIL2A_20200812T141051_N0500_R110_T21NYC_20230509T003851_CLOUDS.tif,no_SCL,,,,,
21NYC,20200822,S2A_MSIL2A_20200822T141051_N0500_R110_T21NYC_20230322T001933.zip,,0.0,0.20548495194110172,0.14530436196296628,0.0,0.6490660283144383
21NYC,20200822,S2A_MSIL2A_20200822T141051_N0500_R110_T21NYC_20230322T001933_CLOUDS.tif,no_SCL,,,,,
21NYC,20200911,S2A_MSIL2A_20200911T141051_N0500_R110_T21NYC_20230426T010121.zip,,0.0,0.20407808865929442,0.078315699018915,0.0,0.7174318930594126
21NYC,20200911,S2A_MSIL2A_20200911T141051_N0500_R110_T21NYC_20230426T010121_CLOUDS.tif,no_SCL,,,,,
21NYC,20201016,S2B_MSIL2A_20201016T141049_N0500_R110_T21NYC_20230403T004244.zip,,0.0,0.21984744576162654,0.16186034551975606,0.0,0.618189919741474
21NYC,20201016,S2B_MSIL2A_20201016T141049_N0500_R110_T21NYC_20230403T004244_CLOUDS.tif,no_SCL,,,,,
21NYD,20200708,S2B_MSIL2A_20200708T141049_N0500_R110_T21NYD_20230613T111935_CLOUDS.tif,no_SCL,,,,,
21NYD,20200713,S2A_MSIL2A_20200713T141051_N0500_R110_T21NYD_20230529T100619.zip,,0.0,0.4763710472095315,0.20170168645757644,0.0,0.3218689719012213
21NYD,20200713,S2A_MSIL2A_20200713T141051_N0500_R110_T21NYD_20230529T100619_CLOUDS.tif,no_SCL,,,,,
21NYD,20200718,S2B_MSIL2A_20200718T141049_N0500_R110_T21NYD_20230424T000215.zip,,0.0,0.5399846052269236,0.1918140616653561,0.0,0.26812389474487475
21NYC,20200827,S2B_MSIL2A_20200827T141049_N0500_R110_T21NYC_20230429T125609.zip,,0.0,0.5253008450535996,0.15937707572304008,0.0,0.31526736805783656
21NYC,20200827,S2B_MSIL2A_20200827T141049_N0500_R110_T21NYC_20230429T125609_CLOUDS.tif,no_SCL,,,,,
21NYC,20200901,S2A_MSIL2A_20200901T141051_N0500_R110_T21NYC_20230421T164311.zip,,0.0,0.11038646188964203,0.10387132093125105,0.0,0.7855031005205689
21NYC,20200901,S2A_MSIL2A_20200901T141051_N0500_R110_T21NYC_20230421T164311_CLOUDS.tif,no_SCL,,,,,
21NYD,20200718,S2B_MSIL2A_20200718T141049_N0500_R110_T21NYD_20230424T000215_CLOUDS.tif,no_SCL,,,,,
21NYD,20200728,S2B_MSIL2A_20200728T141049_N0500_R110_T21NYD_20230505T083629.zip,,0.0,0.46820066953991524,0.17967249610983374,0.0,0.3520102786652997
21NYD,20200728,S2B_MSIL2A_20200728T141049_N0500_R110_T21NYD_20230505T083629_CLOUDS.tif,no_SCL,,,,,
21NYD,20200812,S2A_MSIL2A_20200812T141051_N0500_R110_T21NYD_20230509T003851.zip,,0.0,0.5442066549215165,0.16047647486239264,0.0,0.2952240370801689
21NYD,20200827,S2B_MSIL2A_20200827T141049_N0500_R110_T21NYD_20230429T125609_CLOUDS.tif,no_SCL,,,,,
21NYD,20200901,S2A_MSIL2A_20200901T141051_N0500_R110_T21NYD_20230421T164311.zip,,0.0,0.07708796586607211,0.0776088334146204,0.0,0.8449214833394714
21NYD,20200901,S2A_MSIL2A_20200901T141051_N0500_R110_T21NYD_20230421T164311_CLOUDS.tif,no_SCL,,,,,
21NYD,20200911,S2A_MSIL2A_20200911T141051_N0500_R110_T21NYD_20230426T010121.zip,,0.0,0.19840710548405613,0.1088797648315699,0.0,0.6924490296979771
21NYD,20200812,S2A_MSIL2A_20200812T141051_N0500_R110_T21NYD_20230509T003851_CLOUDS.tif,no_SCL,,,,,
21NYD,20200822,S2A_MSIL2A_20200822T141051_N0500_R110_T21NYD_20230322T001933.zip,,0.0,0.10242789506338731,0.07891888215367567,0.0,0.8182432705929974
21NYD,20200822,S2A_MSIL2A_20200822T141051_N0500_R110_T21NYD_20230322T001933_CLOUDS.tif,no_SCL,,,,,
21NYD,20200827,S2B_MSIL2A_20200827T141049_N0500_R110_T21NYD_20230429T125609.zip,,0.0,0.5592706394471153,0.14019286598252825,0.0,0.3004903102511272
21NYD,20191201,S2B_MSIL2A_20191201T141039_N0500_R110_T21NYD_20230620T012909.zip,,0.0,0.12310572957621242,0.049192471159684274,0.0,0.8274686215374203
21NYD,20200229,S2B_MSIL2A_20200229T141049_N0500_R110_T21NYD_20230424T052625.zip,,0.0,0.1681465555854161,0.06870979193831474,0.0,0.7627269318947183
21NYD,20200229,S2B_MSIL2A_20200229T141049_N0500_R110_T21NYD_20230424T052625_CLOUDS.tif,no_SCL,,,,,
21NYD,20200708,S2B_MSIL2A_20200708T141049_N0500_R110_T21NYD_20230613T111935.zip,,0.0,0.5783030912306196,0.13170437390718678,0.0,0.28992272752910575
21NYE,20200708,S2B_MSIL2A_20200708T141049_N0500_R110_T21NYE_20230613T111935_CLOUDS.tif,no_SCL,,,,,
21NYE,20200713,S2A_MSIL2A_20200713T141051_N0500_R110_T21NYE_20230529T100619.SAFE,,0.0,0.44344398326481993,0.19981075046200908,0.0,0.3560773189206406
21NYE,20200713,S2A_MSIL2A_20200713T141051_N0500_R110_T21NYE_20230529T100619.zip,,0.0,0.44344398326481993,0.19981075046200908,0.0,0.3560773189206406
21NYE,20200713,S2A_MSIL2A_20200713T141051_N0500_R110_T21NYE_20230529T100619_CLOUDS.tif,no_SCL,,,,,
21NYE,20200822,S2A_MSIL2A_20200822T141051_N0500_R110_T21NYE_20230322T001933_CLOUDS.tif,no_SCL,,,,,
21NYE,20200827,S2B_MSIL2A_20200827T141049_N0500_R110_T21NYE_20230429T125609.SAFE,,0.0,0.4244538339288854,0.17629835335649185,0.0,0.3987569384308612
21NYE,20200827,S2B_MSIL2A_20200827T141049_N0500_R110_T21NYE_20230429T125609.zip,,0.0,0.4244538339288854,0.17629835335649185,0.0,0.3987569384308612
21NYE,20200827,S2B_MSIL2A_20200827T141049_N0500_R110_T21NYE_20230429T125609_CLOUDS.tif,no_SCL,,,,,
21NYD,20201001,S2A_MSIL2A_20201001T141051_N0500_R110_T21NYD_20230307T092649_CLOUDS.tif,no_SCL,,,,,
21NYE,20191201,S2B_MSIL2A_20191201T141039_N0500_R110_T21NYE_20230620T012909.zip,,0.0,0.1353435124634623,0.10337500539148842,0.0,0.7603017242809413
21NYE,20200708,S2B_MSIL2A_20200708T141049_N0500_R110_T21NYE_20230613T111935.SAFE,,0.0,0.2966833222185726,0.1582442659447049,0.0,0.5437877777445994
21NYE,20200708,S2B_MSIL2A_20200708T141049_N0500_R110_T21NYE_20230613T111935.zip,,0.0,0.2966833222185726,0.1582442659447049,0.0,0.5437877777445994
21NYD,20200911,S2A_MSIL2A_20200911T141051_N0500_R110_T21NYD_20230426T010121_CLOUDS.tif,no_SCL,,,,,
21NYD,20200926,S2B_MSIL2A_20200926T141049_N0500_R110_T21NYD_20230410T035701.zip,,0.0,0.5940495552436786,0.12347639855209505,0.0,0.2824158844861165
21NYD,20200926,S2B_MSIL2A_20200926T141049_N0500_R110_T21NYD_20230410T035701_CLOUDS.tif,no_SCL,,,,,
21NYD,20201001,S2A_MSIL2A_20201001T141051_N0500_R110_T21NYD_20230307T092649.zip,,0.0,0.1814898424358247,0.08003550087756842,0.0,0.7382634430542699
21NYE,20200718,S2B_MSIL2A_20200718T141049_N0500_R110_T21NYE_20230424T000215.SAFE,,0.0,0.36156801072325573,0.21211409384839466,0.0,0.4257708501298934
21NYE,20200718,S2B_MSIL2A_20200718T141049_N0500_R110_T21NYE_20230424T000215.zip,,0.0,0.36156801072325573,0.21211409384839466,0.0,0.4257708501298934
21NYE,20200718,S2B_MSIL2A_20200718T141049_N0500_R110_T21NYE_20230424T000215_CLOUDS.tif,no_SCL,,,,,
21NYE,20200812,S2A_MSIL2A_20200812T141051_N0500_R110_T21NYE_20230509T003851.SAFE,,0.0,0.31291969834207584,0.17744251014429283,0.0,0.5086510330091805
21NYE,20200812,S2A_MSIL2A_20200812T141051_N0500_R110_T21NYE_20230509T003851.zip,,0.0,0.31291969834207584,0.17744251014429283,0.0,0.5086510330091805
21NYE,20200812,S2A_MSIL2A_20200812T141051_N0500_R110_T21NYE_20230509T003851_CLOUDS.tif,no_SCL,,,,,
21NYE,20200822,S2A_MSIL2A_20200822T141051_N0500_R110_T21NYE_20230322T001933.SAFE,,0.0,0.017132524444179016,0.017690385897857007,0.0,0.9629624321087189
21NYE,20200822,S2A_MSIL2A_20200822T141051_N0500_R110_T21NYE_20230322T001933.zip,,0.0,0.017132524444179016,0.017690385897857007,0.0,0.9629624321087189
21NYE,20200901,S2A_MSIL2A_20200901T141051_N0500_R110_T21NYE_20230421T164311.SAFE,,0.0,0.11507274362062501,0.01407928308134346,0.0,0.8688303953868767
21NYE,20200901,S2A_MSIL2A_20200901T141051_N0500_R110_T21NYE_20230421T164311.zip,,0.0,0.11507274362062501,0.01407928308134346,0.0,0.8688303953868767
21NYE,20200901,S2A_MSIL2A_20200901T141051_N0500_R110_T21NYE_20230421T164311_CLOUDS.tif,no_SCL,,,,,
21NYE,20200906,S2B_MSIL2A_20200906T141049_N0500_R110_T21NYE_20230503T074655.SAFE,,0.0,0.4898096555751308,0.13322958450701888,0.0,0.37642078161651754
21NYE,20200911,S2A_MSIL2A_20200911T141051_N0500_R110_T21NYE_20230426T010121_CLOUDS.tif,no_SCL,,,,,
21NYE,20200926,S2B_MSIL2A_20200926T141049_N0500_R110_T21NYE_20230410T035701.SAFE,,0.0,0.4955959668348811,0.15645087441647507,0.0,0.34761998135374467
21NYE,20200926,S2B_MSIL2A_20200926T141049_N0500_R110_T21NYE_20230410T035701.zip,,0.0,0.4955959668348811,0.15645087441647507,0.0,0.34761998135374467
21NYE,20200926,S2B_MSIL2A_20200926T141049_N0500_R110_T21NYE_20230410T035701_CLOUDS.tif,no_SCL,,,,,
21NYE,20201001,S2A_MSIL2A_20201001T141051_N0500_R110_T21NYE_20230307T092649.SAFE,,0.0,0.06646165739330659,0.04177584015978713,0.0,0.8905912057358801
21NYE,20201001,S2A_MSIL2A_20201001T141051_N0500_R110_T21NYE_20230307T092649.zip,,0.0,0.06646165739330659,0.04177584015978713,0.0,0.8905912057358801
21NYE,20201001,S2A_MSIL2A_20201001T141051_N0500_R110_T21NYE_20230307T092649_CLOUDS.tif,no_SCL,,,,,
21NYE,20201016,S2B_MSIL2A_20201016T141049_N0500_R110_T21NYE_20230403T004244.SAFE,,0.0,0.020372427430565925,0.026422838676713082,0.0,0.9515162192560741
21NYE,20200906,S2B_MSIL2A_20200906T141049_N0500_R110_T21NYE_20230503T074655.zip,,0.0,0.4898096555751308,0.13322958450701888,0.0,0.37642078161651754
21NYE,20200906,S2B_MSIL2A_20200906T141049_N0500_R110_T21NYE_20230503T074655_CLOUDS.tif,no_SCL,,,,,
21NYE,20200911,S2A_MSIL2A_20200911T141051_N0500_R110_T21NYE_20230426T010121.SAFE,,0.0,0.06654430476342149,0.05374185885249219,0.0,0.8780211744486581
21NYE,20200911,S2A_MSIL2A_20200911T141051_N0500_R110_T21NYE_20230426T010121.zip,,0.0,0.06654430476342149,0.05374185885249219,0.0,0.8780211744486581
21NYE,20201031,S2A_MSIL2A_20201031T141051_N0500_R110_T21NYE_20230312T122231_CLOUDS.tif,no_SCL,,,,,
21NYF,20190902,S2B_MSIL2A_20190902T141049_N0500_R110_T21NYF_20230429T035246.zip,,0.0,0.0344215845335616,0.014149654447065537,0.0,0.9481557459995156
21NYF,20200703,S2A_MSIL2A_20200703T141051_N0500_R110_T21NYF_20230614T065311.zip,,0.0,0.29096038168420146,0.09533943152146145,0.0,0.612369136134253
21NYF,20200703,S2A_MSIL2A_20200703T141051_N0500_R110_T21NYF_20230614T065311_CLOUDS.tif,no_SCL,,,,,
21NYE,20201016,S2B_MSIL2A_20201016T141049_N0500_R110_T21NYE_20230403T004244.zip,,0.0,0.020372427430565925,0.026422838676713082,0.0,0.9515162192560741
21NYE,20201016,S2B_MSIL2A_20201016T141049_N0500_R110_T21NYE_20230403T004244_CLOUDS.tif,no_SCL,,,,,
21NYE,20201031,S2A_MSIL2A_20201031T141051_N0500_R110_T21NYE_20230312T122231.SAFE,,0.0,0.12766639792170564,0.011806463813988673,0.0,0.859261747638528
21NYE,20201031,S2A_MSIL2A_20201031T141051_N0500_R110_T21NYE_20230312T122231.zip,,0.0,0.12766639792170564,0.011806463813988673,0.0,0.859261747638528
21NYF,20200708,S2B_MSIL2A_20200708T141049_N0500_R110_T21NYF_20230613T111935.zip,,0.0,0.13156545598720643,0.011905534487277747,0.0,0.85365031967379
21NYF,20200708,S2B_MSIL2A_20200708T141049_N0500_R110_T21NYF_20230613T111935_CLOUDS.tif,no_SCL,,,,,
21NYF,20200713,S2A_MSIL2A_20200713T141051_N0500_R110_T21NYF_20230529T100619.zip,,0.0,0.18995441289179532,0.13249693929349937,0.0,0.6758594696102534
21NYF,20200713,S2A_MSIL2A_20200713T141051_N0500_R110_T21NYF_20230529T100619_CLOUDS.tif,no_SCL,,,,,
21NYF,20200718,S2B_MSIL2A_20200718T141049_N0500_R110_T21NYF_20230424T000215.zip,,0.0,0.1719953815680771,0.1430241770929758,0.0,0.6832355566172641
21NYF,20200718,S2B_MSIL2A_20200718T141049_N0500_R110_T21NYF_20230424T000215_CLOUDS.tif,no_SCL,,,,,
21NYF,20200812,S2A_MSIL2A_20200812T141051_N0500_R110_T21NYF_20230509T003851.zip,,0.0,0.10359049903616777,0.09661908885504693,0.0,0.7969489152325308
21NYF,20200812,S2A_MSIL2A_20200812T141051_N0500_R110_T21NYF_20230509T003851_CLOUDS.tif,no_SCL,,,,,
21NYF,20200906,S2B_MSIL2A_20200906T141049_N0500_R110_T21NYF_20230503T074655.zip,,0.0,0.17182441332311438,0.1145098390516289,0.0,0.71174581371661
21NYF,20200906,S2B_MSIL2A_20200906T141049_N0500_R110_T21NYF_20230503T074655_CLOUDS.tif,no_SCL,,,,,
21NYF,20200911,S2A_MSIL2A_20200911T141051_N0500_R110_T21NYF_20230426T010121.zip,,3.317839025086181e-08,0.011869834539367819,0.01427838660123888,0.0,0.9710493661268542
21NYF,20200911,S2A_MSIL2A_20200911T141051_N0500_R110_T21NYF_20230426T010121_CLOUDS.tif,no_SCL,,,,,
21NZD,20200718,S2B_MSIL2A_20200718T141049_N0500_R110_T21NZD_20230424T000215_CLOUDS.tif,no_SCL,,,,,
21NZD,20200804,S2B_MSIL2A_20200804T140059_N0500_R067_T21NZD_20230316T192701.zip,,0.547206313184097,0.15409690080656666,0.07873464255261263,0.0,0.219894061399929
21NZD,20200804,S2B_MSIL2A_20200804T140059_N0500_R067_T21NZD_20230316T192701_CLOUDS.tif,no_SCL,,,,,
21NZD,20200809,S2A_MSIL2A_20200809T140101_N0500_R067_T21NZD_20230422T105245.zip,,0.5347459032982638,0.16909396451902947,0.08137623962760575,0.0,0.21475366704158247
21NYF,20200822,S2A_MSIL2A_20200822T141051_N0500_R110_T21NYF_20230322T001933.zip,,0.0,0.06082295679178237,0.057362583402178494,0.0,0.8788895192783036
21NYF,20200822,S2A_MSIL2A_20200822T141051_N0500_R110_T21NYF_20230322T001933_CLOUDS.tif,no_SCL,,,,,
21NYF,20200901,S2A_MSIL2A_20200901T141051_N0500_R110_T21NYF_20230421T164311.zip,,0.0,0.31603412065653397,0.045017999276711095,0.0,0.6367708136336642
21NYF,20200901,S2A_MSIL2A_20200901T141051_N0500_R110_T21NYF_20230421T164311_CLOUDS.tif,no_SCL,,,,,
21NYF,20200921,S2A_MSIL2A_20200921T141051_N0500_R110_T21NYF_20230420T235618.zip,,0.0,0.32444753003473775,0.12736991582642393,0.0,0.5470413502277697
21NYF,20200921,S2A_MSIL2A_20200921T141051_N0500_R110_T21NYF_20230420T235618_CLOUDS.tif,no_SCL,,,,,
21NYF,20201001,S2A_MSIL2A_20201001T141051_N0500_R110_T21NYF_20230307T092649.zip,,0.0,0.20045072843155795,0.04805936277583684,0.0,0.7499794957548249
21NYF,20201001,S2A_MSIL2A_20201001T141051_N0500_R110_T21NYF_20230307T092649_CLOUDS.tif,no_SCL,,,,,
21NZD,20200809,S2A_MSIL2A_20200809T140101_N0500_R067_T21NZD_20230422T105245_CLOUDS.tif,no_SCL,,,,,
21NZD,20200812,S2A_MSIL2A_20200812T141051_N0500_R110_T21NZD_20230509T003851.zip,,0.2776800010617085,0.2889720671132478,0.1523405363618568,0.0,0.2807730233144548
21NZD,20200812,S2A_MSIL2A_20200812T141051_N0500_R110_T21NZD_20230509T003851_CLOUDS.tif,no_SCL,,,,,
21NZD,20200822,S2A_MSIL2A_20200822T141051_N0500_R110_T21NZD_20230322T001933.zip,,0.2781538548312713,0.020088685837140553,0.027628309129697645,0.0,0.6730653846536674
21NZD,20200822,S2A_MSIL2A_20200822T141051_N0500_R110_T21NZD_20230322T001933_CLOUDS.tif,no_SCL,,,,,
21NZD,20200901,S2A_MSIL2A_20200901T141051_N0500_R110_T21NZD_20230421T164311.zip,,0.2790541172723382,0.06527158171339843,0.07657071476206118,0.0,0.5782032906327451
21NZD,20200901,S2A_MSIL2A_20200901T141051_N0500_R110_T21NZD_20230421T164311_CLOUDS.tif,no_SCL,,,,,
21NZD,20200911,S2A_MSIL2A_20200911T141051_N0500_R110_T21NZD_20230426T010121.zip,,0.27847306412387485,0.09252889008331094,0.032960408226913644,0.0,0.5952098367291416
21NZD,20190619,S2A_MSIL2A_20190619T141051_N0500_R110_T21NZD_20230717T110556.zip,,0.2705840723819762,0.20194123443518766,0.059397712681776106,0.0,0.4674033596437968
21NZD,20200229,S2B_MSIL2A_20200229T141049_N0500_R110_T21NZD_20230424T052625.zip,,0.2683696470814629,0.10194534855557878,0.07265327586836141,0.0,0.5562266548551598
21NZD,20200229,S2B_MSIL2A_20200229T141049_N0500_R110_T21NZD_20230424T052625_CLOUDS.tif,no_SCL,,,,,
21NZD,20200718,S2B_MSIL2A_20200718T141049_N0500_R110_T21NZD_20230424T000215.zip,,0.26362978225022476,0.32949074488803953,0.1619190712705001,0.0,0.24482841795481766
21NZD,20200911,S2A_MSIL2A_20200911T141051_N0500_R110_T21NZD_20230426T010121_CLOUDS.tif,no_SCL,,,,,
21NZD,20200913,S2B_MSIL2A_20200913T140059_N0500_R067_T21NZD_20230424T063241.zip,,0.541955169359093,0.13764801709350666,0.051241104044113986,0.0,0.2691136393044482
21NZD,20200913,S2B_MSIL2A_20200913T140059_N0500_R067_T21NZD_20230424T063241_CLOUDS.tif,no_SCL,,,,,
21NZD,20200918,S2A_MSIL2A_20200918T140101_N0500_R067_T21NZD_20230422T195142.zip,,0.5325462423814121,0.177488163609278,0.056710462141797806,0.0,0.23323393087614175
21NZG,20200703,S2A_MSIL2A_20200703T141051_N0500_R110_T21NZG_20230614T065311.zip,,0.22977106910726905,0.22435174402208355,0.05287742907289624,0.0,0.49290300961177963
21NZG,20200703,S2A_MSIL2A_20200703T141051_N0500_R110_T21NZG_20230614T065311_CLOUDS.tif,no_SCL,,,,,
21NZG,20200708,S2B_MSIL2A_20200708T141049_N0500_R110_T21NZG_20230613T111935.zip,,0.21986602566016702,0.13335649184972845,0.030448339587459895,0.0,0.6161515721580221
21NZG,20200708,S2B_MSIL2A_20200708T141049_N0500_R110_T21NZG_20230613T111935_CLOUDS.tif,no_SCL,,,,,
21NZD,20201016,S2B_MSIL2A_20201016T141049_N0500_R110_T21NZD_20230403T004244_CLOUDS.tif,no_SCL,,,,,
21NZD,20201023,S2B_MSIL2A_20201023T140059_N0500_R067_T21NZD_20230503T062238.zip,,0.5391279723690366,0.09648956041950757,0.006371677598946255,0.0,0.3579435370154711
21NZD,20201023,S2B_MSIL2A_20201023T140059_N0500_R067_T21NZD_20230503T062238_CLOUDS.tif,no_SCL,,,,,
21NZG,20190828,S2A_MSIL2A_20190828T141051_N0500_R110_T21NZG_20230605T014838.zip,,0.20324278950633873,0.06724052010444558,0.041128231160480554,0.0,0.6881530917282955
21NZG,20200822,S2A_MSIL2A_20200822T141051_N0500_R110_T21NZG_20230322T001933.zip,,0.2399463837213546,0.1668852127232491,0.0572627164475234,0.0,0.535852535326691
21NZG,20200822,S2A_MSIL2A_20200822T141051_N0500_R110_T21NZG_20230322T001933_CLOUDS.tif,no_SCL,,,,,
21NZG,20200827,S2B_MSIL2A_20200827T141049_N0500_R110_T21NZG_20230429T125609.zip,,0.19094993049127243,0.40505131038052294,0.045501574314617405,0.0,0.3584123144913255
21NZG,20200827,S2B_MSIL2A_20200827T141049_N0500_R110_T21NZG_20230429T125609_CLOUDS.tif,no_SCL,,,,,
21NZD,20200918,S2A_MSIL2A_20200918T140101_N0500_R067_T21NZD_20230422T195142_CLOUDS.tif,no_SCL,,,,,
21NZD,20200928,S2A_MSIL2A_20200928T140101_N0500_R067_T21NZD_20230425T105640.zip,,0.5305362291432344,0.13548316030802818,0.05070875677253891,0.0,0.28325008875219393
21NZD,20200928,S2A_MSIL2A_20200928T140101_N0500_R067_T21NZD_20230425T105640_CLOUDS.tif,no_SCL,,,,,
21NZD,20201016,S2B_MSIL2A_20201016T141049_N0500_R110_T21NZD_20230403T004244.zip,,0.27713607453193584,0.06285689164933096,0.07521351953045942,0.0,0.5841324680409156
21NZG,20200713,S2A_MSIL2A_20200713T141051_N0500_R110_T21NZG_20230529T100619.zip,,0.18501531182710076,0.06440900992365653,0.04716958470608923,0.0,0.7032016151240374
21NZG,20200713,S2A_MSIL2A_20200713T141051_N0500_R110_T21NZG_20230529T100619_CLOUDS.tif,no_SCL,,,,,
21NZG,20200718,S2B_MSIL2A_20200718T141049_N0500_R110_T21NZG_20230424T000215.zip,,0.1864914847661421,0.12557539623292557,0.06507075291720996,0.0,0.6228068918152229
21NZG,20200718,S2B_MSIL2A_20200718T141049_N0500_R110_T21NZG_20230424T000215_CLOUDS.tif,no_SCL,,,,,
21NZG,20200807,S2B_MSIL2A_20200807T141049_N0500_R110_T21NZG_20230419T085718.zip,,0.1963671985162624,0.17973749257633517,0.03400240875113221,0.0,0.5897989057766895
21NZG,20200807,S2B_MSIL2A_20200807T141049_N0500_R110_T21NZG_20230419T085718_CLOUDS.tif,no_SCL,,,,,
21NZG,20200812,S2A_MSIL2A_20200812T141051_N0500_R110_T21NZG_20230509T003851.zip,,0.2186950939114336,0.1291853709841706,0.0656093377261522,0.0,0.586441883072717
21NZG,20200812,S2A_MSIL2A_20200812T141051_N0500_R110_T21NZG_20230509T003851_CLOUDS.tif,no_SCL,,,,,
21NZG,20200906,S2B_MSIL2A_20200906T141049_N0500_R110_T21NZG_20230503T074655.zip,,0.22692515950511113,0.16799323824406687,0.049661281813928954,0.0,0.5552543953072485
21NZG,20200906,S2B_MSIL2A_20200906T141049_N0500_R110_T21NZG_20230503T074655_CLOUDS.tif,no_SCL,,,,,
21NZG,20200911,S2A_MSIL2A_20200911T141051_N0500_R110_T21NZG_20230426T010121.zip,,0.2280037557937764,0.11033354235719191,0.0048154120258393305,0.0,0.6566052866447025
21NZG,20200911,S2A_MSIL2A_20200911T141051_N0500_R110_T21NZG_20230426T010121_CLOUDS.tif,no_SCL,,,,,
21NZG,20201016,S2B_MSIL2A_20201016T141049_N0500_R110_T21NZG_20230403T004244.zip,,0.23144053934791192,0.03688020278632121,0.012117113081907492,0.0,0.7193564719426943
21NZG,20201016,S2B_MSIL2A_20201016T141049_N0500_R110_T21NZG_20230403T004244_CLOUDS.tif,no_SCL,,,,,
21NZG,20201021,S2A_MSIL2A_20201021T141051_N0500_R110_T21NZG_20230408T230341.zip,,0.19075032929552324,0.12771337852230086,0.04549895322178758,0.0,0.6359685933357885
21NZG,20201021,S2A_MSIL2A_20201021T141051_N0500_R110_T21NZG_20230408T230341_CLOUDS.tif,no_SCL,,,,,
22NBH,20200901,S2A_MSIL2A_20200901T141051_N0500_R110_T22NBH_20230421T164311.zip,,0.9991958553554898,0.00013198363641792827,0.00010029827372835524,0.0,0.0005718627343638541
22NBH,20200901,S2A_MSIL2A_20200901T141051_N0500_R110_T22NBH_20230421T164311_CLOUDS.tif,no_SCL,,,,,
22NBH,20200911,S2A_MSIL2A_20200911T141051_N0500_R110_T22NBH_20230426T010121.zip,,0.9991588614503601,6.635678050172362e-08,0.0,0.0,0.0008410721928593469
22NBH,20200911,S2A_MSIL2A_20200911T141051_N0500_R110_T22NBH_20230426T010121_CLOUDS.tif,no_SCL,,,,,
22NBH,20190912,S2B_MSIL2A_20190912T141049_N0500_R110_T22NBH_20230501T142756.zip,,0.9981372656361459,0.0005705687771440705,0.00014565313320128335,0.0,0.0011465124535087806
22NBH,20191103,S2A_MSIL2A_20191103T140101_N0500_R067_T22NBH_20230703T180244.zip,,0.0,0.18802080948636535,0.09186306614775665,0.0,0.7200778696819188
22NBH,20200728,S2B_MSIL2A_20200728T141049_N0500_R110_T22NBH_20230505T083629.zip,,0.9978082355400281,0.0009180460582413463,0.0004493349391674215,0.0,0.0008232222189043832
22NBH,20200728,S2B_MSIL2A_20200728T141049_N0500_R110_T22NBH_20230505T083629_CLOUDS.tif,no_SCL,,,,,
22NBH,20200822,S2A_MSIL2A_20200822T141051_N0500_R110_T22NBH_20230322T001933.zip,,0.9991294985749881,1.5925627320413669e-06,0.0,0.0,0.0008689088622798199
22NBH,20200822,S2A_MSIL2A_20200822T141051_N0500_R110_T22NBH_20230322T001933_CLOUDS.tif,no_SCL,,,,,
22NBH,20200827,S2B_MSIL2A_20200827T141049_N0500_R110_T22NBH_20230429T125609.zip,,0.9985712721590174,0.000429759688919413,0.00019691374613886484,0.0,0.0008020544059243334
22NBH,20200827,S2B_MSIL2A_20200827T141049_N0500_R110_T22NBH_20230429T125609_CLOUDS.tif,no_SCL,,,,,
22NBH,20200730,S2A_MSIL2A_20200730T140101_N0500_R067_T22NBH_20230504T095724.zip,,0.0,0.32560094359341873,0.06257981891234601,0.0,0.6117862249959356
22NBH,20200730,S2A_MSIL2A_20200730T140101_N0500_R067_T22NBH_20230504T095724_CLOUDS.tif,no_SCL,,,,,
22NBH,20200804,S2B_MSIL2A_20200804T140059_N0500_R067_T22NBH_20230316T192701.zip,,0.0,0.3133461070135799,0.19008523528455445,0.0,0.4965411196379574
22NBH,20200804,S2B_MSIL2A_20200804T140059_N0500_R067_T22NBH_20230316T192701_CLOUDS.tif,no_SCL,,,,,
22NBH,20200913,S2B_MSIL2A_20200913T140059_N0500_R067_T22NBH_20230424T063241.zip,,0.0,0.40102235891719007,0.14862322951815024,0.0,0.4503367938394365
22NBH,20200913,S2B_MSIL2A_20200913T140059_N0500_R067_T22NBH_20230424T063241_CLOUDS.tif,no_SCL,,,,,
22NBH,20200918,S2A_MSIL2A_20200918T140101_N0500_R067_T22NBH_20230422T195142.zip,,0.0,0.4859848507470115,0.13013258084744245,0.0,0.38387606544105696
22NBH,20200918,S2A_MSIL2A_20200918T140101_N0500_R067_T22NBH_20230422T195142_CLOUDS.tif,no_SCL,,,,,
22NBH,20201018,S2A_MSIL2A_20201018T140101_N0500_R067_T22NBH_20230413T073727.zip,,0.0,0.35031320400396815,0.16974668299043466,0.0,0.4799140016124698
22NBH,20201018,S2A_MSIL2A_20201018T140101_N0500_R067_T22NBH_20230413T073727_CLOUDS.tif,no_SCL,,,,,
22NBH,20201023,S2B_MSIL2A_20201023T140059_N0500_R067_T22NBH_20230503T062238.zip,,0.0,0.14624271319604115,0.07370874681902183,0.0,0.7800148307404421
22NBH,20201023,S2B_MSIL2A_20201023T140059_N0500_R067_T22NBH_20230503T062238_CLOUDS.tif,no_SCL,,,,,
22NBH,20200928,S2A_MSIL2A_20200928T140101_N0500_R067_T22NBH_20230425T105640.zip,,0.0,0.36294488074027625,0.14827840650827304,0.0,0.48876490124452143
22NBH,20200928,S2A_MSIL2A_20200928T140101_N0500_R067_T22NBH_20230425T105640_CLOUDS.tif,no_SCL,,,,,
22NBH,20201008,S2A_MSIL2A_20201008T140101_N0500_R067_T22NBH_20230309T141818.zip,,0.0,0.2940648836599746,0.13563070460947377,0.0,0.570278798013278
22NBH,20201008,S2A_MSIL2A_20201008T140101_N0500_R067_T22NBH_20230309T141818_CLOUDS.tif,no_SCL,,,,,
22NBK,20200718,S2B_MSIL2A_20200718T141049_N0500_R110_T22NBK_20230424T000215_CLOUDS.tif,no_SCL,,,,,
22NBK,20200804,S2B_MSIL2A_20200804T140059_N0500_R067_T22NBK_20230316T192701.zip,,0.14092544483926728,0.2886116170815624,0.14418664835219525,0.0,0.42621424613720593
22NBK,20200804,S2B_MSIL2A_20200804T140059_N0500_R067_T22NBK_20230316T192701_CLOUDS.tif,no_SCL,,,,,
22NBK,20200809,S2A_MSIL2A_20200809T140101_N0500_R067_T22NBK_20230422T105245.zip,,0.12831689344096403,0.25173732004870586,0.12675465575761194,0.0,0.49313568966260896
22NBK,20200809,S2A_MSIL2A_20200809T140101_N0500_R067_T22NBK_20230422T105245_CLOUDS.tif,no_SCL,,,,,
22NBK,20200812,S2A_MSIL2A_20200812T141051_N0500_R110_T22NBK_20230509T003851.zip,,0.6817470744954396,0.10460990507662549,0.06561063168337199,0.0,0.14796991383572053
22NBK,20200812,S2A_MSIL2A_20200812T141051_N0500_R110_T22NBK_20230509T003851_CLOUDS.tif,no_SCL,,,,,
22NBK,20200822,S2A_MSIL2A_20200822T141051_N0500_R110_T22NBK_20230322T001933.zip,,0.6821781281415789,0.02338830992597901,0.028730030756367764,0.0,0.2655864114584889
22NBK,20200822,S2A_MSIL2A_20200822T141051_N0500_R110_T22NBK_20230322T001933_CLOUDS.tif,no_SCL,,,,,
22NBK,20200911,S2A_MSIL2A_20200911T141051_N0500_R110_T22NBK_20230426T010121.zip,,0.6820867216764377,0.008742306760760581,0.014230941503180149,0.0,0.2948109661215457
22NBK,20200911,S2A_MSIL2A_20200911T141051_N0500_R110_T22NBK_20230426T010121_CLOUDS.tif,no_SCL,,,,,
22NBK,20200913,S2B_MSIL2A_20200913T140059_N0500_R067_T22NBK_20230424T063241.zip,,0.13565996794967503,0.10671603611135995,0.0727179073725701,0.0,0.6848592738577509
22NBK,20191103,S2A_MSIL2A_20191103T140101_N0500_R067_T22NBK_20230703T180244.zip,,0.12432291200095553,0.09446358837561919,0.08186392878590316,0.0,0.6993075338170742
22NBK,20200122,S2A_MSIL2A_20200122T135641_N0500_R067_T22NBK_20230601T225807.zip,,0.14507914704994343,0.2425755720783939,0.1764955988865332,0.0,0.4358264239335636
22NBK,20200122,S2A_MSIL2A_20200122T135641_N0500_R067_T22NBK_20230601T225807_CLOUDS.tif,no_SCL,,,,,
22NBK,20200718,S2B_MSIL2A_20200718T141049_N0500_R110_T22NBK_20230424T000215.zip,,0.6675617201004642,0.11900571000096218,0.0785217700007631,0.0,0.13487095265111929
22NBK,20201016,S2B_MSIL2A_20201016T141049_N0500_R110_T22NBK_20230403T004244_CLOUDS.tif,no_SCL,,,,,
22NBK,20201023,S2B_MSIL2A_20201023T140059_N0500_R067_T22NBK_20230503T062238.zip,,0.1330246415904393,0.10300466819950829,0.075389895853033,0.0,0.6885519291575012
22NBK,20201023,S2B_MSIL2A_20201023T140059_N0500_R067_T22NBK_20230503T062238_CLOUDS.tif,no_SCL,,,,,
22NBL,20190919,S2B_MSIL2A_20190919T140049_N0500_R067_T22NBL_20230501T142026.zip,,0.3472885292351386,0.07624785584653004,0.04941204574636448,0.0,0.5248035673405198
22NBK,20200913,S2B_MSIL2A_20200913T140059_N0500_R067_T22NBK_20230424T063241_CLOUDS.tif,no_SCL,,,,,
22NBK,20200918,S2A_MSIL2A_20200918T140101_N0500_R067_T22NBK_20230422T195142.zip,,0.1263545575495768,0.2803290632745081,0.12152564191890537,0.0,0.4717786271445682
22NBK,20200918,S2A_MSIL2A_20200918T140101_N0500_R067_T22NBK_20230422T195142_CLOUDS.tif,no_SCL,,,,,
22NBK,20200926,S2B_MSIL2A_20200926T141049_N0500_R110_T22NBK_20230410T035701.zip,,0.6794941954406256,0.10434689997710692,0.07558564835551308,0.0,0.14054770886626122
22NBK,20200926,S2B_MSIL2A_20200926T141049_N0500_R110_T22NBK_20230410T035701_CLOUDS.tif,no_SCL,,,,,
22NBK,20200928,S2A_MSIL2A_20200928T140101_N0500_R067_T22NBK_20230425T105640.zip,,0.12426302500655273,0.21255563186585313,0.09977405516239163,0.0,0.5633914286946626
22NBK,20200928,S2A_MSIL2A_20200928T140101_N0500_R067_T22NBK_20230425T105640_CLOUDS.tif,no_SCL,,,,,
22NBK,20201016,S2B_MSIL2A_20201016T141049_N0500_R110_T22NBK_20230403T004244.zip,,0.6808462148433483,0.0063116247125921945,0.010608027179737294,0.0,0.30210477072073416
22NBL,20200703,S2A_MSIL2A_20200703T141051_N0500_R110_T22NBL_20230614T065311.zip,,0.47049359491176207,0.1502932969698176,0.11333927226518824,0.0,0.2656554556886009
22NBL,20200703,S2A_MSIL2A_20200703T141051_N0500_R110_T22NBL_20230614T065311_CLOUDS.tif,no_SCL,,,,,
22NBL,20200713,S2A_MSIL2A_20200713T141051_N0500_R110_T22NBL_20230529T100619.zip,,0.4676239295821845,0.11011108125055989,0.09849224123343983,0.0,0.323610107464806
22NBL,20200713,S2A_MSIL2A_20200713T141051_N0500_R110_T22NBL_20230529T100619_CLOUDS.tif,no_SCL,,,,,
22NBL,20200814,S2B_MSIL2A_20200814T140059_N0500_R067_T22NBL_20230419T160027.zip,,0.3418701995016606,0.17898006310529826,0.09461508090550462,0.0,0.3835644208214306
22NBL,20200814,S2B_MSIL2A_20200814T140059_N0500_R067_T22NBL_20230419T160027_CLOUDS.tif,no_SCL,,,,,
22NBL,20200822,S2A_MSIL2A_20200822T141051_N0500_R110_T22NBL_20230322T001933.zip,,0.4755270221399398,0.12845338933845607,0.10112239176379641,0.0,0.29466109933278256
22NBL,20200822,S2A_MSIL2A_20200822T141051_N0500_R110_T22NBL_20230322T001933_CLOUDS.tif,no_SCL,,,,,
22NBL,20200809,S2A_MSIL2A_20200809T140101_N0500_R067_T22NBL_20230422T105245.zip,,0.3318428936864841,0.1394665910199369,0.08430293861002452,0.0,0.4434523442191632
22NBL,20200809,S2A_MSIL2A_20200809T140101_N0500_R067_T22NBL_20230422T105245_CLOUDS.tif,no_SCL,,,,,
22NBL,20200812,S2A_MSIL2A_20200812T141051_N0500_R110_T22NBL_20230509T003851.zip,,0.47524636613680776,0.15418273330214566,0.11022023815448521,0.0,0.26015607114774003
22NBL,20200812,S2A_MSIL2A_20200812T141051_N0500_R110_T22NBL_20230509T003851_CLOUDS.tif,no_SCL,,,,,
22NBL,20200903,S2B_MSIL2A_20200903T140059_N0500_R067_T22NBL_20230312T173542.zip,,0.33961868076084684,0.2015472410509587,0.09713086552466647,0.0,0.3608508266395931
22NBL,20200903,S2B_MSIL2A_20200903T140059_N0500_R067_T22NBL_20230312T173542_CLOUDS.tif,no_SCL,,,,,
22NBL,20200911,S2A_MSIL2A_20200911T141051_N0500_R110_T22NBL_20230426T010121.zip,,0.4755088072036921,0.014464218765033957,0.024578385605887175,0.0,0.48511225908341377
22NBL,20200911,S2A_MSIL2A_20200911T141051_N0500_R110_T22NBL_20230426T010121_CLOUDS.tif,no_SCL,,,,,
22NBL,20200913,S2B_MSIL2A_20200913T140059_N0500_R067_T22NBL_20230424T063241.zip,,0.3389384574039237,0.15642536023437215,0.08037773597300606,0.0,0.4232344285519955
22NBL,20200913,S2B_MSIL2A_20200913T140059_N0500_R067_T22NBL_20230424T063241_CLOUDS.tif,no_SCL,,,,,
22NBL,20200918,S2A_MSIL2A_20200918T140101_N0500_R067_T22NBL_20230422T195142.zip,,0.3297749509789284,0.17515578913142293,0.07987176552168042,0.0,0.41457616265374037
22NBL,20200918,S2A_MSIL2A_20200918T140101_N0500_R067_T22NBL_20230422T195142_CLOUDS.tif,no_SCL,,,,,
22NBL,20201016,S2B_MSIL2A_20201016T141049_N0500_R110_T22NBL_20230403T004244.zip,,0.4744843912263065,0.03481418442540005,0.02672987150009456,0.0,0.46362284796666237
22NBL,20201016,S2B_MSIL2A_20201016T141049_N0500_R110_T22NBL_20230403T004244_CLOUDS.tif,no_SCL,,,,,
22NBL,20201023,S2B_MSIL2A_20201023T140059_N0500_R067_T22NBL_20230503T062238.zip,,0.3363272849127906,0.18497105185450613,0.09599739217852628,0.0,0.3819352623249425
22NBL,20201023,S2B_MSIL2A_20201023T140059_N0500_R067_T22NBL_20230503T062238_CLOUDS.tif,no_SCL,,,,,
22NCJ,20200809,S2A_MSIL2A_20200809T140101_N0500_R067_T22NCJ_20230422T105245_CLOUDS.tif,no_SCL,,,,,
22NCJ,20200814,S2B_MSIL2A_20200814T140059_N0500_R067_T22NCJ_20230419T160027.zip,,0.0,0.42372852113961135,0.21635711228562612,0.0,0.3598069681255205
22NCJ,20200814,S2B_MSIL2A_20200814T140059_N0500_R067_T22NCJ_20230419T160027_CLOUDS.tif,no_SCL,,,,,
22NCJ,20200824,S2B_MSIL2A_20200824T140059_N0500_R067_T22NCJ_20230408T115644.zip,,0.0,0.5441719171469238,0.1497281694486747,0.0,0.30605691421063635
22NCJ,20191103,S2A_MSIL2A_20191103T140101_N0500_R067_T22NCJ_20230703T180244.zip,,3.317839025086181e-08,0.257180400861311,0.18434381438681358,0.0,0.5582680216721245
22NCJ,20200312,S2A_MSIL2A_20200312T140051_N0500_R067_T22NCJ_20230629T224554.zip,,0.0,0.17566803029850597,0.11115095835780239,0.0,0.7129903683133102
22NCJ,20200312,S2A_MSIL2A_20200312T140051_N0500_R067_T22NCJ_20230629T224554_CLOUDS.tif,no_SCL,,,,,
22NCJ,20200715,S2B_MSIL2A_20200715T140059_N0500_R067_T22NCJ_20230423T062731.zip,,0.0,0.378248114637974,0.2309610784303967,0.0,0.39066180935033396
22NCJ,20200824,S2B_MSIL2A_20200824T140059_N0500_R067_T22NCJ_20230408T115644_CLOUDS.tif,no_SCL,,,,,
22NCJ,20200903,S2B_MSIL2A_20200903T140059_N0500_R067_T22NCJ_20230312T173542.zip,,0.0,0.43837920245785517,0.18772270164996135,0.0,0.37374308645293147
22NCJ,20200903,S2B_MSIL2A_20200903T140059_N0500_R067_T22NCJ_20230312T173542_CLOUDS.tif,no_SCL,,,,,
22NCJ,20200908,S2A_MSIL2A_20200908T140101_N0500_R067_T22NCJ_20230329T171123.zip,,0.0,0.37588614503601514,0.17950132879452954,0.0,0.4445179014004598
22NCJ,20200715,S2B_MSIL2A_20200715T140059_N0500_R067_T22NCJ_20230423T062731_CLOUDS.tif,no_SCL,,,,,
22NCJ,20200804,S2B_MSIL2A_20200804T140059_N0500_R067_T22NCJ_20230316T192701.zip,,0.0,0.3058288459560519,0.22790836792180516,0.0,0.466092713693717
22NCJ,20200804,S2B_MSIL2A_20200804T140059_N0500_R067_T22NCJ_20230316T192701_CLOUDS.tif,no_SCL,,,,,
22NCJ,20200809,S2A_MSIL2A_20200809T140101_N0500_R067_T22NCJ_20230422T105245.zip,,0.0,0.41251362802379554,0.18798955544274903,0.0,0.3994081970530954
22NCJ,20200908,S2A_MSIL2A_20200908T140101_N0500_R067_T22NCJ_20230329T171123_CLOUDS.tif,no_SCL,,,,,
22NCJ,20200913,S2B_MSIL2A_20200913T140059_N0500_R067_T22NCJ_20230424T063241.zip,,0.0,0.24306000975444672,0.16330446813381508,0.0,0.593418601796278
22NCJ,20200913,S2B_MSIL2A_20200913T140059_N0500_R067_T22NCJ_20230424T063241_CLOUDS.tif,no_SCL,,,,,
22NCJ,20200918,S2A_MSIL2A_20200918T140101_N0500_R067_T22NCJ_20230422T195142.zip,,0.0,0.37955866105288305,0.18190871961274183,0.0,0.43838268618883147
22NCJ,20201023,S2B_MSIL2A_20201023T140059_N0500_R067_T22NCJ_20230503T062238_CLOUDS.tif,no_SCL,,,,,
22NCK,20190805,S2A_MSIL2A_20190805T140101_N0500_R067_T22NCK_20230504T151747.zip,,0.0,0.25001814857946725,0.1444708876214744,0.0,0.6052804071652051
22NCK,20200715,S2B_MSIL2A_20200715T140059_N0500_R067_T22NCK_20230423T062731.zip,,0.0,0.31533913291594917,0.22228964071121196,0.0,0.4622706958503787
22NCK,20200715,S2B_MSIL2A_20200715T140059_N0500_R067_T22NCK_20230423T062731_CLOUDS.tif,no_SCL,,,,,
22NCK,20200730,S2A_MSIL2A_20200730T140101_N0500_R067_T22NCK_20230504T095724.zip,,0.0,0.3303367606610462,0.03966808338393038,0.0,0.6297376916466767
22NCK,20200730,S2A_MSIL2A_20200730T140101_N0500_R067_T22NCK_20230504T095724_CLOUDS.tif,no_SCL,,,,,
22NCK,20200804,S2B_MSIL2A_20200804T140059_N0500_R067_T22NCK_20230316T192701.zip,,0.0,0.3420326409003288,0.21126562287450937,0.0,0.4465993145344574
22NCK,20200804,S2B_MSIL2A_20200804T140059_N0500_R067_T22NCK_20230316T192701_CLOUDS.tif,no_SCL,,,,,
22NCK,20200913,S2B_MSIL2A_20200913T140059_N0500_R067_T22NCK_20230424T063241.zip,,0.0,0.2072070099302922,0.15096502665883657,0.0,0.641585495734918
22NCK,20200913,S2B_MSIL2A_20200913T140059_N0500_R067_T22NCK_20230424T063241_CLOUDS.tif,no_SCL,,,,,
22NCK,20200918,S2A_MSIL2A_20200918T140101_N0500_R067_T22NCK_20230422T195142.zip,,0.0,0.33851092066715105,0.18090719672462932,0.0,0.4804002640999864
22NCK,20200918,S2A_MSIL2A_20200918T140101_N0500_R067_T22NCK_20230422T195142_CLOUDS.tif,no_SCL,,,,,
22NCK,20200824,S2B_MSIL2A_20200824T140059_N0500_R067_T22NCK_20230408T115644.zip,,0.0,0.4790199435303798,0.1545313054701212,0.0,0.3664282799327142
22NCK,20200824,S2B_MSIL2A_20200824T140059_N0500_R067_T22NCK_20230408T115644_CLOUDS.tif,no_SCL,,,,,
22NCK,20200903,S2B_MSIL2A_20200903T140059_N0500_R067_T22NCK_20230312T173542.zip,,0.0,0.3709694725631302,0.19281279756868755,0.0,0.43606288632088147
22NCK,20200903,S2B_MSIL2A_20200903T140059_N0500_R067_T22NCK_20230312T173542_CLOUDS.tif,no_SCL,,,,,
22NCJ,20200918,S2A_MSIL2A_20200918T140101_N0500_R067_T22NCJ_20230422T195142_CLOUDS.tif,no_SCL,,,,,
22NCJ,20200928,S2A_MSIL2A_20200928T140101_N0500_R067_T22NCJ_20230425T105640.zip,,0.0,0.2579809954180643,0.18268993798958863,0.0,0.5591222656859135
22NCJ,20200928,S2A_MSIL2A_20200928T140101_N0500_R067_T22NCJ_20230425T105640_CLOUDS.tif,no_SCL,,,,,
22NCJ,20201023,S2B_MSIL2A_20201023T140059_N0500_R067_T22NCJ_20230503T062238.zip,,0.0,0.23875096632061604,0.184966141452749,0.0,0.5761275178250902
22NCK,20200923,S2B_MSIL2A_20200923T140059_N0500_R067_T22NCK_20230421T171438.zip,,0.0,0.45110892133735453,0.1618576248917555,0.0,0.38690279727008203
22NCK,20200923,S2B_MSIL2A_20200923T140059_N0500_R067_T22NCK_20230421T171438_CLOUDS.tif,no_SCL,,,,,
22NCK,20200928,S2A_MSIL2A_20200928T140101_N0500_R067_T22NCK_20230425T105640.zip,,0.0,0.30859801394155956,0.1800826473701149,0.0,0.5111702018241479
22NCK,20200928,S2A_MSIL2A_20200928T140101_N0500_R067_T22NCK_20230425T105640_CLOUDS.tif,no_SCL,,,,,
22NCK,20200809,S2A_MSIL2A_20200809T140101_N0500_R067_T22NCK_20230422T105245.zip,,0.0,0.22487569716092515,0.17096645332961735,0.0,0.6039729795189797
22NCK,20200809,S2A_MSIL2A_20200809T140101_N0500_R067_T22NCK_20230422T105245_CLOUDS.tif,no_SCL,,,,,
22NCK,20200814,S2B_MSIL2A_20200814T140059_N0500_R067_T22NCK_20230419T160027.zip,,0.0,0.340471099963172,0.20116834383429386,0.0,0.45819672131147543
22NCK,20200814,S2B_MSIL2A_20200814T140059_N0500_R067_T22NCK_20230419T160027_CLOUDS.tif,no_SCL,,,,,
22NCL,20200715,S2B_MSIL2A_20200715T140059_N0500_R067_T22NCL_20230423T062731.zip,,0.0,0.2684317902064028,0.07738381757193905,0.0,0.6541055935448123
22NCL,20200715,S2B_MSIL2A_20200715T140059_N0500_R067_T22NCL_20230423T062731_CLOUDS.tif,no_SCL,,,,,
22NCL,20200804,S2B_MSIL2A_20200804T140059_N0500_R067_T22NCL_20230316T192701.zip,,0.0,0.20172457954684955,0.088084379282086,0.0,0.7101174183230978
22NCL,20200804,S2B_MSIL2A_20200804T140059_N0500_R067_T22NCL_20230316T192701_CLOUDS.tif,no_SCL,,,,,
22NCL,20200819,S2A_MSIL2A_20200819T140101_N0500_R067_T22NCL_20230508T040438.zip,,0.0,0.25162769864731704,0.07085391222988643,0.0,0.6774665976556149
22NCL,20200819,S2A_MSIL2A_20200819T140101_N0500_R067_T22NCL_20230508T040438_CLOUDS.tif,no_SCL,,,,,
22NCL,20200824,S2B_MSIL2A_20200824T140059_N0500_R067_T22NCL_20230408T115644.zip,,0.0,0.12054780840143198,0.05648989220341007,0.0,0.8227447818686733
22NCL,20200824,S2B_MSIL2A_20200824T140059_N0500_R067_T22NCL_20230408T115644_CLOUDS.tif,no_SCL,,,,,
22NCL,20200923,S2B_MSIL2A_20200923T140059_N0500_R067_T22NCL_20230421T171438.zip,,0.0,0.2206604822147239,0.05379179232981974,0.0,0.7255004794277391
22NCL,20200923,S2B_MSIL2A_20200923T140059_N0500_R067_T22NCL_20230421T171438_CLOUDS.tif,no_SCL,,,,,
22NCL,20200928,S2A_MSIL2A_20200928T140101_N0500_R067_T22NCL_20230425T105640.zip,,0.0,0.23467334215878513,0.06416110099170208,0.0,0.7010741503843716
22NCL,20200928,S2A_MSIL2A_20200928T140101_N0500_R067_T22NCL_20230425T105640_CLOUDS.tif,no_SCL,,,,,
22NCL,20200903,S2B_MSIL2A_20200903T140059_N0500_R067_T22NCL_20230312T173542.zip,,0.0,0.20279707101170866,0.0716035447792144,0.0,0.7255204528186702
22NCL,20200903,S2B_MSIL2A_20200903T140059_N0500_R067_T22NCL_20230312T173542_CLOUDS.tif,no_SCL,,,,,
22NCL,20200918,S2A_MSIL2A_20200918T140101_N0500_R067_T22NCL_20230422T195142.zip,,0.0,0.22803992023914985,0.06536567562814988,0.0,0.7065222743122949
22NCL,20200918,S2A_MSIL2A_20200918T140101_N0500_R067_T22NCL_20230422T195142_CLOUDS.tif,no_SCL,,,,,
22NCL,20200809,S2A_MSIL2A_20200809T140101_N0500_R067_T22NCL_20230422T105245.zip,,0.0,0.11324541059916855,0.07070945351873417,0.0,0.8158634510170836
22NCL,20200809,S2A_MSIL2A_20200809T140101_N0500_R067_T22NCL_20230422T105245_CLOUDS.tif,no_SCL,,,,,
22NCL,20200814,S2B_MSIL2A_20200814T140059_N0500_R067_T22NCL_20230419T160027.zip,,0.0,0.09256704523209942,0.05644974635120653,0.0,0.8506571643756988
22NCL,20200814,S2B_MSIL2A_20200814T140059_N0500_R067_T22NCL_20230419T160027_CLOUDS.tif,no_SCL,,,,,
22NCK,20201023,S2B_MSIL2A_20201023T140059_N0500_R067_T22NCK_20230503T062238.zip,,0.0,0.29690432347603357,0.108825949482583,0.0,0.5940467350805073
22NCK,20201023,S2B_MSIL2A_20201023T140059_N0500_R067_T22NCK_20230503T062238_CLOUDS.tif,no_SCL,,,,,
22NCL,20190303,S2B_MSIL2A_20190303T140049_N0500_R067_T22NCL_20221111T111633.zip,,0.0,0.7245436146529043,0.011615588534875465,0.0,0.26383694811895114
22NCL,20190825,S2A_MSIL2A_20190825T140051_N0500_R067_T22NCL_20230430T232837.zip,,0.0,0.1187503359312013,0.063840232779586,0.0,0.8171853444414584
22NCL,20201008,S2A_MSIL2A_20201008T140101_N0500_R067_T22NCL_20230309T141818.zip,,0.0,0.18368290085301642,0.0534226827382789,0.0,0.7628336999545456
22NCL,20201008,S2A_MSIL2A_20201008T140101_N0500_R067_T22NCL_20230309T141818_CLOUDS.tif,no_SCL,,,,,
22NCL,20201018,S2A_MSIL2A_20201018T140101_N0500_R067_T22NCL_20230413T073727.zip,,0.0,0.18651673352112302,0.06426604424006556,0.0,0.7491207726583522
22NCL,20201018,S2A_MSIL2A_20201018T140101_N0500_R067_T22NCL_20230413T073727_CLOUDS.tif,no_SCL,,,,,
22NDK,20200814,S2B_MSIL2A_20200814T140059_N0500_R067_T22NDK_20230419T160027_CLOUDS.tif,no_SCL,,,,,
22NDK,20200821,S2B_MSIL2A_20200821T135119_N0500_R024_T22NDK_20230509T222927.zip,,0.8653443751016088,0.0016720913334726825,9.117421640936825e-05,0.0,0.132887316233191
22NDK,20200821,S2B_MSIL2A_20200821T135119_N0500_R024_T22NDK_20230509T222927_CLOUDS.tif,no_SCL,,,,,
22NDK,20200826,S2A_MSIL2A_20200826T135121_N0500_R024_T22NDK_20230317T230113.zip,,0.8560921496610827,0.009881320898072667,0.0005614778982153344,0.0,0.13346296130404345
22NDK,20200630,S2A_MSIL2A_20200630T140101_N0500_R067_T22NDK_20230327T183421_CLOUDS.tif,no_SCL,,,,,
22NDK,20200707,S2A_MSIL2A_20200707T135121_N0500_R024_T22NDK_20230320T225926.zip,,0.8632978988125454,0.008958364438074193,0.0012850654111963796,0.0,0.1264561829589152
22NDK,20200707,S2A_MSIL2A_20200707T135121_N0500_R024_T22NDK_20230320T225926_CLOUDS.tif,no_SCL,,,,,
22NDK,20200710,S2A_MSIL2A_20200710T140101_N0500_R067_T22NDK_20230626T184212.zip,,0.0077367361090374615,0.40323980345121613,0.05645541985593943,0.0,0.5324875166306681
22NDK,20200804,S2B_MSIL2A_20200804T140059_N0500_R067_T22NDK_20230316T192701_CLOUDS.tif,no_SCL,,,,,
22NDK,20200809,S2A_MSIL2A_20200809T140101_N0500_R067_T22NDK_20230422T105245.zip,,0.01005623737147521,0.3580424417968089,0.08171877332855565,0.0,0.5501662900919373
22NDK,20200809,S2A_MSIL2A_20200809T140101_N0500_R067_T22NDK_20230422T105245_CLOUDS.tif,no_SCL,,,,,
22NDK,20200814,S2B_MSIL2A_20200814T140059_N0500_R067_T22NDK_20230419T160027.zip,,0.00823753073148397,0.28096821178430065,0.11516889459557202,0.0,0.5955806384185852
22NDK,20200826,S2A_MSIL2A_20200826T135121_N0500_R024_T22NDK_20230317T230113_CLOUDS.tif,no_SCL,,,,,
22NDK,20200910,S2B_MSIL2A_20200910T135119_N0500_R024_T22NDK_20230310T054420.zip,,0.8638188990746547,0.01030374816274664,0.0011357626550675013,0.0,0.12473983165284787
22NDK,20200910,S2B_MSIL2A_20200910T135119_N0500_R024_T22NDK_20230310T054420_CLOUDS.tif,no_SCL,,,,,
22NDK,20200925,S2A_MSIL2A_20200925T135121_N0500_R024_T22NDK_20230424T055804.zip,,0.8534997893172219,0.0036032395380240943,0.0006459169014037776,0.0,0.1422488976479839
22NDK,20200710,S2A_MSIL2A_20200710T140101_N0500_R067_T22NDK_20230626T184212_CLOUDS.tif,no_SCL,,,,,
22NDK,20200715,S2B_MSIL2A_20200715T140059_N0500_R067_T22NDK_20230423T062731.zip,,0.006288233947465337,0.21922671125842316,0.10358157404919029,0.0,0.6708607801566684
22NDK,20200715,S2B_MSIL2A_20200715T140059_N0500_R067_T22NDK_20230423T062731_CLOUDS.tif,no_SCL,,,,,
22NDK,20200804,S2B_MSIL2A_20200804T140059_N0500_R067_T22NDK_20230316T192701.zip,,0.007634977986138068,0.2709249803418038,0.11907362616580569,0.0,0.6023422616381499
22NDK,20190706,S2A_MSIL2A_20190706T140101_N0500_R067_T22NDK_20230604T045654.zip,,0.009671500758126218,0.25460668677277115,0.12539779230991271,0.0,0.6102636686673236
22NDK,20200122,S2A_MSIL2A_20200122T135641_N0500_R067_T22NDK_20230601T225807.zip,,0.0057321309484706425,0.2527518488657967,0.11633922913328092,0.0,0.6251094389202425
22NDK,20200122,S2A_MSIL2A_20200122T135641_N0500_R067_T22NDK_20230601T225807_CLOUDS.tif,no_SCL,,,,,
22NDK,20200630,S2A_MSIL2A_20200630T140101_N0500_R067_T22NDK_20230327T183421.zip,,0.009380161313333399,0.3297052763594016,0.06120845650810714,0.0,0.5995600545452736
22NDK,20200925,S2A_MSIL2A_20200925T135121_N0500_R024_T22NDK_20230424T055804_CLOUDS.tif,no_SCL,,,,,
30NVM,20200125,S2A_MSIL2A_20200125T103321_N0500_R108_T30NVM_20230428T120641.zip,,0.0,0.2844717502596209,0.11508296256482228,0.0,0.600443595077654
30NVM,20200130,S2B_MSIL2A_20200130T103159_N0500_R108_T30NVM_20230427T144808.zip,,0.0,0.2878796686142382,0.047126983653007125,0.0,0.6649146154126894
30NVM,20200204,S2A_MSIL2A_20200204T103221_N0500_R108_T30NVM_20230508T233135.zip,,0.0,0.22441521428263345,0.09613348993533531,0.0,0.6788580993427361
30NVN,20200229,S2B_MSIL2A_20200229T102849_N0500_R108_T30NVN_20230630T154144.zip,,0.0,0.19166001439942137,0.016586905816503596,0.0,0.7917530466056848
30NVP,20200105,S2A_MSIL2A_20200105T103421_N0500_R108_T30NVP_20230421T165631.zip,,0.0,0.00044223476365373704,0.0,0.0,0.9995106187437998
30NVP,20200130,S2B_MSIL2A_20200130T103159_N0500_R108_T30NVP_20230427T144808.zip,,0.0,0.12794423376166636,0.0,0.0,0.8719386465207482
30NVP,20200209,S2B_MSIL2A_20200209T103059_N0500_R108_T30NVP_20230624T065707.zip,,0.0,0.0010322128990945616,0.001830916287603558,0.0,0.9969385967531628
30NWL,20200204,S2A_MSIL2A_20200204T103221_N0500_R108_T30NWL_20230508T233135.zip,,0.8150910912704338,0.021607194402141996,0.009471899562377033,0.0,0.15378064439069544
30NWL,20200804,S2B_MSIL2A_20200804T101559_N0500_R065_T30NWL_20230403T073925.zip,,0.020849930823056327,0.13097597552761936,0.04751663066811324,0.0,0.8005596530867516
30NWM,20190107,S2A_MSIL2A_20190107T102411_N0500_R065_T30NWM_20221219T125051.zip,,0.17628017159863438,0.03329876145069194,5.1094720986327185e-06,0.0,0.7903824473044216
30NWM,20200102,S2A_MSIL2A_20200102T102421_N0500_R065_T30NWM_20230425T023320.zip,,0.18829920935896033,0.07354020059654745,0.024995836112023516,0.0,0.7130922923281608
30NVP,20200429,S2B_MSIL2A_20200429T102559_N0500_R108_T30NVP_20230423T015040.zip,,0.0,0.048557270878331525,0.052297304919359924,0.0,0.8991288681855734
30NWL,20191228,S2B_MSIL2A_20191228T102339_N0500_R065_T30NWL_20230607T193707.zip,,0.020676175593312564,0.03282295015610433,0.026643209544759308,0.0,0.9196283356724099
30NWL,20200107,S2B_MSIL2A_20200107T102319_N0500_R065_T30NWL_20230421T064028.zip,,0.021176074399222297,0.0067130500562373715,1.211011244156456e-05,0.0,0.9720987654320987
30NWL,20200112,S2A_MSIL2A_20200112T102401_N0500_R065_T30NWL_20230424T091251.zip,,0.021941599397480433,0.06778978835504859,0.006551736722837681,0.0,0.9036842611670167
30NVM,20201230,S2A_MSIL2A_20201230T103441_N0500_R108_T30NVM_20230305T180617.zip,,0.0,0.3181204441922887,0.0804835086811258,0.0,0.6013218602459846
30NVN,20200125,S2A_MSIL2A_20200125T103321_N0500_R108_T30NVN_20230428T120641.zip,,0.0,0.18452384033231475,0.042427563279484805,0.0,0.7730460084737608
30NVN,20200130,S2B_MSIL2A_20200130T103159_N0500_R108_T30NVN_20230427T144808.zip,,0.0,0.05211644951410248,0.008307271707791282,0.0,0.9395597227613711
30NVN,20200204,S2A_MSIL2A_20200204T103221_N0500_R108_T30NVN_20230508T233135.zip,,0.0,0.22936151505801242,0.0021016519520505902,0.0,0.7684322547038662
30NWL,20200115,S2A_MSIL2A_20200115T103401_N0500_R108_T30NWL_20230427T124944.zip,,0.8179761845514779,9.824121353280182e-05,7.093539835634255e-05,0.0,0.1818497947916563
30NWL,20200117,S2B_MSIL2A_20200117T102249_N0500_R065_T30NWL_20230511T012144.zip,,0.021711772688212713,0.14660395950909252,0.006612619068948012,0.0,0.8250479925414979
30NWL,20200125,S2A_MSIL2A_20200125T103321_N0500_R108_T30NWL_20230428T120641.zip,,0.816445167733352,0.025627950803082937,0.004231472357424162,0.0,0.153695409106141
30NWL,20200127,S2B_MSIL2A_20200127T102209_N0500_R065_T30NWL_20230428T164032.zip,,0.022401650956698882,0.03847200241538681,2.7206280005706683e-06,0.0,0.9391236259999137
30NWM,20200105,S2A_MSIL2A_20200105T103421_N0500_R108_T30NWM_20230421T165631.zip,,0.6146350211180454,7.299245855189597e-07,0.0,0.0,0.3853642489573691
30NWM,20200107,S2B_MSIL2A_20200107T102319_N0500_R065_T30NWM_20230421T064028.zip,,0.1865943377759198,0.00010962140138884741,1.5527486637403326e-05,0.0,0.813280513336054
30NWM,20200112,S2A_MSIL2A_20200112T102401_N0500_R065_T30NWM_20230424T091251.zip,,0.18821420632313762,0.010720103782004704,8.049077474859075e-05,0.0,0.8009542105036148
30NWM,20200122,S2A_MSIL2A_20200122T102321_N0500_R065_T30NWM_20230425T140453.zip,,0.18968762545578813,0.05748531026771643,1.098204717303526e-05,0.0,0.7528160822293224
30NWP,20200105,S2A_MSIL2A_20200105T103421_N0500_R108_T30NWP_20230421T165631.zip,,0.20788192474477524,0.10325134953102345,0.0,0.0,0.6880358724755392
30NWP,20200107,S2B_MSIL2A_20200107T102319_N0500_R065_T30NWP_20230421T064028.zip,,0.585082265818627,4.313190732612035e-07,0.0,0.0,0.4149173028622997
30NWP,20200117,S2B_MSIL2A_20200117T102249_N0500_R065_T30NWP_20230511T012144.zip,,0.5859139153486551,1.6589195125430904e-06,1.964160702851019e-05,0.0,0.4139777903855661
30NWP,20200125,S2A_MSIL2A_20200125T103321_N0500_R108_T30NWP_20230428T120641.zip,,0.206246661424481,8.228240782213729e-06,1.4532134929877473e-05,0.0,0.7932200291306266
30NWM,20200127,S2B_MSIL2A_20200127T102209_N0500_R065_T30NWM_20230428T164032.zip,,0.19051635528747415,0.004019462443721156,0.0,0.0,0.8054641822688047
30NWM,20200130,S2B_MSIL2A_20200130T103159_N0500_R108_T30NWM_20230427T144808.zip,,0.6170430755040627,0.07162139475316937,0.01821015855952701,0.0,0.2931253380048507
30NWM,20200204,S2A_MSIL2A_20200204T103221_N0500_R108_T30NWM_20230508T233135.zip,,0.6118852293124443,0.008498412414026496,0.011193592589274753,0.0,0.3682022289242571
30NWP,20190326,S2B_MSIL2A_20190326T103029_N0500_R108_T30NWP_20221111T232501.zip,,0.21784731968374357,9.462476899545788e-05,0.000358691577002067,0.0,0.7816676454291791
30NWP,20200130,S2B_MSIL2A_20200130T103159_N0500_R108_T30NWP_20230427T144808.zip,,0.2101296279707101,0.02975278781424083,0.0,0.0,0.7591548136867495
30NWP,20200209,S2B_MSIL2A_20200209T103059_N0500_R108_T30NWP_20230624T065707.zip,,0.21070467583053806,0.0005206352998165235,0.0010403747830962738,0.0,0.7859819642270597
30NWP,20200429,S2B_MSIL2A_20200429T102559_N0500_R108_T30NWP_20230423T015040.zip,,0.21112471425111395,0.03152394982100259,0.03834300483409146,0.0,0.719000534172083
30NXL,20200112,S2A_MSIL2A_20200112T102401_N0500_R065_T30NXL_20230424T091251.zip,,0.0,0.054651245350878064,0.002228127975686876,0.0,0.9430779260851821
30NXM,20191228,S2B_MSIL2A_20191228T102339_N9999_R065_T30NXM_20240418T082731.zip,no_SCL,,,,,
30NXM,20200102,S2A_MSIL2A_20200102T102421_N0500_R065_T30NXM_20230425T023320.zip,,0.0,0.10595047793471156,0.06561577433386087,0.0,0.8282374643747035
30NXM,20200112,S2A_MSIL2A_20200112T102401_N0500_R065_T30NXM_20230424T091251.zip,,0.0,0.03084269793398164,5.242185659636166e-05,0.0,0.9690625777618521
30NXM,20200127,S2B_MSIL2A_20200127T102209_N0500_R065_T30NXM_20230428T164032.zip,,0.0,0.009113606126057976,0.0,0.0,0.9908863938739421
30NXL,20200117,S2B_MSIL2A_20200117T102249_N0500_R065_T30NXL_20230511T012144.zip,,0.0,0.1753670027637599,0.01440459719775316,0.0,0.8102191764459972
30NXL,20200127,S2B_MSIL2A_20200127T102209_N0500_R065_T30NXL_20230428T164032.zip,,0.0,0.07910660548571505,3.317839025086181e-08,0.0,0.9208933613358947
30NXL,20200421,S2A_MSIL2A_20200421T102021_N0500_R065_T30NXL_20230419T104731.zip,,0.0,0.13838660123888108,0.011216253429816091,0.0,0.850271266518691
30NXM,20191228,S2B_MSIL2A_20191228T102339_N9999_R065_T30NXM_20240418T082731.SAFE,,0.0,0.07458578438691311,0.06418260058858465,0.0,0.8604379879297016
30NXM,20200127,S2B_MSIL2A_20200127T102209_N9999_R065_T30NXM_20240422T121237.zip,no_SCL,,,,,
30NXM,20200206,S2B_MSIL2A_20200206T102109_N9999_R065_T30NXM_20240422T081341.zip,no_SCL,,,,,
30NXM,20200526,S2B_MSIL2A_20200526T101559_N9999_R065_T30NXM_20240422T121415.zip,no_SCL,,,,,
30NXM,20200804,S2B_MSIL2A_20200804T101559_N0500_R065_T30NXM_20230403T073925.zip,,0.0,0.2587419749768581,0.018782021293890862,0.0,0.7223764353801082
30NXM,20201227,S2A_MSIL2A_20201227T102431_N9999_R065_T30NXM_20240422T080438.zip,no_SCL,,,,,
30NXN,20200102,S2A_MSIL2A_20200102T102421_N0500_R065_T30NXN_20230425T023320.zip,,0.0,0.015417400738550966,2.6542712200689446e-06,0.0,0.9842081479490778
30NXN,20200107,S2B_MSIL2A_20200107T102319_N0500_R065_T30NXN_20230421T064028.zip,,0.0,6.529507201369604e-05,0.0,0.0,0.9999347049279863
30NXN,20200112,S2A_MSIL2A_20200112T102401_N0500_R065_T30NXN_20230424T091251.zip,,0.016881297673199493,0.00011234202938941808,0.00012057027017163182,0.0,0.9828225851938116
30NXP,20200216,S2B_MSIL2A_20200216T102019_N0500_R065_T30NXP_20230625T181909.zip,,0.0,1.3304534490595585e-05,0.0,0.0,0.9998240549964997
30NYM,20200102,S2A_MSIL2A_20200102T102421_N0500_R065_T30NYM_20230425T023320.zip,,0.00013410705339398344,0.04777761188582652,0.00011950856168360423,0.0,0.9518820773653703
30NYM,20200107,S2B_MSIL2A_20200107T102319_N0500_R065_T30NYM_20230421T064028.zip,,0.00038447118622698663,0.0015666835876456946,0.0,0.0,0.9980488452261274
30NYM,20200127,S2B_MSIL2A_20200127T102209_N0500_R065_T30NYM_20230428T164032.zip,,0.00015855952700886858,0.04655322975039897,0.0,0.0,0.9532882107225922
30NXN,20200127,S2B_MSIL2A_20200127T102209_N0500_R065_T30NXN_20230428T164032.zip,,0.0,1.0053052246011128e-05,2.289308927309465e-06,0.0,0.9999876576388267
30NXP,20200107,S2B_MSIL2A_20200107T102319_N0500_R065_T30NXP_20230421T064028.zip,,0.0,1.5859270539911944e-05,0.0,0.0,0.9999841407294601
30NXP,20200117,S2B_MSIL2A_20200117T102249_N0500_R065_T30NXP_20230511T012144.zip,,0.0,4.644974635120653e-06,0.0,0.0,0.9991690472161672
30NXP,20200127,S2B_MSIL2A_20200127T102209_N0500_R065_T30NXP_20230428T164032.zip,,0.0,2.919698342075839e-06,0.0,0.0,0.9999970803016579
30NYM,20200804,S2B_MSIL2A_20200804T101559_N0500_R065_T30NYM_20230403T073925.zip,,0.0004428651530685034,0.07432440502851682,0.008220311146943772,0.0,0.9169947345894672
30NYN,20200102,S2A_MSIL2A_20200102T102421_N0500_R065_T30NYN_20230425T023320.zip,,0.0,0.007499178834841291,0.0,0.0,0.9884071386624463
30NYN,20200107,S2B_MSIL2A_20200107T102319_N0500_R065_T30NYN_20230421T064028.zip,,0.0,0.004298426348950402,0.0,0.0,0.9957015736510496
30NYN,20200112,S2A_MSIL2A_20200112T102401_N0500_R065_T30NYN_20230424T091251.zip,,0.18133466710462143,0.00024286581663630845,0.0004533163459975249,0.0,0.8159475250579792
30NZM,20200117,S2B_MSIL2A_20200117T102249_N0500_R065_T30NZM_20230511T012144.zip,,0.8134873474208778,0.0007675820584536879,5.965474567104953e-05,0.0,0.18549254979246918
30NZM,20200127,S2B_MSIL2A_20200127T102209_N0500_R065_T30NZM_20230428T164032.zip,,0.8089920073257886,0.0007923331375808308,0.0,0.0,0.1902156595366306
30NZM,20200129,S2A_MSIL2A_20200129T101251_N0500_R022_T30NZM_20230428T031900.zip,,0.02455821314461465,0.019641772920461445,0.000164465280473522,0.0,0.9556355486544503
30NZM,20200208,S2A_MSIL2A_20200208T101151_N0500_R022_T30NZM_20230429T055917.zip,,0.025501209352324646,0.041293890863003106,8.526846294471485e-06,0.0,0.9329755043944777
30NYN,20200127,S2B_MSIL2A_20200127T102209_N0500_R065_T30NYN_20230428T164032.zip,,0.0,5.5507446889691806e-05,0.0,0.0,0.9999444925531104
30NYP,20200102,S2A_MSIL2A_20200102T102421_N0500_R065_T30NYP_20230425T023320.zip,,0.0,4.1041668740316055e-05,0.0,0.0,0.9995669224720555
30NYP,20200117,S2B_MSIL2A_20200117T102249_N0500_R065_T30NYP_20230511T012144.zip,,0.0,1.098204717303526e-05,0.0,0.0,0.9976615206983388
30NYP,20200206,S2B_MSIL2A_20200206T102109_N0500_R065_T30NYP_20230429T004037.zip,,0.0,0.00025189033878454285,0.00034751045948752657,0.0,0.9973113559676312
30NYP,20201028,S2A_MSIL2A_20201028T102141_N0500_R065_T30NYP_20230413T211850.zip,,0.0,0.007712947203227594,0.01057710492002349,0.0,0.9816616069621534
30NZM,20190305,S2A_MSIL2A_20190305T101021_N0500_R022_T30NZM_20221118T000924.zip,,0.02192308585572045,0.003635721182079688,0.002221127335343944,0.0,0.9721843988573362
30NZM,20200104,S2B_MSIL2A_20200104T101319_N0500_R022_T30NZM_20230426T032146.zip,,0.022613528156840885,0.04136903991692131,4.638338957070481e-05,0.0,0.9358923162166018
30NZM,20200112,S2A_MSIL2A_20200112T102401_N0500_R065_T30NZM_20230424T091251.zip,,0.8089321866881662,0.0002683136419587194,0.0002925670452320994,0.0,0.19047239392039178
30PWQ,20200125,S2A_MSIL2A_20200125T103321_N0500_R108_T30PWQ_20230428T120641.zip,,0.02935288867654719,8.394132733468037e-06,0.0,0.0,0.9684872644749022
30PWQ,20200206,S2B_MSIL2A_20200206T102109_N0500_R065_T30PWQ_20230429T004037.zip,,0.7861503445575827,3.317839025086181e-08,0.0,0.0,0.21361279491441634
30PWQ,20200209,S2B_MSIL2A_20200209T103059_N0500_R108_T30PWQ_20230624T065707.zip,,0.03163473246605021,0.0001331780584669593,0.0,0.0,0.9647040985265477
30PWQ,20200219,S2B_MSIL2A_20200219T102949_N0500_R108_T30PWQ_20230612T190438.zip,,0.03232225506882857,0.001962800388850734,0.0006703030182381611,0.0,0.9650103682469534
30NZM,20200228,S2A_MSIL2A_20200228T101021_N0500_R022_T30NZM_20230423T185017.zip,,0.022865650744357185,0.09879871002418705,0.0005920351956363781,0.0,0.8777412815485018
30NZM,20201219,S2B_MSIL2A_20201219T101329_N0500_R022_T30NZM_20230301T183006.zip,,0.022837050971960943,0.018535804459839218,0.007531959084409142,0.0,0.9509804877886935
30PWQ,20190115,S2B_MSIL2A_20190115T103359_N0500_R108_T30PWQ_20221202T094221.zip,,0.03851291137056612,1.0384836148519746e-05,0.0,0.0,0.9569192205732562
30PWQ,20200117,S2B_MSIL2A_20200117T102249_N0500_R065_T30PWQ_20230511T012144.zip,,0.7836437503525204,5.972110245155126e-07,0.0,0.0,0.21596905783325204
30PWQ,20200221,S2A_MSIL2A_20200221T102041_N0500_R065_T30PWQ_20230423T105322.zip,,0.784620953480579,0.0,0.0,0.0,0.21524099123758714
30PWQ,20201115,S2B_MSIL2A_20201115T103309_N0500_R108_T30PWQ_20230313T144229.zip,,0.03500038155148789,0.00040812737847585113,0.00034319726875491454,0.0,0.9638321040739746
30PWQ,20201225,S2B_MSIL2A_20201225T103339_N0500_R108_T30PWQ_20230403T173004.zip,,0.03484583660969937,0.0006130039382749228,0.0009316160198539487,0.0,0.9600824151213831
30PWR,20200209,S2B_MSIL2A_20200209T103059_N0500_R108_T30PWR_20230624T065707.zip,,0.0,1.0285300977767161e-05,0.0,0.0,0.9997390519606769
30PWR,20200219,S2B_MSIL2A_20200219T102949_N0500_R108_T30PWR_20230612T190438.zip,,0.0,4.644974635120653e-07,0.0,0.0,0.9999995355025365
30PWR,20201031,S2A_MSIL2A_20201031T103201_N0500_R108_T30PWR_20230416T074554.zip,,0.0,0.0,0.0,0.0,0.9999823490963865
30PWR,20201225,S2B_MSIL2A_20201225T103339_N0500_R108_T30PWR_20230403T173004.zip,,0.0,8.759095026227518e-06,0.0,0.0,0.9986528909990345
30PWS,20200209,S2B_MSIL2A_20200209T103059_N0500_R108_T30PWS_20230624T065707.zip,,0.0,4.313190732612035e-07,0.0,0.0,0.999942601384866
30PWT,20201021,S2A_MSIL2A_20201021T103101_N0500_R108_T30PWT_20230306T065120.zip,,0.0,3.9017786935013486e-05,0.00013168503090567053,0.0,0.9998257802727927
30PWT,20201026,S2B_MSIL2A_20201026T103039_N0500_R108_T30PWT_20230413T033758.zip,,0.0,3.317839025086181e-08,0.0,0.0,0.9999999336432195
30PWT,20201110,S2A_MSIL2A_20201110T103251_N0500_R108_T30PWT_20230320T035054.zip,,0.0,7.962813660206834e-07,0.0,0.0,0.9999974120855605
30PXQ,20200117,S2B_MSIL2A_20200117T102249_N0500_R065_T30PXQ_20230511T012144.zip,,0.0,3.241528727509199e-05,0.0,0.0,0.9997937299478104
30PWS,20200305,S2A_MSIL2A_20200305T103021_N0500_R108_T30PWS_20230411T053559.zip,,0.0,0.0,0.0,0.0,1.0
30PWS,20201115,S2B_MSIL2A_20201115T103309_N0500_R108_T30PWS_20230313T144229.zip,,0.0,8.759095026227518e-06,0.0,0.0,0.9999508959824287
30PWS,20201225,S2B_MSIL2A_20201225T103339_N0500_R108_T30PWS_20230403T173004.zip,,0.0,6.768391611175809e-06,0.0,0.0,0.9997046791483771
30PWT,20200209,S2B_MSIL2A_20200209T103059_N0500_R108_T30PWT_20230624T065707.zip,,0.0,7.796921708952525e-06,0.0,0.0,0.999991539510486
30PXQ,20200206,S2B_MSIL2A_20200206T102109_N0500_R065_T30PXQ_20230429T004037.zip,,0.0,1.781679556471279e-05,0.0,0.0,0.9998738557602662
30PXQ,20200216,S2B_MSIL2A_20200216T102019_N0500_R065_T30PXQ_20230625T181909.zip,,0.0,3.380877966562818e-05,0.0,0.0,0.9997820179760518
30PXQ,20200221,S2A_MSIL2A_20200221T102041_N0500_R065_T30PXQ_20230423T105322.zip,,0.0,9.654911563000787e-06,0.0,0.0,0.9999903119100467
30PXR,20190313,S2B_MSIL2A_20190313T102019_N0500_R065_T30PXR_20221120T033533.zip,,0.08119097149644494,2.3556657078111886e-06,0.0,0.0,0.9188066728378472
30PXR,20200102,S2A_MSIL2A_20200102T102421_N0500_R065_T30PXR_20230425T023320.zip,,0.07383714718929267,3.745840259322298e-05,0.0,0.0,0.9255862787449278
30PXR,20200112,S2A_MSIL2A_20200112T102401_N0500_R065_T30PXR_20230423T134903.zip,,0.0737552961005438,0.00019213605794274073,0.0,0.0,0.9260458658066828
30PXR,20200117,S2B_MSIL2A_20200117T102249_N0500_R065_T30PXR_20230511T012144.zip,,0.07320476707111125,8.593203074973208e-06,0.0,0.0,0.9264116907375888
30PXR,20200429,S2B_MSIL2A_20200429T102559_N0500_R108_T30PXR_20230423T015040.zip,,0.715166903892157,0.004404796268094664,0.0,0.0,0.2804282998397484
30PXR,20201023,S2B_MSIL2A_20201023T102029_N0500_R065_T30PXR_20230325T083818.zip,,0.0653587081661972,0.00010524185387573366,0.0,0.0,0.9345192948928503
30PXR,20201031,S2A_MSIL2A_20201031T103201_N0500_R108_T30PXR_20230416T074554.zip,,0.73172331876802,0.0,0.0,0.0,0.2682713395111496
30PXR,20201115,S2B_MSIL2A_20201115T103309_N0500_R108_T30PXR_20230313T144229.zip,,0.7213468103954532,0.0,0.0,0.0,0.2785409802887184
30PXS,20200219,S2B_MSIL2A_20200219T102949_N0500_R108_T30PXS_20230612T190438.zip,,0.5134579181887253,4.644974635120653e-07,6.635678050172362e-08,0.0,0.48654155095703067
30PXS,20201202,S2B_MSIL2A_20201202T102409_N0500_R065_T30PXS_20230305T222047.zip,,0.259392536852897,1.1446544636547323e-05,0.0,0.0,0.7399599205045769
30PXT,20190306,S2B_MSIL2A_20190306T103019_N0500_R108_T30PXT_20221114T120741.zip,,0.9999996682160975,0.0,3.317839025086181e-07,0.0,0.0
30PXT,20200115,S2A_MSIL2A_20200115T103401_N0500_R108_T30PXT_20230427T124944.zip,,0.3071055172345148,2.256130537058603e-06,0.0,0.0,0.692734032070232
30PXT,20200120,S2B_MSIL2A_20200120T103239_N0500_R108_T30PXT_20230425T092135.zip,,0.31048327643239404,0.0,0.0,0.0,0.689516723567606
30PXS,20200221,S2A_MSIL2A_20200221T102041_N0500_R065_T30PXS_20230423T105322.zip,,0.2669197846058905,1.8248114637973994e-06,0.0,0.0,0.733012431942827
30PXS,20200307,S2B_MSIL2A_20200307T101759_N0500_R065_T30PXS_20230629T221403.zip,,0.2654540296813879,3.981406830103417e-07,0.0,0.0,0.734544908610124
30PXS,20201031,S2A_MSIL2A_20201031T103201_N0500_R108_T30PXS_20230416T074554.zip,,0.5285600246847223,0.0,0.0,0.0,0.47141359849502823
30PXS,20201117,S2A_MSIL2A_20201117T102321_N0500_R065_T30PXS_20230404T090222.zip,,0.24758759924485985,2.1897737565568796e-06,0.0,0.0,0.7523325403698063
30PXT,20201227,S2A_MSIL2A_20201227T102431_N0500_R065_T30PXT_20230330T191433.zip,,0.4463426133290865,1.5394773076399878e-05,0.0,0.0,0.5535746065872376
30PYQ,20200117,S2B_MSIL2A_20200117T102249_N0500_R065_T30PYQ_20230511T012144.zip,,0.0,3.918367888626779e-05,0.0,0.0,0.999932415619059
30PYQ,20200206,S2B_MSIL2A_20200206T102109_N0500_R065_T30PYQ_20230429T004037.zip,,0.0,1.8082222686719685e-05,0.0,0.0,0.9999705707678475
30PYQ,20200216,S2B_MSIL2A_20200216T102019_N0500_R065_T30PYQ_20230625T181909.zip,,0.0,3.34438173728687e-05,0.0,0.0,0.9999650631550658
30PYQ,20200221,S2A_MSIL2A_20200221T102041_N0500_R065_T30PYQ_20230423T105322.zip,,0.0,1.8613076930733474e-05,0.0,0.0,0.9999813869230693
30PYR,20200102,S2A_MSIL2A_20200102T102421_N0500_R065_T30PYR_20230425T023320.zip,,0.0,3.0192335128284246e-05,0.0,0.0,0.9999454547264276
30PYR,20200117,S2B_MSIL2A_20200117T102249_N0500_R065_T30PYR_20230511T012144.zip,,0.0,4.694742220496946e-05,0.0,0.0,0.9999467818620377
30PYR,20200216,S2B_MSIL2A_20200216T102019_N0500_R065_T30PYR_20230625T181909.zip,,0.0,6.970779791706066e-05,0.0,0.0,0.999925547692277
30PXT,20200209,S2B_MSIL2A_20200209T103059_N0500_R108_T30PXT_20230624T065707.zip,,0.3099072663992488,3.583266147093075e-06,0.0,0.0,0.6900358990182515
30PXT,20201031,S2A_MSIL2A_20201031T103201_N0500_R108_T30PXT_20230416T074554.zip,,0.3264594012627695,0.0,0.0,0.0,0.6735355888003026
30PXT,20201115,S2B_MSIL2A_20201115T103309_N0500_R108_T30PXT_20230313T144229.zip,,0.31587725322742793,4.644974635120653e-07,0.0,0.0,0.6841172723381806
30PXT,20201202,S2B_MSIL2A_20201202T102409_N0500_R065_T30PXT_20230305T222047.zip,,0.45480472858417853,6.502964489168914e-06,0.0,0.0,0.5451680319574255
30PYR,20201212,S2B_MSIL2A_20201212T102329_N0500_R065_T30PYR_20230225T185642.zip,,0.0,2.0968742638544664e-05,8.234876460263901e-05,0.0,0.9998534178718717
30PYS,20200102,S2A_MSIL2A_20200102T102421_N0500_R065_T30PYS_20230425T023320.zip,,0.0,3.755793776397557e-05,0.0,0.0,0.9988317225224866
30PYS,20201023,S2B_MSIL2A_20201023T102029_N0500_R065_T30PYS_20230325T083818.zip,,0.0,3.317839025086181e-08,0.0,0.0,0.9999762442725804
30PYS,20201028,S2A_MSIL2A_20201028T102141_N0500_R065_T30PYS_20230413T211850.zip,,0.0,6.635678050172362e-08,0.0,0.0,0.9999764765213122
30PYS,20201212,S2B_MSIL2A_20201212T102329_N0500_R065_T30PYS_20230225T185642.zip,,3.317839025086181e-08,9.555376392248201e-06,0.0,0.0,0.999243101383207
30PYT,20200406,S2B_MSIL2A_20200406T101559_N0500_R065_T30PYT_20230424T191230.zip,,0.0,0.0003173513027494932,1.393492390536196e-06,0.0,0.999632980647045
30PYT,20201028,S2A_MSIL2A_20201028T102141_N0500_R065_T30PYT_20230413T211850.zip,,0.0,8.337729470041572e-05,9.953517075258543e-08,0.0,0.9999068682585658
30PYT,20201212,S2B_MSIL2A_20201212T102329_N0500_R065_T30PYT_20230225T185642.zip,,0.0,0.00023477028941509815,0.0,0.0,0.9996668557834911
30PZQ,20200221,S2A_MSIL2A_20200221T102041_N0500_R065_T30PZQ_20230423T105322.zip,,0.21398601862634828,9.031157826284585e-05,1.522888112514557e-05,0.0,0.7858667024993281
30PZQ,20201109,S2B_MSIL2A_20201109T101239_N0500_R022_T30PZQ_20230404T061355.zip,,0.7772916148254319,2.9429232152514425e-05,3.5135915275662656e-05,0.0,0.22263389968845493
30PZR,20191123,S2A_MSIL2A_20191123T102341_N0500_R065_T30PZR_20230526T181726.zip,,0.0448450071499431,7.820146582128128e-05,0.00019107434945471317,0.0,0.9548229766988166
30PZR,20200102,S2A_MSIL2A_20200102T102421_N0500_R065_T30PZR_20230425T023320.zip,,0.036689227972037254,1.2176469222066283e-05,0.0,0.0,0.961451654108646
30PZQ,20200117,S2B_MSIL2A_20200117T102249_N0500_R065_T30PZQ_20230511T012144.zip,,0.2188492407125391,2.5447825322411008e-05,1.410081585661627e-05,0.0,0.7804321485330175
30PZQ,20200119,S2A_MSIL2A_20200119T101331_N0500_R022_T30PZQ_20230424T113055.zip,,0.5747608667522669,8.792273416478379e-06,0.0,0.0,0.42455273871022325
30PZQ,20200206,S2B_MSIL2A_20200206T102109_N0500_R065_T30PZQ_20230429T004037.zip,,0.21657064840528067,7.89645687970511e-06,0.0,0.0,0.7827489291674546
30PZQ,20200216,S2B_MSIL2A_20200216T102019_N0500_R065_T30PZQ_20230625T181909.zip,,0.21867737665103965,2.6907674493448925e-05,0.0,0.0,0.7809711314826427
30PYT,20201227,S2A_MSIL2A_20201227T102431_N0500_R065_T30PYT_20230330T191433.zip,,0.0,0.00017335708906075295,0.0,0.0,0.9998082620827403
30PZQ,20191223,S2A_MSIL2A_20191223T102431_N0500_R065_T30PZQ_20230531T231617.zip,,0.21337324693680512,5.8593037183021954e-05,0.0,0.0,0.7860312009581919
30PZQ,20200112,S2A_MSIL2A_20200112T102401_N0500_R065_T30PZQ_20230423T134903.zip,,0.21441083473512032,6.071645415907711e-06,0.0,0.0,0.7855489198775054
30PZQ,20200114,S2B_MSIL2A_20200114T101259_N0500_R022_T30PZQ_20230513T191342.zip,,0.5729133944479282,1.486391883238609e-05,0.0,0.0,0.42637735110367914
30PZR,20201224,S2A_MSIL2A_20201224T101431_N0500_R022_T30PZR_20230403T064146.zip,,0.7499742203907751,6.104823806158573e-06,0.0,0.0,0.24885936012156562
30PZR,20201227,S2A_MSIL2A_20201227T102431_N0500_R065_T30PZR_20230330T191433.zip,,0.04617390121466087,2.660906898119117e-05,0.0,0.0,0.9524516839691972
30PZS,20200221,S2A_MSIL2A_20200221T102041_N0500_R065_T30PZS_20230423T105322.zip,,0.0,2.402115454162395e-05,3.317839025086181e-08,0.0,0.9998606839393366
30PZS,20200307,S2B_MSIL2A_20200307T101759_N0500_R065_T30PZS_20230629T221403.zip,,0.0,4.180477171608588e-06,0.0,0.0,0.9998854350184637
30PZR,20200206,S2B_MSIL2A_20200206T102109_N0500_R065_T30PZR_20230429T004037.zip,,0.03784280742266947,3.341063898261784e-05,4.41272590336462e-06,0.0,0.9612353310042103
30PZR,20200216,S2B_MSIL2A_20200216T102019_N0500_R065_T30PZR_20230625T181909.zip,,0.03910760083742257,6.615771016021844e-05,0.0,0.0,0.9602295612821458
30PZR,20201109,S2B_MSIL2A_20201109T101239_N0500_R022_T30PZR_20230404T061355.zip,,0.7585742582141399,0.0,0.0,0.0,0.2414244810070305
30PZR,20201204,S2A_MSIL2A_20201204T101411_N0500_R022_T30PZR_20230301T040700.zip,,0.7534039037693969,0.0,0.0,0.0,0.24611590538850237
30PZS,20201202,S2B_MSIL2A_20201202T102409_N0500_R065_T30PZS_20230305T222047.zip,,0.0,1.9907034150517085e-06,0.0,0.0,0.9996479772794383
30PZS,20201227,S2A_MSIL2A_20201227T102431_N0500_R065_T30PZS_20230330T191433.zip,,0.0,2.6409998639686e-05,0.0,0.0,0.999433412629686
31NBH,20200129,S2A_MSIL2A_20200129T101251_N0500_R022_T31NBH_20230428T031900.zip,,0.0,0.0024839001861307695,0.0,0.0,0.9973772150722792
31NBH,20200208,S2A_MSIL2A_20200208T101151_N0500_R022_T31NBH_20230429T055917.zip,,0.0,0.005707910723587513,0.0,0.0,0.9921424945504494
31NBH,20200329,S2A_MSIL2A_20200329T101021_N0500_R022_T31NBH_20230601T113226.zip,,0.0,0.08517181429391409,0.0009531819735170089,0.0,0.9138666095998355
31NBH,20201229,S2B_MSIL2A_20201229T101329_N0500_R022_T31NBH_20230303T231806.zip,,0.0,0.003309909389816225,0.0012462798729931221,0.0,0.9954027690684504
31NBJ,20200109,S2A_MSIL2A_20200109T101401_N0500_R022_T31NBJ_20230426T022932.zip,,0.0,0.02204272713096506,0.0,0.0,0.9779268151067847
31NBJ,20200114,S2B_MSIL2A_20200114T101259_N0500_R022_T31NBJ_20230513T191342.zip,,0.0,0.00041104707681792696,0.0003064024339667088,0.0,0.9987430035069559
31NBJ,20200208,S2A_MSIL2A_20200208T101151_N0500_R022_T31NBJ_20230429T055917.zip,,0.0,0.03078231326372507,0.0,0.0,0.9626909333412962
31NBJ,20201114,S2A_MSIL2A_20201114T101301_N0500_R022_T31NBJ_20230403T035711.zip,,0.0,0.045607645628249406,0.0,0.0,0.9542689971167979
32TNS,20191223,S2A_MSIL2A_20191223T102431_N0500_R065_T32TNS_20230613T130625.zip,,0.0,0.7217562317311489,0.004820189714035455,0.12363864088042176,0.06851626238798146
32TNS,20200117,S2B_MSIL2A_20200117T102249_N0500_R065_T32TNS_20230611T221314.zip,,3.981406830103417e-07,0.004941888049475616,0.00106140988251532,0.4303911732210577,0.16944595406120086
32TNS,20200122,S2A_MSIL2A_20200122T102321_N0500_R065_T32TNS_20230602T061603.zip,,6.635678050172362e-07,8.423993284693813e-05,2.3025802834098095e-05,0.46453903603504965,0.1686582327198649
32TNS,20200521,S2A_MSIL2A_20200521T102031_N9999_R065_T32TNS_20240506T164626.SAFE,,0.0,0.014669957962979553,0.001129856901602848,0.22578398877243275,0.725064017703989
32TNS,20200521,S2A_MSIL2A_20200521T102031_N9999_R065_T32TNS_20240506T164626.zip,no_SCL,,,,,
32TNS,20201028,S2A_MSIL2A_20201028T102141_N0500_R065_T32TNS_20230413T211850.zip,,3.981406830103417e-07,0.0653684294345407,0.0048743036685346105,0.5136036045003168,0.21744788504351345
32TNT,20200908,S2A_MSIL2A_20200908T102031_N0500_R065_T32TNT_20230415T212156.zip,,3.317839025086181e-08,0.02127355250977933,0.006363084395871281,0.0016197358336568226,0.9298780362374378
32TNT,20201117,S2A_MSIL2A_20201117T102321_N0500_R065_T32TNT_20230404T090222.zip,,0.5679170938384411,0.0003196406116768027,0.00013550054578451962,0.050308061353479254,0.21876563116910694
32TPS,20191026,S2B_MSIL2A_20191026T101029_N0500_R022_T32TPS_20230713T141512.zip,,8.294597562715452e-07,2.0404710004280012e-05,6.635678050172362e-08,0.0321676105918693,0.7363068138460058
32TPS,20200423,S2B_MSIL2A_20200423T100549_N0500_R022_T32TPS_20230519T193533.zip,,2.0238818053025702e-05,0.0018645259969276812,0.00034568564802372917,0.35753365118231195,0.5898393834127956
32TNS,20201107,S2A_MSIL2A_20201107T102231_N0500_R065_T32TNS_20230412T040718.zip,,1.9907034150517086e-07,5.441256001141337e-06,0.0,0.20748322002913064,0.45746653129883447
32TNT,20190904,S2A_MSIL2A_20190904T102021_N0500_R065_T32TNT_20230703T073148.zip,,6.635678050172362e-08,2.621092829818083e-05,8.560024684722346e-06,0.002396840090112508,0.9628336004193748
32TNT,20200406,S2B_MSIL2A_20200406T101559_N0500_R065_T32TNT_20230424T191230.zip,,0.0,0.006304292288346754,1.2674145075829211e-05,0.2689712376534915,0.6549338257006446
32TNT,20200809,S2A_MSIL2A_20200809T102031_N0500_R065_T32TNT_20230420T170300.zip,,3.317839025086181e-08,0.015790823520824417,0.008403389504348028,0.003604699387195132,0.9525884452938113
32TPT,20190904,S2A_MSIL2A_20190904T102021_N0500_R065_T32TPT_20230703T073148.zip,,0.00017133320725545037,4.246833952110312e-06,0.0,0.008884774768497783,0.9259502456859798
32TPT,20200406,S2B_MSIL2A_20200406T101559_N0500_R065_T32TPT_20230621T091440.zip,,0.9660591703411734,8.294597562715453e-06,7.962813660206834e-06,1.8214936247723133e-05,0.03367520346647821
32TPT,20200908,S2A_MSIL2A_20200908T102031_N0500_R065_T32TPT_20230415T212156.SAFE,,0.0002530184040530722,0.012243920889446286,0.009570339846251339,0.010684337477314275,0.8935323041396678
32TPT,20200908,S2A_MSIL2A_20200908T102031_N0500_R065_T32TPT_20230415T212156.zip,,0.0002530184040530722,0.012243920889446286,0.009570339846251339,0.010684337477314275,0.8935323041396678
32TPS,20200707,S2A_MSIL2A_20200707T101031_N0500_R022_T32TPS_20230614T182201.zip,,3.317839025086181e-08,0.012507191416086874,0.001651819337029406,0.06481206100842399,0.9108116761390971
32TPS,20201109,S2B_MSIL2A_20201109T101239_N0500_R022_T32TPS_20230404T061355.zip,,1.9907034150517086e-07,8.029170440708558e-06,0.0,0.12944130908656573,0.5457321973052511
32TPS,20201114,S2A_MSIL2A_20201114T101301_N0500_R022_T32TPS_20230303T045939.zip,,2.654271220068945e-07,0.015199286001041801,0.0017135643212862599,0.11670721065955322,0.5213038112016881
32TPT,20190305,S2A_MSIL2A_20190305T101021_N0500_R022_T32TPT_20221118T002550.zip,,0.09202786321213267,0.24214455161064496,0.04787004688106542,0.35394842751019406,0.1833591461209485
32TPT,20200913,S2B_MSIL2A_20200913T101629_N0500_R065_T32TPT_20230418T112835.zip,,8.885172909180793e-05,0.0012772353110971763,0.0005888168917820445,0.007326584848756308,0.8457360459985203
32TPT,20200915,S2A_MSIL2A_20200915T101031_N0500_R022_T32TPT_20230416T031135.SAFE,,0.0890721994950249,0.0002230251392662931,0.00046267265204826794,0.007958732718205979,0.8498719314136317
32TPT,20200915,S2A_MSIL2A_20200915T101031_N0500_R022_T32TPT_20230416T031135.zip,,0.0890721994950249,0.0002230251392662931,0.00046267265204826794,0.007958732718205979,0.8498719314136317
32TPT,20201107,S2A_MSIL2A_20201107T102231_N0500_R065_T32TPT_20230412T040718.zip,,0.0002762432772286754,0.0012588876612884495,2.2395413419331722e-05,0.07759805043778886,0.6136837303127727
32TQS,20200905,S2A_MSIL2A_20200905T101031_N0500_R022_T32TQS_20230419T085120.zip,,0.0,0.0033842289839781554,7.133353903935288e-05,0.0006096197424693349,0.9492095248522732
32TQS,20201119,S2B_MSIL2A_20201119T101319_N0500_R022_T32TQS_20231117T015212.zip,,2.3224873175603266e-07,0.006368492473482172,3.828786234949453e-05,0.029881619503584925,0.6060741669735668
33TUN,20200319,S2A_MSIL2A_20200319T101021_N0500_R022_T33TUN_20230629T052326.zip,,6.635678050172362e-08,6.99400466488167e-05,5.275364049887028e-06,0.4820790574682898,0.4331975010036463
33TUN,20200423,S2B_MSIL2A_20200423T100549_N0500_R022_T33TUN_20230519T193533.zip,,0.0,0.006039230128632619,0.0013362596673534594,0.32065391289345424,0.606965603962827
33TUN,20200821,S2B_MSIL2A_20200821T100559_N0500_R022_T33TUN_20230512T235511.zip,,3.317839025086181e-08,0.009743265616238832,0.00838918915332066,0.010177736636573866,0.9448393668236005
33TUN,20200905,S2A_MSIL2A_20200905T101031_N0500_R022_T33TUN_20230419T085120.zip,,3.317839025086181e-08,0.006854389998706043,1.227600439281887e-06,0.013106758106310198,0.9332348598710688
33TVM,20190630,S2A_MSIL2A_20190630T100031_N0500_R122_T33TVM_20230724T224648.zip,,0.0,9.253453040965358e-05,6.22094817203659e-05,0.0006860295752170696,0.9967730697642012
33TVM,20200101,S2B_MSIL2A_20200101T100319_N0500_R122_T33TVM_20230618T201545.zip,,8.294597562715452e-07,0.0016366236342945113,0.0009027508203356989,0.053673013692721656,0.579757565502437
33TVM,20200106,S2A_MSIL2A_20200106T100401_N0500_R122_T33TVM_20230422T061153.zip,,7.631029757698216e-07,0.00024688040185666274,0.00023380811609782318,0.04933885421747108,0.5963230049004482
33TVM,20200316,S2A_MSIL2A_20200316T100021_N0500_R122_T33TVM_20230408T235406.zip,,9.953517075258543e-08,0.0008453190268114571,0.0,0.08292626766334552,0.8713803205696066
33TVM,20200405,S2A_MSIL2A_20200405T100021_N0500_R122_T33TVM_20230405T192400.zip,,0.0,0.001955069823922283,2.1532775272809315e-05,0.07896251173685555,0.8388583315914678
33TVM,20200808,S2B_MSIL2A_20200808T100029_N0500_R122_T33TVM_20230419T085844.zip,,0.0,0.014359375051841235,0.004803434626958769,3.2216216933586815e-05,0.9750105009605144
33TVN,20190630,S2A_MSIL2A_20190630T100031_N0500_R122_T33TVN_20230724T224648.zip,,0.0,0.00043284527921274316,0.0003504633362198533,0.017704188108201367,0.978342673050189
33TVN,20200121,S2B_MSIL2A_20200121T100229_N0500_R122_T33TVN_20230604T113829.zip,,2.986055122577563e-07,0.004609706006283987,3.4571882641398004e-05,0.3437903988374292,0.3007074628153191
33TVN,20200316,S2A_MSIL2A_20200316T100021_N0500_R122_T33TVN_20230408T235406.zip,,1.3271356100344724e-07,0.0007737532390403482,0.0,0.3162252613627692,0.6073856092050126
33TVN,20200808,S2B_MSIL2A_20200808T100029_N0500_R122_T33TVN_20230419T085844.zip,,0.0,0.016635445801440607,0.011931712237185676,0.00010195719324089834,0.9625929243764951
32TPT,20201109,S2B_MSIL2A_20201109T101239_N0500_R022_T32TPT_20230404T061355.zip,,0.09197461189578005,3.4206920348638525e-05,0.0,0.06923822415984021,0.5302474776128812
32TPT,20201127,S2A_MSIL2A_20201127T102401_N0500_R065_T32TPT_20230321T101720.zip,,0.050996877913477394,3.284660634835319e-05,3.201714659208164e-05,0.07543488575021318,0.4915745800445254
32TQS,20200208,S2A_MSIL2A_20200208T101151_N0500_R022_T32TQS_20230429T113734.zip,,3.981406830103417e-07,0.00022903042790169907,1.4930275612887813e-06,0.2568079402523548,0.45409258761583404
32TQS,20200319,S2A_MSIL2A_20200319T101021_N0500_R022_T32TQS_20230629T052326.zip,,9.953517075258543e-08,0.0003341063898261784,1.957525024800847e-06,0.3430401027202962,0.5544310403747831
33TVN,20201126,S2B_MSIL2A_20201126T100339_N0500_R122_T33TVN_20230403T115658.zip,,1.6589195125430904e-07,0.019402589905142983,0.019386498385871313,0.061286392546806415,0.5102287650007797
33TWM,20190630,S2A_MSIL2A_20190630T100031_N0500_R122_T33TWM_20230724T224648.zip,,8.523528455446398e-05,0.0001781015988666262,1.0948868782784398e-06,0.0,0.9992295314215945
33TWM,20200101,S2B_MSIL2A_20200101T100319_N0500_R122_T33TWM_20230618T201545.zip,,1.997339093101881e-05,0.00028934874137776585,0.00020364895935978978,0.004195341090440974,0.7557946058573131
33TWM,20200106,S2A_MSIL2A_20200106T100401_N0500_R122_T33TWM_20230422T061153.zip,,6.96746195268098e-07,0.000754144810402089,0.000118844993878587,0.003281110547078477,0.7713238841277898
33TXN,20200422,S2A_MSIL2A_20200422T095031_N0500_R079_T33TXN_20230521T170705.zip,,0.0,9.571965587373631e-05,0.00012269368714768698,1.9907034150517086e-07,0.9995150314697031
33TXN,20200909,S2A_MSIL2A_20200909T095031_N0500_R079_T33TXN_20230421T122545.zip,,0.0,2.6011857956675656e-05,9.953517075258542e-07,2.0437888394530874e-05,0.9996566368392938
33TXN,20201004,S2B_MSIL2A_20201004T095039_N0500_R079_T33TXN_20230412T160932.zip,,0.0,0.00473876994435984,0.007122172786420748,0.00011831413963457321,0.9880118844993878
33UUP,20190421,S2A_MSIL2A_20190421T100031_N0500_R122_T33UUP_20221101T091318.zip,,0.6696108174823574,0.0008548744032037054,0.0,0.004069263207487699,0.32286133755362456
33TWN,20200316,S2A_MSIL2A_20200316T100021_N0500_R122_T33TWN_20230408T235406.zip,,2.3224873175603266e-07,0.0009810849997179836,0.0,0.050572990799632386,0.9281994087610858
33TWN,20200405,S2A_MSIL2A_20200405T100021_N0500_R122_T33TWN_20230405T192400.zip,,0.0,0.0007217627015172478,0.0,0.03665674632798166,0.9099799934306787
33TWN,20200808,S2B_MSIL2A_20200808T100029_N0500_R122_T33TWN_20230419T085844.zip,,0.0,0.0271299033513492,0.018072070099302923,5.938931854904264e-06,0.952125241787519
33TXN,20200412,S2A_MSIL2A_20200412T095031_N0500_R079_T33TXN_20230502T015230.zip,,0.0,0.0019965428117358604,9.289949270241306e-07,5.972110245155126e-07,0.9972432407324462
33UVP,20190630,S2A_MSIL2A_20190630T100031_N0500_R122_T33UVP_20230724T224648.zip,,0.0,8.692738245725794e-06,9.289949270241306e-07,0.00024276628146555586,0.9990602884529248
33UVP,20200101,S2B_MSIL2A_20200101T100319_N0500_R122_T33UVP_20230618T201545.zip,,2.090238585804294e-06,0.00031808122733501215,7.53149458694563e-06,0.038164969592005334,0.7404952206528843
33UVP,20200405,S2A_MSIL2A_20200405T100021_N0500_R122_T33UVP_20230405T192400.zip,,0.0,0.0014681105902103842,0.0,0.009911513233200952,0.9616209302557058
33UVP,20200808,S2B_MSIL2A_20200808T100029_N0500_R122_T33UVP_20230419T085844.zip,,0.0,0.09097846390688817,0.043841128596122776,0.0,0.8637813079585005
33TWM,20200405,S2A_MSIL2A_20200405T100021_N0500_R122_T33TWM_20230405T192400.zip,,0.0,2.3523478687861022e-05,0.0,0.007481295682496077,0.9451289809921002
33TWM,20200808,S2B_MSIL2A_20200808T100029_N0500_R122_T33TWM_20230419T085844.zip,,3.059047581129459e-05,0.0008440914263721752,0.0017261721095815873,0.0,0.996793673544547
33TWN,20190630,S2A_MSIL2A_20190630T100031_N0500_R122_T33TWN_20230724T224648.zip,,0.0,2.3987976151373088e-05,0.0,0.0011105470784768465,0.9977148383714719
33TWN,20200101,S2B_MSIL2A_20200101T100319_N0500_R122_T33TWN_20230618T201545.zip,,3.981406830103417e-07,0.00209700697741547,4.688106542446774e-05,0.07281568408863939,0.6357367759231057
33UUP,20200319,S2A_MSIL2A_20200319T101021_N0500_R022_T33UUP_20230629T052326.zip,,2.654271220068945e-07,0.00018324424935550976,0.00033735787207076287,0.004637708567655715,0.9893291993059081
33UUP,20200423,S2B_MSIL2A_20200423T100549_N0500_R022_T33UUP_20230519T193533.zip,,3.317839025086181e-08,0.00021838016463117242,0.0,0.0017710956499812542,0.9944493880245918
33UUP,20200612,S2B_MSIL2A_20200612T100559_N0500_R022_T33UUP_20230328T074220.zip,,0.0,0.0008104153602675506,0.0009153254302407756,1.227600439281887e-05,0.9975811626371511
33UUP,20200915,S2A_MSIL2A_20200915T101031_N0500_R022_T33UUP_20230416T031135.zip,,6.635678050172362e-08,1.1247474295042153e-05,3.0889081323552346e-05,9.953517075258542e-07,0.9981419437891712
33UWP,20200912,S2A_MSIL2A_20200912T100031_N0500_R122_T33UWP_20230311T210416.zip,,3.317839025086181e-08,0.021713829748408266,0.00989870637456412,0.0,0.9674566441385397
33UWP,20200922,S2A_MSIL2A_20200922T100031_N0500_R122_T33UWP_20230425T103416.zip,,0.0,0.03984837475655356,0.007103791958221771,9.953517075258543e-08,0.9507259100002986
33UWQ,20190109,S2B_MSIL2A_20190109T101409_N0500_R022_T33UWQ_20221210T083317.zip,,0.7858338890713701,0.21416518193370293,0.0,6.635678050172362e-07,1.9907034150517086e-07
33UWQ,20190421,S2A_MSIL2A_20190421T100031_N0500_R122_T33UWQ_20221101T091318.zip,,3.317839025086181e-08,6.360297411090208e-05,0.0,9.953517075258543e-08,0.9975583359046586
33UWQ,20190905,S2A_MSIL2A_20190905T095031_N0500_R079_T33UWQ_20230703T070615.zip,,0.7619644261299731,0.001199730591471163,0.00043858514072614224,0.0,0.23616620382812267
33UWQ,20200101,S2B_MSIL2A_20200101T100319_N0500_R122_T33UWQ_20230618T201545.zip,,4.644974635120653e-07,0.029249206207013247,0.036501902780680884,0.005932793852707854,0.8481941002186456
33UWQ,20200319,S2A_MSIL2A_20200319T101021_N0500_R022_T33UWQ_20230629T052326.zip,,0.783206591882575,0.03388741245052273,0.0158941410280656,0.0,0.16700070669971234
33UWQ,20200405,S2A_MSIL2A_20200405T100021_N0500_R122_T33UWQ_20230405T192400.zip,,0.0,1.4465778149375749e-05,0.0,2.222952146807741e-06,0.9915851639510154
33UVQ,20200408,S2A_MSIL2A_20200408T101021_N0500_R022_T33UVQ_20230420T204822.zip,,0.0009162544251677998,0.0185408807535476,0.0,0.0010427636271943357,0.9759857465635482
33UVQ,20200518,S2A_MSIL2A_20200518T101031_N0500_R022_T33UVQ_20230619T195453.zip,,0.0020262374710103815,0.0028891410446547955,0.0005844041658786799,0.0,0.9936358538956407
33UVQ,20200801,S2B_MSIL2A_20200801T100559_N0500_R022_T33UVQ_20230421T101210.zip,,0.001005504294942618,1.9044396003994678e-05,0.0,0.0,0.9982194485087973
33UVQ,20200821,S2B_MSIL2A_20200821T100559_N0500_R022_T33UVQ_20230512T235511.zip,,0.0013612429952123582,2.1897737565568796e-06,0.0,1.6920979027939522e-06,0.9977751235065577
33UVP,20200813,S2A_MSIL2A_20200813T100031_N0500_R122_T33UVP_20230508T170742.zip,,0.0,0.089557201203712,0.01404849353519066,0.0,0.8952345214514882
33UVP,20200922,S2A_MSIL2A_20200922T100031_N0500_R122_T33UVP_20230425T103416.zip,,3.317839025086181e-08,0.1065597658932784,0.005239232782903839,5.972110245155126e-07,0.8830064930109721
33UVQ,20200101,S2B_MSIL2A_20200101T100319_N0500_R122_T33UVQ_20230618T201545.zip,,0.04023261369404879,0.0005638335639231456,0.0002179488455579112,0.0047119618050371435,0.846399812873879
33UVQ,20200405,S2A_MSIL2A_20200405T100021_N0500_R122_T33UVQ_20230405T192400.zip,,0.040402918371206464,0.0018006575956947722,0.0,0.0015023506889492735,0.9511796244869791
33UVQ,20200920,S2B_MSIL2A_20200920T100649_N0500_R022_T33UVQ_20230420T174028.zip,,0.001065291754174671,3.948228439852555e-06,3.317839025086181e-08,1.2939572197836105e-06,0.9989019279962574
33UWP,20190630,S2A_MSIL2A_20190630T100031_N0500_R122_T33UWP_20230724T224648.zip,,0.0,1.4897097222636952e-05,0.0,4.200384205759105e-05,0.9995628083516644
33UWP,20200101,S2B_MSIL2A_20200101T100319_N0500_R122_T33UWP_20230618T201545.zip,,1.393492390536196e-06,0.0011219272663328921,0.00018812147272238646,0.024480343462695876,0.7733862196873932
33UWP,20200405,S2A_MSIL2A_20200405T100021_N0500_R122_T33UWP_20230405T192400.zip,,6.635678050172362e-08,0.00012899758129535072,0.0,0.00824950813036453,0.9607196061061509
33UWQ,20200420,S2B_MSIL2A_20200420T100019_N0500_R122_T33UWQ_20230407T005655.zip,,0.0,0.005767665004429315,0.0,7.962813660206834e-07,0.9913475734984291
33UWQ,20200912,S2A_MSIL2A_20200912T100031_N0500_R122_T33UWQ_20230311T210416.zip,,0.0,0.015513054037644202,0.00905872906858305,9.953517075258543e-08,0.9753771221727864
33UXP,20190905,S2A_MSIL2A_20190905T095031_N0500_R079_T33UXP_20230703T070615.zip,,0.0,9.588554782499063e-06,1.8911682442991231e-06,1.4598491710379195e-06,0.9990828497582954
33UXP,20200402,S2A_MSIL2A_20200402T095031_N0500_R079_T33UXP_20230406T144128.zip,,1.3271356100344724e-07,0.0049162411538116995,8.360954343217175e-06,2.365619224886447e-05,0.9907322138944463
34SDG,20190723,S2B_MSIL2A_20190723T092039_N0500_R093_T34SDG_20230509T120609.zip,,0.0268777144070524,4.711331415622377e-06,3.7159797080965225e-06,0.0,0.9730050995185816
34SDG,20200413,S2A_MSIL2A_20200413T092031_N0500_R093_T34SDG_20230405T215744.zip,,0.02938490582313927,4.5056253960670334e-05,2.4651543956390325e-05,0.0,0.9704090895517932
34SDG,20200627,S2B_MSIL2A_20200627T092029_N0500_R093_T34SDG_20230414T020707.zip,,0.03151804406753793,1.1114760734038706e-05,0.0,0.0,0.9683739934505857
34SDG,20200722,S2A_MSIL2A_20200722T092031_N0500_R093_T34SDG_20230426T084806.zip,,0.028568418817455813,4.611796244869791e-06,9.35630605074303e-06,0.0,0.9713115417666166
33UXP,20200422,S2A_MSIL2A_20200422T095031_N0500_R079_T33UXP_20230521T170705.zip,,3.317839025086181e-08,4.4923540399666886e-05,0.0,7.962813660206834e-07,0.9988975484487443
33UXP,20200909,S2A_MSIL2A_20200909T095031_N0500_R079_T33UXP_20230421T122545.zip,,3.317839025086181e-08,4.246833952110312e-06,0.0,2.4684722346641184e-05,0.9988738922564955
33UXP,20201004,S2B_MSIL2A_20201004T095039_N0500_R079_T33UXP_20230412T160932.zip,,3.317839025086181e-08,0.006576753229086831,0.007106081267149081,0.00012272686553793782,0.9861112935922575
33UXQ,20190905,S2A_MSIL2A_20190905T095031_N0500_R079_T33UXQ_20230703T070615.zip,,6.635678050172362e-08,0.0004975431402019237,0.000211279989117488,0.0,0.9985138735438834
34SDG,20200801,S2A_MSIL2A_20200801T092031_N0500_R093_T34SDG_20230418T162222.zip,,0.027679967883318238,7.133353903935289e-06,1.9907034150517085e-06,6.635678050172362e-08,0.9721976370350464
34SDG,20200910,S2A_MSIL2A_20200910T092031_N0500_R093_T34SDG_20230416T044319.zip,,0.02550442765617898,2.09355642482938e-05,0.0,0.0,0.9743264289103222
34SDH,20190825,S2B_MSIL2A_20190825T093039_N0500_R136_T34SDH_20230723T064949.zip,,0.049710651258622236,1.887850405274037e-05,0.0,1.6257411222922285e-06,0.9493632403343054
34SDH,20200312,S2B_MSIL2A_20200312T093029_N0500_R136_T34SDH_20230413T212223.zip,,0.04539328004883859,2.75380639082153e-05,0.0,4.976758537629271e-07,0.951759549570174
34SDH,20200913,S2A_MSIL2A_20200913T093041_N0500_R136_T34SDH_20230417T090702.zip,,0.04801032511504607,6.327119020839347e-05,0.0,6.635678050172362e-08,0.9502268074757549
34SDH,20201023,S2A_MSIL2A_20201023T093051_N0500_R136_T34SDH_20230414T161815.zip,,0.05141857525356585,4.5985248887694465e-05,1.559384341790505e-06,0.0,0.9463534626626985
34SDH,20201127,S2B_MSIL2A_20201127T093339_N0500_R136_T34SDH_20230406T041324.zip,,0.04830259355476591,0.0002764423475701806,1.356996161260248e-05,3.317839025086181e-08,0.9408628040384737
34SDJ,20200312,S2B_MSIL2A_20200312T093029_N0500_R136_T34SDJ_20230413T212223.zip,,0.0,4.714649254647463e-05,1.227600439281887e-06,0.0018950501159584738,0.994707184116841
33UXQ,20200318,S2B_MSIL2A_20200318T095029_N0500_R079_T33UXQ_20230408T183539.zip,,0.0,0.0038201266750939778,0.004244246037670744,5.839396684151678e-06,0.9910481385264149
33UXQ,20200422,S2A_MSIL2A_20200422T095031_N0500_R079_T33UXQ_20230521T170705.zip,,0.0,8.029170440708558e-06,0.0,1.6589195125430904e-07,0.9989209723922615
33UXQ,20200701,S2A_MSIL2A_20200701T095031_N0500_R079_T33UXQ_20230318T161955.zip,,0.0,0.014974568763872714,0.015061861108622732,0.0,0.9696527549676345
33UXQ,20200909,S2A_MSIL2A_20200909T095031_N0500_R079_T33UXQ_20230421T122545.zip,,0.0,2.090238585804294e-05,2.1632310443561898e-05,1.6589195125430904e-07,0.9999482085328184
34SDH,20200712,S2A_MSIL2A_20200712T092031_N0500_R093_T34SDH_20230528T102629.zip,,0.21843172384962226,3.533498561716783e-05,4.976758537629271e-06,0.0,0.7811421992627762
34SDH,20200730,S2B_MSIL2A_20200730T093039_N0500_R136_T34SDH_20230503T071001.zip,,0.04471282444318367,0.00022342327994930342,2.3224873175603265e-06,0.0,0.9544690628100105
34SDH,20200905,S2B_MSIL2A_20200905T092029_N0500_R093_T34SDH_20230419T082257.zip,,0.21822120696348055,0.00017873198828139257,5.89911778660323e-05,1.1711971758554218e-05,0.7807089226644902
34SDH,20200910,S2A_MSIL2A_20200910T092031_N0500_R093_T34SDH_20230416T044319.zip,,0.2093838772930415,0.00015471083373976862,4.767734679048842e-05,9.953517075258543e-08,0.7894186482460244
34SDJ,20200416,S2A_MSIL2A_20200416T093031_N0500_R136_T34SDJ_20230522T195116.zip,,0.0,0.0011851652781510347,0.000223522815120056,0.001002617774990793,0.995715243147833
34SDJ,20200804,S2A_MSIL2A_20200804T093041_N0500_R136_T34SDJ_20230512T130801.zip,,0.0,0.00038480297012949524,5.73322583534892e-05,1.4266707807870579e-06,0.9986064744310735
34SDJ,20200829,S2B_MSIL2A_20200829T093039_N0500_R136_T34SDJ_20230429T085328.zip,,0.0,8.211651587088298e-05,6.0218778305314185e-05,6.303894147663744e-07,0.9984402506959167
34SEF,20190807,S2A_MSIL2A_20190807T092031_N0500_R093_T34SEF_20230714T192221.zip,,0.9712301219969409,0.0,0.0,0.0,0.02876987800305905
34SEF,20200418,S2B_MSIL2A_20200418T092029_N0500_R093_T34SEF_20230407T083351.zip,,0.0,5.7133188011984037e-05,0.0,3.317839025086181e-08,0.999822893752841
34SEF,20200801,S2A_MSIL2A_20200801T092031_N0500_R093_T34SEF_20230418T162222.zip,,0.0,8.271372689539849e-05,6.015242152481246e-05,1.9907034150517086e-07,0.999739317387799
34SEF,20200831,S2A_MSIL2A_20200831T092031_N0500_R093_T34SEF_20230418T153829.zip,,0.0,1.522888112514557e-05,0.0,0.0,0.9998161917180102
34SEF,20200925,S2B_MSIL2A_20200925T092029_N0500_R093_T34SEF_20230416T192958.zip,,0.0,9.406073636119323e-05,0.0,6.635678050172362e-08,0.999601627068258
34SEG,20190613,S2B_MSIL2A_20190613T092039_N0500_R093_T34SEG_20231025T161416.zip,,0.0,3.682801317845661e-06,0.0,0.0,0.9998513939900664
34SEG,20200418,S2B_MSIL2A_20200418T092029_N0500_R093_T34SEG_20230407T083351.zip,,0.0,7.916363913855628e-05,0.0,2.8765664347497187e-05,0.9992533535057946
34SEG,20200508,S2B_MSIL2A_20200508T092029_N0500_R093_T34SEG_20230507T163331.zip,,0.0,0.00023175105590226972,4.289965859436432e-05,0.0,0.9994855358807702
34SEG,20200831,S2A_MSIL2A_20200831T092031_N0500_R093_T34SEG_20230418T153829.zip,,0.0,1.761772522320762e-05,0.0,0.0,0.9990076011692065
34SEJ,20200905,S2B_MSIL2A_20200905T092029_N0500_R093_T34SEJ_20230419T082257.zip,,0.0,1.0119409026512851e-05,0.0,0.0,0.9945044641524082
34SFF,20190809,S2B_MSIL2A_20190809T090559_N0500_R050_T34SFF_20230505T165237.zip,,0.029996980766487172,3.467141781215059e-05,0.0,5.972110245155126e-07,0.9696936639228138
34SFF,20200321,S2A_MSIL2A_20200321T090641_N0500_R050_T34SFF_20230615T120531.zip,,0.03361335894705061,4.061034966705485e-05,0.0,0.0005549749337261655,0.9636729805143314
34SFF,20200614,S2B_MSIL2A_20200614T090559_N0500_R050_T34SFF_20230617T044402.zip,,0.03284454928815764,5.215642947435476e-05,5.6469620206966795e-05,0.0,0.9668571438050969
34SEH,20200905,S2B_MSIL2A_20200905T092029_N0500_R093_T34SEH_20230419T082257.zip,,0.0,0.0034504198725286246,0.0017055683292358022,2.5547360493163593e-06,0.9884624470389946
34SEJ,20200104,S2A_MSIL2A_20200104T092401_N0500_R093_T34SEJ_20230605T035231.zip,,3.317839025086181e-08,0.003027561288781391,2.5215576590654976e-06,0.033695010965457975,0.8040224484988437
34SEJ,20200508,S2B_MSIL2A_20200508T092029_N0500_R093_T34SEJ_20230507T163331.zip,,3.317839025086181e-08,0.0007623730511843027,0.0,0.001063367407540121,0.9965133493253174
34SEJ,20200513,S2A_MSIL2A_20200513T092031_N0500_R093_T34SEJ_20230427T202650.zip,,0.0,0.0007385841453744347,0.0,0.0003094548458697881,0.9979131124316111
34SEG,20200910,S2A_MSIL2A_20200910T092031_N0500_R093_T34SEG_20230416T044319.zip,,0.0,1.0285300977767161e-05,0.0,0.0,0.9984372646407942
34SEH,20200418,S2B_MSIL2A_20200418T092029_N0500_R093_T34SEH_20230407T083351.zip,,0.0,0.0011105802568670974,1.6589195125430904e-07,0.008058301067348814,0.986727018158533
34SEH,20200508,S2B_MSIL2A_20200508T092029_N0500_R093_T34SEH_20230507T163331.zip,,0.0,0.0007956509766059171,0.0,0.0005215974731337985,0.9973547864804695
34SEH,20200831,S2A_MSIL2A_20200831T092031_N0500_R093_T34SEH_20230418T153829.zip,,0.0,3.4074206787635076e-05,0.0,1.559384341790505e-06,0.9949412908384511
34SFF,20200724,S2B_MSIL2A_20200724T090559_N0500_R050_T34SFF_20230326T232809.zip,,0.03716527151535662,3.7126618690714366e-05,1.2508253124574902e-05,0.0,0.9625854924170789
34SFF,20200831,S2A_MSIL2A_20200831T092031_N0500_R093_T34SFF_20230418T153829.zip,,0.29468001101522556,1.2939572197836106e-05,0.0,0.0,0.704149455376724
34SFF,20200902,S2B_MSIL2A_20200902T090559_N0500_R050_T34SFF_20230426T234536.zip,,0.03270589679529928,3.875235981300659e-05,1.2939572197836105e-06,6.635678050172362e-08,0.9664537277580366
34SFF,20200907,S2A_MSIL2A_20200907T090601_N0500_R050_T34SFF_20230418T043420.zip,,0.028027810126708273,3.73588674224704e-05,0.0,1.0948868782784398e-06,0.9710810183111536
34SFF,20200915,S2B_MSIL2A_20200915T092029_N0500_R093_T34SFF_20230420T062920.zip,,0.29127680399202394,2.5613717273665315e-05,3.317839025086181e-08,8.958165367732688e-07,0.7065124535087807
34SFF,20200925,S2B_MSIL2A_20200925T092029_N0500_R093_T34SFF_20230416T192958.zip,,0.28900949233745077,7.465137806443907e-06,5.607147952395646e-06,1.0948868782784398e-06,0.707228144564882
34SFG,20191026,S2A_MSIL2A_20191026T092051_N0500_R093_T34SFG_20230714T193129.zip,,0.07869618879831189,6.0583740598073664e-05,2.3556657078111886e-06,0.0,0.9128755379046519
34SFG,20200321,S2A_MSIL2A_20200321T090641_N0500_R050_T34SFG_20230615T120531.zip,,0.20836394039833975,3.009279995753166e-05,0.0,0.0005648952724111732,0.7869113904731571
34SFH,20200218,S2B_MSIL2A_20200218T092029_N0500_R093_T34SFH_20230618T000003.zip,,0.0,0.0006517562980879294,0.0,0.01777127481328861,0.9640093098563044
34SFH,20200418,S2B_MSIL2A_20200418T092029_N0500_R093_T34SFH_20230407T083351.zip,,0.0,3.1950789811579925e-05,0.0,0.01602854668697184,0.9800604842054274
34SFH,20200513,S2A_MSIL2A_20200513T092031_N0500_R093_T34SFH_20230427T202650.zip,,0.0,0.001280652685293015,0.0,0.0008033483631441169,0.996552964323277
34SFH,20200831,S2A_MSIL2A_20200831T092031_N0500_R093_T34SFH_20230418T153829.zip,,0.0,2.5646895663916177e-05,0.0,3.317839025086181e-08,0.994310005607148
34SFJ,20200508,S2B_MSIL2A_20200508T092029_N0500_R093_T34SFJ_20230507T163331.zip,,0.0,0.003078423761035962,0.0017230201625077555,0.00046609002624410666,0.9941269272497437
34SFJ,20200513,S2A_MSIL2A_20200513T092031_N0500_R093_T34SFJ_20230427T202650.zip,,0.0,5.9488853719795226e-05,6.635678050172362e-08,5.132696971808322e-05,0.9994560071134468
34SFJ,20200712,S2A_MSIL2A_20200712T092031_N0500_R093_T34SFJ_20230528T102629.zip,,0.0,0.002938245062226071,0.000694589599901792,0.0,0.9958797416066967
34SFJ,20200925,S2B_MSIL2A_20200925T092029_N0500_R093_T34SFJ_20230416T192958.zip,,0.0,0.0018899074654695903,5.308542440137889e-06,3.317839025086181e-08,0.9950131552317345
34SFG,20200418,S2B_MSIL2A_20200418T092029_N0500_R093_T34SFG_20230407T083351.zip,,0.071607459829264,0.0001678494762791099,7.013911699032186e-05,0.0007238197617128012,0.9257788461219438
34SFG,20200831,S2A_MSIL2A_20200831T092031_N0500_R093_T34SFG_20230418T153829.zip,,0.07929714898092574,1.1048403953536982e-05,0.0,3.317839025086181e-08,0.917592376933056
34SFG,20200910,S2A_MSIL2A_20200910T092031_N0500_R093_T34SFG_20230416T044319.zip,,0.08040036363515715,2.8400702054737708e-05,0.0,9.953517075258543e-08,0.9155309040115992
34SFG,20200930,S2A_MSIL2A_20200930T092031_N0500_R093_T34SFG_20230415T133621.zip,,0.07862402579951626,2.1632310443561898e-05,4.047763610605141e-06,0.0,0.9115987670910183
34SGE,20200813,S2B_MSIL2A_20200813T090559_N0500_R050_T34SGE_20230505T222445.zip,,0.0,0.00012986021944187313,1.6091519271667978e-05,0.0,0.997372835524766
34SGE,20200828,S2A_MSIL2A_20200828T090601_N0500_R050_T34SGE_20230418T194955.zip,,0.0,2.4120689712376536e-05,0.0,0.0,0.9964762227066267
34SGE,20200902,S2B_MSIL2A_20200902T090559_N0500_R050_T34SGE_20230426T234536.zip,,0.0,3.0358227079538556e-05,1.1280652685293014e-06,8.958165367732688e-07,0.9958837230135268
34SGE,20200907,S2A_MSIL2A_20200907T090601_N0500_R050_T34SGE_20230418T043420.zip,,0.0,4.601842727794533e-05,5.938931854904264e-06,1.9907034150517086e-07,0.9952665717764706
34SGG,20200301,S2A_MSIL2A_20200301T090901_N0500_R050_T34SGG_20230630T033416.zip,,0.0,5.205689430360218e-05,3.536816400741869e-05,6.635678050172362e-08,0.9992205732562267
34SGG,20200704,S2B_MSIL2A_20200704T090559_N0500_R050_T34SGG_20230323T193850.zip,,0.0,0.00011502947899973789,7.090221996609168e-05,0.0,0.9994721318111088
34SGG,20200813,S2B_MSIL2A_20200813T090559_N0500_R050_T34SGG_20230505T222445.zip,,0.0,0.00013954830939512475,4.8009130692997034e-05,4.877223366876686e-06,0.9993087282391233
34SGG,20200902,S2B_MSIL2A_20200902T090559_N0500_R050_T34SGG_20230426T234536.zip,,0.0,5.5042949426179744e-05,3.6463050885697125e-05,9.953517075258542e-07,0.9990910448206873
34TCK,20200630,S2B_MSIL2A_20200630T093039_N0500_R136_T34TCK_20230512T040412.zip,,0.0,2.2992624443847233e-05,0.0,0.0,0.999788520940541
34TCK,20200720,S2B_MSIL2A_20200720T093039_N0500_R136_T34TCK_20230423T023139.zip,,0.0,0.0002452214823441196,0.00017362251618275985,1.4963454003138676e-05,0.9993188808265401
34TCK,20200814,S2A_MSIL2A_20200814T093041_N0500_R136_T34TCK_20230419T033740.zip,,0.0,0.0002980746580137425,4.057717127680399e-05,5.806218293900817e-06,0.9991806596527549
34TCK,20200913,S2A_MSIL2A_20200913T093041_N0500_R136_T34TCK_20230417T090702.zip,,0.0,0.0003040467682588976,0.0,5.5175662987183185e-05,0.997873165649749
34SGF,20200410,S2A_MSIL2A_20200410T090551_N0500_R050_T34SGF_20230530T173341.zip,,0.0,3.536816400741869e-05,0.00011151256963314655,3.2183038543335954e-06,0.999618050371432
34SGF,20200525,S2B_MSIL2A_20200525T090559_N0500_R050_T34SGF_20230415T221902.zip,,0.0,2.9296518591510977e-05,2.5812787615170487e-05,0.0,0.9998820508226582
34SGF,20200813,S2B_MSIL2A_20200813T090559_N0500_R050_T34SGF_20230505T222445.zip,,0.0,3.34438173728687e-05,7.139989581985461e-05,1.3271356100344724e-07,0.999787724659175
34SGF,20200902,S2B_MSIL2A_20200902T090559_N0500_R050_T34SGF_20230426T234536.zip,,0.0,1.834764980872658e-05,2.786984781072392e-06,6.635678050172362e-08,0.9997919714931272
34TDK,20200630,S2B_MSIL2A_20200630T093039_N0500_R136_T34TDK_20230512T040412.zip,,0.0,0.0015769357102332108,0.0011544420887787366,0.0,0.9929492271093991
34TDK,20200720,S2B_MSIL2A_20200720T093039_N0500_R136_T34TDK_20230423T023139.zip,,0.0,0.003148264272514026,0.0011074283097932654,0.0,0.9909055709835071
34TDK,20200913,S2A_MSIL2A_20200913T093041_N0500_R136_T34TDK_20230417T090702.zip,,0.0,0.001127003560041274,0.0007071642098068686,5.972110245155126e-07,0.9845596729937857
34TDK,20201127,S2B_MSIL2A_20201127T093339_N0500_R136_T34TDK_20230406T041324.zip,,0.0,0.0006493674539898673,0.0,0.00029445821347639855,0.8620902385858042
34TEK,20200218,S2B_MSIL2A_20200218T092029_N0500_R093_T34TEK_20230618T000003.zip,,0.0,0.0006464145772575406,0.0,0.01606427981327202,0.9557422503574972
34TEK,20200508,S2B_MSIL2A_20200508T092029_N0500_R093_T34TEK_20230507T163331.zip,,0.0,0.0002585591952249661,0.0,0.0009382185195138702,0.9979556803063029
34TEK,20200831,S2A_MSIL2A_20200831T092031_N0500_R093_T34TEK_20230418T153829.zip,,0.0,1.0948868782784397e-05,3.251482244584457e-06,0.0,0.9988442971323918
34TEK,20201010,S2A_MSIL2A_20201010T092031_N0500_R093_T34TEK_20230409T230006.zip,,0.0,0.0013557022040404643,0.0016086874297032857,5.972110245155126e-07,0.9946618292573681
34TDL,20200312,S2B_MSIL2A_20200312T093029_N0500_R136_T34TDL_20230413T212223.zip,,0.0,6.648949406272707e-05,4.6648816692711706e-05,0.0836729141575509,0.9047512781974845
34TDL,20200730,S2B_MSIL2A_20200730T093039_N0500_R136_T34TDL_20230503T071001.zip,,0.0,0.005440028400702054,0.005145304760103649,0.0,0.986100776042548
34TDL,20200913,S2A_MSIL2A_20200913T093041_N0500_R136_T34TDL_20230417T090702.zip,,0.0,0.002778590648338924,0.0029851593060407893,0.0,0.9845840591106201
34TDL,20201023,S2A_MSIL2A_20201023T093051_N0500_R136_T34TDL_20230414T161815.zip,,0.0,0.0030246084120490644,0.0,1.061708488027578e-06,0.9780741271594985
34TEL,20191026,S2A_MSIL2A_20191026T092051_N0500_R093_T34TEL_20230714T193129.zip,,0.009417254753633864,5.341720830388751e-06,0.0,0.0,0.9794078320908026
34TEL,20200124,S2A_MSIL2A_20200124T092251_N0500_R093_T34TEL_20230629T105708.zip,,0.013615283293685157,0.007468090683176234,0.004963022684065415,0.035842979950298774,0.8288330828364869
34TEL,20200312,S2B_MSIL2A_20200312T093029_N0500_R136_T34TEL_20230413T212223.zip,,0.20755080441007162,0.0027450472957953028,0.002832107391813564,0.01837303127726849,0.7663396272739639
34TEL,20200508,S2B_MSIL2A_20200508T092029_N0500_R093_T34TEL_20230507T163331.zip,,0.013353306724264352,0.00014409374885949284,6.423336352566846e-05,0.00666643441793491,0.9792599891838448
34TEL,20200829,S2B_MSIL2A_20200829T093039_N0500_R136_T34TEL_20230429T085328.zip,,0.21071297042810078,0.0017724559639815396,0.0013390134737442808,0.0,0.7856978244929512
34TEL,20200831,S2A_MSIL2A_20200831T092031_N0500_R093_T34TEL_20230418T153829.zip,,0.009284640727801169,5.607147952395646e-06,0.0,0.0,0.9902136356548253
34TEL,20200905,S2B_MSIL2A_20200905T092029_N0500_R093_T34TEL_20230419T082257.zip,,0.011629788885902834,4.744509805873238e-06,0.0,0.0,0.9877737300141671
34TEL,20201109,S2A_MSIL2A_20201109T092221_N0500_R093_T34TEL_20230414T132711.zip,,0.008286634749055246,6.502964489168914e-06,0.0,0.0,0.9480084007684115
34TEL,20201127,S2B_MSIL2A_20201127T093339_N0500_R136_T34TEL_20230406T041324.zip,,0.21226893739569544,0.0001612469766191884,3.8486932690999695e-06,8.958165367732688e-07,0.7169891937982953
34TFK,20200104,S2A_MSIL2A_20200104T092401_N0500_R093_T34TFK_20230605T035231.zip,,0.0,0.0006821145251674679,6.964144113655894e-05,0.008569978201797605,0.9468259229398708
34TFK,20200508,S2B_MSIL2A_20200508T092029_N0500_R093_T34TFK_20230507T163331.zip,,0.0,0.000353648461683936,0.0003325470054843879,0.005046035016473071,0.9939867817293241
34TFK,20200712,S2A_MSIL2A_20200712T092031_N0500_R093_T34TFK_20230528T102629.zip,,0.0,0.010026708604151944,0.00449046287172239,9.289949270241306e-07,0.9852427165138802
34TFK,20201010,S2A_MSIL2A_20201010T092031_N0500_R093_T34TFK_20230409T230006.zip,,0.0,0.0009115099153619265,0.0005047096724961098,1.8579898540482613e-06,0.9965054528684377
34TFL,20200508,S2B_MSIL2A_20200508T092029_N0500_R093_T34TFL_20230507T163331.zip,,3.317839025086181e-08,0.0004971781779091642,0.0006400443263293752,0.0008696719652555897,0.9978317921971062
34TFL,20200702,S2A_MSIL2A_20200702T092031_N0500_R093_T34TFL_20230531T103855.zip,,0.0,0.007543372450655439,0.0028579533578189853,0.0,0.9894810567980863
34TFL,20200905,S2B_MSIL2A_20200905T092029_N0500_R093_T34TFL_20230419T082257.zip,,0.0,0.001063101980418114,0.0013479716391120136,0.0,0.9972997435310433
34TGL,20200907,S2A_MSIL2A_20200907T090601_N0500_R050_T34TGL_20230418T043420.zip,,0.054226230171764526,0.000439845919555675,0.0003754798424690031,1.8248114637973994e-06,0.9444678683879616
34TGL,20200912,S2B_MSIL2A_20200912T090559_N0500_R050_T34TGL_20230418T190815.zip,,0.05982797004654928,4.157252298432985e-05,1.393492390536196e-06,2.621092829818083e-06,0.9396022574576727
34TGL,20200915,S2B_MSIL2A_20200915T092029_N0500_R093_T34TGL_20230420T062920.zip,,0.11790441969336532,0.0004298924024804165,0.0004088241246711192,2.3224873175603266e-07,0.8804767071111244
34TGL,20201022,S2B_MSIL2A_20201022T091029_N0500_R050_T34TGL_20230415T150631.zip,,0.059699868281790705,0.0010850660747641846,1.0948868782784398e-06,4.014585220354279e-06,0.9327906675823903
34TFL,20200915,S2B_MSIL2A_20200915T092029_N0500_R093_T34TFL_20230420T062920.zip,,0.0,0.00782943653139837,0.006957043938142209,0.0,0.9845434155825628
34TGL,20190918,S2B_MSIL2A_20190918T090619_N0500_R050_T34TGL_20230702T110523.zip,,0.06265204826792213,0.00025222212268705146,0.00015278648710521863,0.0,0.9356560197212351
34TGL,20200321,S2A_MSIL2A_20200321T090641_N0500_R050_T34TGL_20230615T120531.zip,,0.0619307500638684,3.168536268957303e-05,0.0,0.003527161489178868,0.9095506318824423
34TGL,20200831,S2A_MSIL2A_20200831T092031_N0500_R093_T34TGL_20230418T153829.zip,,0.12157972269501428,9.787625124004234e-06,0.0,1.393492390536196e-06,0.8780771463930113
34TGL,20201126,S2A_MSIL2A_20201126T091321_N0500_R050_T34TGL_20230406T074215.zip,,0.0550009787625124,7.700704377225026e-05,1.6157876052169702e-05,6.071645415907711e-06,0.8732769964266873
34TGM,20200428,S2B_MSIL2A_20200428T092029_N0500_R093_T34TGM_20230407T025152.zip,,0.951465555854161,0.0,1.0218944197265437e-05,0.0,0.04851430486295666
34TGM,20200831,S2A_MSIL2A_20200831T092031_N0500_R093_T34TGM_20230418T153829.zip,,0.001542596076323569,9.953517075258543e-08,0.0,0.0,0.9969426445167733
34TGM,20200920,S2A_MSIL2A_20200920T092031_N0500_R093_T34TGM_20230420T202047.zip,,0.001254972611238848,0.013505230573223049,0.0005839064900249169,0.0,0.9798812213629019
35MQQ,20200527,S2B_MSIL2A_20200527T080609_N0500_R078_T35MQQ_20230502T022621.zip,,0.0,0.13866609599835436,0.05479036234119993,0.0,0.8061314328751398
35MQQ,20200527,S2B_MSIL2A_20200527T080609_N0500_R078_T35MQQ_20230502T022621_CLOUDS.tif,no_SCL,,,,,
35MQQ,20200726,S2B_MSIL2A_20200726T080609_N0500_R078_T35MQQ_20230422T082648.zip,,0.0,0.05858295095238569,0.010547178012017213,0.0,0.9238511484699785
35MQQ,20200726,S2B_MSIL2A_20200726T080609_N0500_R078_T35MQQ_20230422T082648_CLOUDS.tif,no_SCL,,,,,
35MQP,20200706,S2B_MSIL2A_20200706T080609_N0500_R078_T35MQP_20230503T004649.zip,,0.0,0.0474763521023487,0.027374958941742064,0.0,0.9125738136237106
35MQP,20200726,S2B_MSIL2A_20200726T080609_N0500_R078_T35MQP_20230422T082648.zip,,0.0,0.006572705465476226,0.007063745641188981,0.0,0.9745478946652466
35MQP,20200904,S2B_MSIL2A_20200904T080609_N0500_R078_T35MQP_20230519T070013.zip,,0.0,0.007300606169189883,0.004395572675604925,0.0,0.9824085852402613
35MQP,20201004,S2B_MSIL2A_20201004T080759_N0500_R078_T35MQP_20230331T182202.zip,,0.0,0.01201883868998444,0.0026459766225062293,0.0,0.9848716493973145
35MQQ,20200731,S2A_MSIL2A_20200731T080611_N0500_R078_T35MQQ_20230420T195140.zip,,0.0,0.04212809512908053,0.015806450542632574,0.0,0.9366831563266214
35MQQ,20200731,S2A_MSIL2A_20200731T080611_N0500_R078_T35MQQ_20230420T195140_CLOUDS.tif,no_SCL,,,,,
35MQQ,20200904,S2B_MSIL2A_20200904T080609_N0500_R078_T35MQQ_20230519T070013.zip,,0.0,0.1058054883693153,0.02800929658494829,0.0,0.861117713610771
35MQQ,20200904,S2B_MSIL2A_20200904T080609_N0500_R078_T35MQQ_20230519T070013_CLOUDS.tif,no_SCL,,,,,
35MQR,20190702,S2B_MSIL2A_20190702T080619_N0500_R078_T35MQR_20230722T030058.zip,BadZipFile:File is not a zip file,,,,,
35MQR,20200527,S2B_MSIL2A_20200527T080609_N0500_R078_T35MQR_20230502T022621.zip,,0.0,0.1807706012919665,0.0835650843892356,0.0,0.7354626560628531
35MQR,20200606,S2B_MSIL2A_20200606T080609_N0500_R078_T35MQR_20230616T221306.zip,,0.0,0.16430469706470782,0.09006234219528136,0.0,0.7451121595482431
35MQR,20200904,S2B_MSIL2A_20200904T080609_N0500_R078_T35MQR_20230519T070013.zip,,0.0,0.14090036197623765,0.013044415911028829,0.0,0.8410321797207043
34TGM,20201020,S2A_MSIL2A_20201020T092031_N0500_R093_T34TGM_20230410T145803.zip,,0.0016180105573637778,0.004128917953158748,0.0030821729191343092,4.080942000856002e-06,0.9775700810548074
34TGM,20201109,S2A_MSIL2A_20201109T092221_N0500_R093_T34TGM_20230414T132711.zip,,0.0018186071048204883,0.0025374169296054094,0.00042640867150407595,3.672847800770402e-05,0.9264168333880777
34TGM,20201116,S2A_MSIL2A_20201116T091241_N0500_R050_T34TGM_20230418T022326.zip,,0.23201990039847248,4.047763610605141e-06,0.0,7.962813660206834e-07,0.6949052259282484
34TGM,20201126,S2A_MSIL2A_20201126T091321_N0500_R050_T34TGM_20230406T074215.zip,,0.23420237490917414,7.299245855189597e-07,0.0,3.8785538203257455e-05,0.6650408923659842
35MQR,20200914,S2B_MSIL2A_20200914T080609_N0500_R078_T35MQR_20230421T010657.zip,,0.0,0.12886284385254196,0.042117511222590505,0.0,0.8258773195842084
35MRM,20190624,S2A_MSIL2A_20190624T075611_N0500_R035_T35MRM_20230716T202428.zip,,0.4259520041406631,8.62638146522407e-07,0.0,0.0,0.5698942604702705
35MRM,20200519,S2A_MSIL2A_20200519T075611_N0500_R035_T35MRM_20230619T013521.zip,,0.0,0.00361000792963527,0.0028284245904957183,0.0,0.993367407540121
35MRM,20200708,S2A_MSIL2A_20200708T075611_N0500_R035_T35MRM_20230513T023031.zip,,0.0,1.3238177710093861e-05,6.3702509281654676e-06,0.0,0.995391355702204
35MRM,20200713,S2B_MSIL2A_20200713T075609_N0500_R035_T35MRM_20230611T213746.zip,,0.0,0.0005463485522609414,0.0005639330990938982,0.0,0.9957577778441346
35MRM,20200723,S2B_MSIL2A_20200723T075609_N0500_R035_T35MRM_20230425T194806.zip,,0.0,0.008138128274292387,0.005618129999568681,0.0,0.977922634629613
35MRQ,20190813,S2A_MSIL2A_20190813T075611_N0500_R035_T35MRQ_20230707T175051.zip,,0.32316910030159157,9.953517075258543e-08,0.0,0.0,0.676256714476727
35MRQ,20200623,S2B_MSIL2A_20200623T075609_N0500_R035_T35MRQ_20230501T075445.zip,,0.3316977714075269,0.00031496245865143114,0.0005362955000149303,0.0,0.6665773504401113
35MRQ,20200628,S2A_MSIL2A_20200628T075611_N0500_R035_T35MRQ_20230630T123848.zip,,0.3252098699075318,3.0524119030792864e-06,2.053742356528346e-05,0.0,0.6739409955507779
35MRQ,20200723,S2B_MSIL2A_20200723T075609_N0500_R035_T35MRQ_20230425T194806.zip,,0.340124850282514,7.100175513684427e-06,2.0238818053025705e-06,0.0,0.6571013699357334
35MRQ,20200726,S2B_MSIL2A_20200726T080609_N0500_R078_T35MRQ_20230422T082648.zip,,0.46888168917820444,0.0,0.0,0.0,0.5268117557672337
35MRQ,20200731,S2A_MSIL2A_20200731T080611_N0500_R078_T35MRQ_20230420T195140.zip,,0.47915527818421305,0.00023201648302427662,0.00043390698770077074,0.0,0.5161259252623581
35MRQ,20200802,S2B_MSIL2A_20200802T075609_N0500_R035_T35MRQ_20230421T060820.zip,,0.33655953364454666,2.786984781072392e-06,0.0,0.0,0.661764061831248
35MRQ,20200805,S2B_MSIL2A_20200805T080609_N0500_R078_T35MRQ_20230421T002623.zip,,0.4718421305835083,7.083586318558996e-05,0.00015102803242192297,0.0,0.5193627094800615
35MRQ,20200911,S2B_MSIL2A_20200911T075609_N0500_R035_T35MRQ_20230620T233100.zip,,0.3317891446942777,0.0014819128005547427,5.2952710840375444e-05,0.0,0.666225095470818
35MRR,20190702,S2B_MSIL2A_20190702T080619_N0500_R078_T35MRR_20230722T030058.zip,,0.27971522987647685,0.0,0.0,0.0,0.7185182199130062
35MRR,20200726,S2B_MSIL2A_20200726T080609_N0500_R078_T35MRR_20230506T103532.zip,,0.9728407337732788,0.0,0.0,0.0,0.027109233214222914
35MRR,20200731,S2A_MSIL2A_20200731T080611_N0500_R078_T35MRR_20230420T195140.zip,,0.27479251893656625,0.007623896403794281,0.008505180805637672,0.0,0.7067577413479053
35MRR,20200904,S2B_MSIL2A_20200904T080609_N0500_R078_T35MRR_20230519T070013.zip,,0.2712829751726106,4.1705236545333296e-05,4.684788703421687e-05,0.0,0.7246641517446857
35MRS,20190702,S2B_MSIL2A_20190702T080619_N0500_R078_T35MRS_20230722T030058.zip,,0.07931762004771052,1.8978039223492954e-05,0.0,0.0,0.919683113194714
35SKD,20200410,S2A_MSIL2A_20200410T090551_N0500_R050_T35SKD_20230530T173341.zip,,0.0,1.8613076930733474e-05,0.0,2.256130537058603e-06,0.9985311594852041
35SKD,20200704,S2B_MSIL2A_20200704T090559_N0500_R050_T35SKD_20230323T193850.zip,,0.0,0.0001269405210997973,8.26141917246459e-06,0.0,0.9995142683667274
35SKD,20200823,S2B_MSIL2A_20200823T090559_N0500_R050_T35SKD_20230519T201544.zip,,0.0,1.7849973954963654e-05,2.455200878563774e-06,4.976758537629271e-07,0.9991268111253778
35SLA,20190727,S2B_MSIL2A_20190727T085609_N0500_R007_T35SLA_20230711T223618.zip,,0.0007619749105012923,0.00013002611139312743,8.254783494414419e-05,0.0,0.9986864675299684
35MRS,20200723,S2B_MSIL2A_20200723T075609_N0500_R035_T35MRS_20230425T194806.zip,,0.7562693886218028,0.0007492344086449614,0.001284003702708352,0.0,0.24041366816964774
35MRS,20200726,S2B_MSIL2A_20200726T080609_N0500_R078_T35MRS_20230422T082648.zip,,0.7812698365300712,0.005421249431820067,0.0031782243589105544,0.0,0.20978161983536883
35MRS,20200728,S2A_MSIL2A_20200728T075611_N0500_R035_T35MRS_20230505T144513.zip,,0.9609058695890192,0.0016816467098649307,0.0014558345858175653,0.0,0.03560147444766275
35MRS,20200731,S2A_MSIL2A_20200731T080611_N0500_R078_T35MRS_20230420T195140.zip,,0.0750932810441903,0.11177049843895674,0.0872089010985365,0.0,0.7224320755405589
35MRR,20200628,S2A_MSIL2A_20200628T075611_N0500_R035_T35MRR_20230630T123848.zip,,0.5345196598551432,0.00014061001788315234,0.0002337085809270706,0.0,0.46471720399069677
35MRR,20200703,S2B_MSIL2A_20200703T075609_N0500_R035_T35MRR_20230530T121855.zip,,0.5439983941659119,0.00017458468950003485,0.0003317507241183672,0.0,0.45470257232059613
35MRR,20200721,S2A_MSIL2A_20200721T080611_N0500_R078_T35MRR_20230424T002502.zip,,0.2720451823318436,0.011463167010063006,0.005374832863859111,0.0,0.7059722761371063
35MRR,20200723,S2B_MSIL2A_20200723T075609_N0500_R035_T35MRR_20230425T194806.zip,,0.5489309590877269,3.317839025086181e-08,0.0,0.0,0.4494562061837884
35SKC,20200210,S2A_MSIL2A_20200210T091121_N0500_R050_T35SKC_20230616T080012.zip,,0.0,0.001649928168785107,0.0014310171499099208,0.04063629516823103,0.9442308087896192
35SKC,20200301,S2A_MSIL2A_20200301T090901_N0500_R050_T35SKC_20230630T033416.zip,,0.0,0.0019830392069037596,8.656242016449847e-05,0.006582260841868475,0.9875285417102133
35SKC,20200902,S2B_MSIL2A_20200902T090559_N0500_R050_T35SKC_20230426T234536.zip,,0.0,3.357653093387215e-05,2.3556657078111886e-06,0.0,0.9975035915607446
35SKD,20200321,S2A_MSIL2A_20200321T090641_N0500_R050_T35SKD_20230615T120531.zip,,0.0,2.1632310443561898e-05,1.466484849088092e-05,0.0,0.9975149385702105
35MRS,20200817,S2A_MSIL2A_20200817T075621_N0500_R035_T35MRS_20230422T163620.zip,,0.7386660959983543,7.232889074687874e-06,0.0,0.0,0.2595492052116615
35MRS,20200904,S2B_MSIL2A_20200904T080609_N0500_R078_T35MRS_20230519T070013.zip,,0.07214362261571793,0.0030824051678660655,0.0021689045490890873,0.0,0.9158589719343997
35MRS,20200914,S2B_MSIL2A_20200914T080609_N0500_R078_T35MRS_20230421T010657.zip,,0.07281873650054246,0.02149339252358154,0.005884187510990342,0.0,0.8982648365466605
35SKC,20200131,S2A_MSIL2A_20200131T091231_N0500_R050_T35SKC_20230601T233744.zip,,0.0,0.0023419630326375826,0.0023433233466378677,0.01772512367244966,0.9602457855149784
35SLA,20200123,S2B_MSIL2A_20200123T090149_N0500_R007_T35SLA_20230430T120640.zip,,0.8051720465426458,6.303894147663744e-07,0.0,0.0,0.19479202126071246
35SLA,20200412,S2B_MSIL2A_20200412T085549_N0500_R007_T35SLA_20230501T083605.zip,,0.0018103788640382746,8.941576172607257e-05,5.4445738401664226e-05,0.0,0.9973099624752406
35SLA,20200611,S2B_MSIL2A_20200611T085559_N0500_R007_T35SLA_20230502T021442.zip,,0.0012804536149515098,0.000541637220845319,0.0002522884794675532,0.0,0.9976425426591152
35SLA,20200825,S2A_MSIL2A_20200825T085601_N0500_R007_T35SLA_20230509T134053.zip,,0.0005998321173453306,7.242842591763133e-05,6.765073772150723e-05,1.559384341790505e-06,0.9986728975683558
35SLB,20200805,S2A_MSIL2A_20200805T085601_N0500_R007_T35SLB_20230418T145346.zip,,0.12393226963414189,0.0005545104362626534,0.00016101472788743236,1.6589195125430904e-06,0.8751521395084954
35SLB,20200830,S2B_MSIL2A_20200830T085559_N0500_R007_T35SLB_20230414T071809.zip,,0.12984134093782038,4.8705876888265134e-05,5.013254766905219e-05,5.640326342646507e-07,0.8697109498641344
35SLB,20200902,S2B_MSIL2A_20200902T090559_N0500_R050_T35SLB_20230426T234536.zip,,0.13972359083082006,2.786984781072392e-05,1.0716620051028365e-05,1.3271356100344723e-06,0.8593301614792254
35SLB,20200922,S2B_MSIL2A_20200922T090659_N0500_R050_T35SLB_20230418T193604.zip,,0.15021861241336293,0.042356926486640724,0.00983483797333121,7.995992050457696e-06,0.7959392304604165
35SLA,20200828,S2A_MSIL2A_20200828T090601_N0500_R050_T35SLA_20230418T194955.zip,,0.40021469736331333,5.6801404109475416e-05,6.901105172179256e-06,9.953517075258542e-07,0.5990317550373091
35SLA,20200830,S2B_MSIL2A_20200830T085559_N0500_R007_T35SLA_20230414T071809.zip,,0.0013912362599991374,6.14132003543452e-05,4.9269909522529786e-05,3.317839025086181e-08,0.9978076383290035
35SLA,20200907,S2A_MSIL2A_20200907T090601_N0500_R050_T35SLA_20230418T043420.zip,,0.4005784652340238,8.613110109123726e-05,9.027839987259498e-05,1.9907034150517086e-07,0.5983314255758939
35SLA,20200917,S2A_MSIL2A_20200917T090631_N0500_R050_T35SLA_20230418T042801.zip,,0.39614231538714206,6.658902923347965e-05,2.6874496103198067e-06,0.0,0.6021402715983026
35SLB,20190528,S2B_MSIL2A_20190528T085609_N0500_R007_T35SLB_20221209T154913.zip,,0.12369547546292149,7.44523077229339e-05,1.0053052246011128e-05,0.0,0.8760063835222842
35SLB,20200412,S2B_MSIL2A_20200412T085549_N0500_R007_T35SLB_20230501T083605.zip,,0.13358990182514324,0.0004176827548680993,0.00019080892233270627,2.986055122577563e-07,0.8653917870212773
35SLB,20200716,S2A_MSIL2A_20200716T085601_N0500_R007_T35SLB_20230424T025401.zip,,0.12842873779449968,0.00012339043334295508,3.978088991078331e-05,0.0,0.8712284630774284
35SLB,20200731,S2B_MSIL2A_20200731T085559_N0500_R007_T35SLB_20230427T012834.zip,,0.13561982209747148,0.00017106778013344348,0.0001522888112514557,0.0,0.8638864170988152
35SLD,20200813,S2B_MSIL2A_20200813T090559_N0500_R050_T35SLD_20230505T222445.zip,,0.0,1.6058340881417116e-05,0.0,6.635678050172362e-08,0.9999321833703272
35SLD,20200823,S2B_MSIL2A_20200823T090559_N0500_R050_T35SLD_20230519T201544.zip,,0.0,2.1333704931304143e-05,0.0,2.3224873175603266e-07,0.9999060387988096
35SLD,20200828,S2A_MSIL2A_20200828T090601_N0500_R050_T35SLD_20230418T194955.zip,,0.0,1.2773680246581797e-05,0.0,3.317839025086181e-08,0.9999145324667138
35SLD,20200902,S2B_MSIL2A_20200902T090559_N0500_R050_T35SLD_20230426T234536.zip,,0.0,1.5859270539911944e-05,0.0,0.0,0.9999027541381748
35SLC,20200225,S2B_MSIL2A_20200225T090849_N0500_R050_T35SLC_20230505T003135.zip,,0.0005917697685143712,6.131366518359263e-05,2.7206280005706683e-06,1.9907034150517086e-07,0.9985383923742788
35SLC,20200813,S2B_MSIL2A_20200813T090559_N0500_R050_T35SLC_20230505T222445.zip,,0.0008699042139873458,3.576630469042903e-05,5.242185659636166e-06,4.313190732612035e-07,0.9987700770734006
35SLC,20200823,S2B_MSIL2A_20200823T090559_N0500_R050_T35SLC_20230519T201544.zip,,0.0010228897714340695,3.248164405559371e-05,1.3636318393104204e-05,1.9907034150517086e-07,0.9985057116598817
35SLC,20200902,S2B_MSIL2A_20200902T090559_N0500_R050_T35SLC_20230426T234536.zip,,0.001085464215447195,1.3437248051599033e-05,0.0,0.0,0.9983116512553044
35SLU,20200616,S2A_MSIL2A_20200616T085601_N0500_R007_T35SLU_20230427T175144.zip,,0.0,7.16653229418615e-06,0.0,0.0,0.9998835770286097
35SLU,20200621,S2B_MSIL2A_20200621T085559_N0500_R007_T35SLU_20230430T184628.zip,,0.0,0.00010683441660777503,1.3271356100344724e-07,0.0,0.9997667559165364
35SLU,20200701,S2B_MSIL2A_20200701T085559_N0500_R007_T35SLU_20230612T162254.zip,,0.0,0.00017614407384182535,2.325805156585413e-05,0.0,0.9996463847167063
35SLU,20200830,S2B_MSIL2A_20200830T085559_N0500_R007_T35SLU_20230414T071809.zip,,0.0,3.0192335128284247e-06,0.0,6.635678050172362e-08,0.9987699443598396
35SMA,20200412,S2B_MSIL2A_20200412T085549_N0500_R007_T35SMA_20230501T083605.zip,,0.0,3.274707117760061e-05,1.8049044296468823e-05,1.9907034150517086e-07,0.9990398505645303
35SMA,20200825,S2A_MSIL2A_20200825T085601_N0500_R007_T35SMA_20230509T134053.zip,,0.0,7.057043606358307e-05,5.779675581700127e-05,3.317839025086181e-08,0.9991390871297706
35SMA,20200830,S2B_MSIL2A_20200830T085559_N0500_R007_T35SMA_20230414T071809.zip,,0.0,5.391488415765044e-05,3.1619005909071304e-05,3.317839025086181e-08,0.9990684503369266
35SMA,20201004,S2A_MSIL2A_20201004T085831_N0500_R007_T35SMA_20230410T022301.zip,,0.0,4.157252298432985e-05,1.506298917389126e-05,3.317839025086181e-08,0.997634181704772
35SLV,20200621,S2B_MSIL2A_20200621T085559_N0500_R007_T35SLV_20230430T184628.zip,,0.0,0.00011184435353565516,3.069001098204717e-05,0.0,0.9997432324378486
35SLV,20200701,S2B_MSIL2A_20200701T085559_N0500_R007_T35SLV_20230528T100449.zip,,0.1664708478074061,4.0112673813291924e-05,3.706026191021264e-05,0.0,0.8333988274756885
35SLV,20200830,S2B_MSIL2A_20200830T085559_N0500_R007_T35SLV_20230414T071809.zip,,0.0,4.8108665863749625e-06,0.0,0.0,0.9994307915368562
35SLV,20201004,S2A_MSIL2A_20201004T085831_N0500_R007_T35SLV_20230410T022301.zip,,0.0,5.7133188011984037e-05,1.3271356100344723e-06,0.0,0.9949233413293254
35SMB,20200726,S2A_MSIL2A_20200726T085601_N0500_R007_T35SMB_20230422T125049.zip,,0.0,0.00012412035792847402,4.897130401027203e-05,0.0,0.9992549792469169
35SMB,20200815,S2A_MSIL2A_20200815T085601_N0500_R007_T35SMB_20230421T015635.zip,,0.0,0.0001784333827691348,6.987368986831497e-05,2.455200878563774e-06,0.998912445545967
35SMB,20200825,S2A_MSIL2A_20200825T085601_N0500_R007_T35SMB_20230509T134053.zip,,0.0,6.711988347749344e-05,1.4200351027368854e-05,7.962813660206834e-07,0.9985949615296565
35SMB,20201004,S2A_MSIL2A_20201004T085831_N0500_R007_T35SMB_20230410T022301.zip,,0.0,6.874562459978566e-05,7.962813660206834e-06,0.0,0.9936735445469657
35SMC,20200412,S2B_MSIL2A_20200412T085549_N0500_R007_T35SMC_20230501T083605.zip,,0.024077458269879663,0.0002829784904496004,1.6257411222922285e-06,1.9907034150517086e-07,0.9741293824506223
35SMC,20200706,S2A_MSIL2A_20200706T085601_N0500_R007_T35SMC_20230525T215525.zip,,0.0,0.00015441222822751085,7.962813660206834e-06,0.0,0.999362244982598
35SMC,20201024,S2A_MSIL2A_20201024T090041_N0500_R007_T35SMC_20230413T165007.zip,,0.0,7.34901344056589e-05,6.138002196409435e-06,3.8453754300748835e-05,0.9976230337656478
35SMC,20201108,S2B_MSIL2A_20201108T090159_N0500_R007_T35SMC_20230408T211548.zip,,0.0,0.0010848338260324285,0.0006138002196409434,0.00010726573568103623,0.9929624652871092
35SMU,20200512,S2B_MSIL2A_20200512T085559_N0500_R007_T35SMU_20230508T072409.zip,,0.0,9.92033868500768e-06,0.0,0.0,0.9999497015603797
35SMU,20200830,S2B_MSIL2A_20200830T085559_N0500_R007_T35SMU_20230414T071809.zip,,6.96746195268098e-07,3.351017415337043e-06,0.0,0.0,0.9997233917604785
35SMU,20200904,S2A_MSIL2A_20200904T085601_N0500_R007_T35SMU_20230529T212913.zip,,0.0,3.135357878706441e-05,6.867926781928394e-06,5.640326342646507e-07,0.9996796294637377
35SMU,20201004,S2A_MSIL2A_20201004T085831_N0500_R007_T35SMU_20230410T022301.zip,,0.0,1.0915690392533535e-05,3.48373097634049e-06,0.0,0.9984818895756815
35SMD,20200825,S2A_MSIL2A_20200825T085601_N0500_R007_T35SMD_20230509T134053.zip,,0.0,2.8898377908500636e-05,0.0,0.0,0.9994017272669965
35SMD,20201004,S2A_MSIL2A_20201004T085831_N0500_R007_T35SMD_20230410T022301.zip,,0.0,0.00012524842319700332,1.6589195125430904e-07,1.7086870979193833e-05,0.9993183499722961
35SMD,20201024,S2A_MSIL2A_20201024T090041_N0500_R007_T35SMD_20230413T165007.zip,,0.0,0.00010245486909466126,7.365602635691322e-06,1.9243466345499848e-06,0.9972389607201038
35SMD,20201108,S2B_MSIL2A_20201108T090159_N0500_R007_T35SMD_20230408T211548.zip,,0.0,0.00025371515024834025,0.0001329126313449524,2.4054332931874812e-05,0.9930437855216141
35SMV,20200721,S2B_MSIL2A_20200721T085559_N0500_R007_T35SMV_20230426T151300.zip,,0.0,0.00011091535860863102,8.26141917246459e-06,0.0,0.9997625754393649
35SMV,20200726,S2A_MSIL2A_20200726T085601_N0500_R007_T35SMV_20230422T125049.zip,,0.0,2.6111393127428243e-05,1.8911682442991231e-06,0.0,0.9998408764403569
35SMV,20200731,S2B_MSIL2A_20200731T085559_N0500_R007_T35SMV_20230427T012834.zip,,0.0,4.435950776540224e-05,5.938931854904264e-06,0.0,0.9998000670203483
35SMV,20200815,S2A_MSIL2A_20200815T085601_N0500_R007_T35SMV_20230421T015635.zip,,0.0,9.910385167932422e-05,1.559384341790505e-05,6.0052886354059874e-06,0.9996795962853474
35SNA,20191022,S2B_MSIL2A_20191022T085009_N0500_R107_T35SNA_20230623T060542.zip,,0.1371385629112047,4.2103377228343634e-05,1.3603140002853342e-06,1.061708488027578e-06,0.8595308243834625
35SNA,20200110,S2B_MSIL2A_20200110T085229_N0500_R107_T35SNA_20230429T083244.zip,,0.142454039634905,7.54144810402089e-05,2.3921619370871364e-05,6.23753736716202e-06,0.8375992116814477
35SNA,20200217,S2A_MSIL2A_20200217T090031_N0500_R007_T35SNA_20230621T065805.zip,,0.17096204060371398,0.00086313582237617,0.0014320125016174465,4.844044976625824e-06,0.8227241780883275
35SNA,20200412,S2B_MSIL2A_20200412T085549_N0500_R007_T35SNA_20230501T083605.zip,,0.1594345738733448,1.8380828198977443e-05,1.6589195125430904e-06,0.0,0.8384617834711895
35SNV,20200519,S2B_MSIL2A_20200519T084559_N0500_R107_T35SNV_20230619T045403.zip,,0.00445582463230049,1.9873855760266222e-05,0.0,0.0,0.9954004134027425
35SNV,20200728,S2B_MSIL2A_20200728T084559_N0500_R107_T35SNV_20230504T102553.zip,,0.005542085129113705,0.00011443226797522238,1.6954157418190385e-05,0.0,0.9941779887923398
35SNV,20200802,S2A_MSIL2A_20200802T084601_N0500_R107_T35SNV_20230521T061723.zip,,0.0032521458123894744,9.644958045925527e-05,5.043115318130995e-06,6.469786098918053e-06,0.9964611265390626
35SNV,20201006,S2B_MSIL2A_20201006T084739_N0500_R107_T35SNV_20230411T094040.zip,,0.004104067338860853,1.924346634549985e-05,1.3271356100344724e-07,0.0,0.9932499228602427
35SNA,20200519,S2B_MSIL2A_20200519T084559_N0500_R107_T35SNA_20230619T045403.zip,,0.1379042869798043,5.404759771865389e-05,1.9907034150517086e-07,0.0,0.8615136645200249
35SNA,20200524,S2A_MSIL2A_20200524T084601_N0500_R107_T35SNA_20230503T020545.zip,,0.12790309255775528,0.0017486007013911699,1.2508253124574902e-05,0.0,0.8698401796941616
35SNA,20200802,S2A_MSIL2A_20200802T084601_N0500_R107_T35SNA_20230521T061723.zip,,0.13123990962206494,5.7863112597502995e-05,0.0,2.75380639082153e-06,0.8680107896125095
35SNA,20200909,S2B_MSIL2A_20200909T085559_N0500_R007_T35SNA_20230426T110351.zip,,0.16453445741719502,4.80423090832479e-05,0.0,3.699390512971092e-05,0.8292973480512672
35SPA,20200320,S2B_MSIL2A_20200320T084639_N0500_R107_T35SPA_20230601T015738.zip,,0.0,0.0030043695939960383,0.0006392480449633545,0.005935448123927923,0.9749606338399673
35SPA,20200509,S2B_MSIL2A_20200509T084559_N0500_R107_T35SPA_20230425T144317.zip,,0.0,0.0007165536942478625,1.4598491710379195e-06,0.0009574288074691192,0.9956500144325997
35SPA,20200514,S2A_MSIL2A_20200514T084601_N0500_R107_T35SPA_20230530T134249.zip,,0.0,1.2408717953822316e-05,0.0,0.00049123924605426,0.9975302669865064
35SPA,20200723,S2A_MSIL2A_20200723T084601_N0500_R107_T35SPA_20230424T035826.zip,,0.0,2.5547360493163594e-05,1.957525024800847e-06,0.0,0.9981836822041068
35SNA,20201006,S2B_MSIL2A_20201006T084739_N0500_R107_T35SNA_20230411T094040.zip,,0.1356337901997671,5.427984645040992e-05,0.0,0.0,0.8562450025049685
35SNB,20200820,S2B_MSIL2A_20200820T085559_N0500_R007_T35SNB_20230626T163431.zip,,0.006794038506839725,0.0004431305801905103,0.000334205924996931,7.631029757698216e-07,0.990810083576365
35SNB,20200830,S2B_MSIL2A_20200830T085559_N0500_R007_T35SNB_20230414T071809.zip,,0.007100573654367438,0.00015690060749632548,7.285974499089253e-05,1.8911682442991231e-06,0.9896772406196396
35SNB,20200909,S2B_MSIL2A_20200909T085559_N0500_R007_T35SNB_20230426T110351.zip,,0.0074588339122962435,5.049750996181167e-05,0.0,3.6496229275947987e-07,0.987978175254893
35TKE,20200321,S2A_MSIL2A_20200321T090641_N0500_R050_T35TKE_20230615T120531.zip,,0.0,0.0005752469301694421,0.0003639337626617032,2.733899356671013e-05,0.9948053921519836
35TKE,20200410,S2A_MSIL2A_20200410T090551_N0500_R050_T35TKE_20230530T173341.zip,,0.0,9.110785962886652e-05,6.635678050172362e-08,0.0006548418883812595,0.9982718371870034
35TKE,20200704,S2B_MSIL2A_20200704T090559_N0500_R050_T35TKE_20230323T193850.zip,,0.0,0.0018832054306389162,0.0007954519062644119,0.0,0.9971069439052956
35TKE,20200927,S2A_MSIL2A_20200927T090731_N0500_R050_T35TKE_20230416T032434.zip,,0.0,0.000746679672595645,0.0004015248788159296,9.953517075258543e-08,0.9980429394726626
35SNB,20201004,S2A_MSIL2A_20201004T085831_N0500_R007_T35SNB_20230410T022301.zip,,0.008219581222358253,2.5646895663916177e-05,0.0,2.222952146807741e-06,0.9802185128781922
35SNB,20201006,S2B_MSIL2A_20201006T084739_N0500_R107_T35SNB_20230411T094040.zip,,0.3399197082955929,3.7259332251717814e-05,0.0,2.1565953663060175e-06,0.6546941450094724
35SNB,20201011,S2A_MSIL2A_20201011T084911_N0500_R107_T35SNB_20230410T011343.zip,,0.33132172753242356,4.223609078934708e-05,3.948228439852555e-06,1.9907034150517085e-06,0.667431428561949
35SNB,20201108,S2B_MSIL2A_20201108T090159_N0500_R007_T35SNB_20230408T211548.zip,,0.0072879652025043045,6.977415469756238e-05,6.23753736716202e-06,4.678153025371515e-06,0.9834945471315623
35TLE,20200510,S2A_MSIL2A_20200510T090601_N0500_R050_T35TLE_20230530T114138.zip,,0.0,5.87257507440254e-06,0.0,1.0749798441279227e-05,0.9995216007909729
35TLE,20200629,S2A_MSIL2A_20200629T090601_N0500_R050_T35TLE_20230505T203113.zip,,0.0,7.388827508866925e-05,8.536799811546743e-05,0.0,0.9996412752446077
35TLE,20200704,S2B_MSIL2A_20200704T090559_N0500_R050_T35TLE_20230323T193850.zip,,0.0,2.8135274932730815e-05,1.6589195125430904e-07,6.37688660621564e-05,0.9996936307444235
35TLE,20200719,S2A_MSIL2A_20200719T090601_N0500_R050_T35TLE_20230426T020041.zip,,0.0,4.253469630160484e-05,2.289308927309465e-06,0.00028453787479139087,0.9993694446932824
35TMF,20200907,S2A_MSIL2A_20200907T090601_N0500_R050_T35TMF_20230418T043420.zip,,0.05859502788643701,3.11876868358101e-06,4.611796244869791e-06,9.064336216535446e-05,0.9411319139617984
35TMF,20200927,S2A_MSIL2A_20200927T090731_N0500_R050_T35TMF_20230416T032434.zip,,0.05711756099017588,0.00018838689984439336,0.00027969382981476505,1.2972750588086968e-05,0.9420561975574069
35TMG,20190918,S2B_MSIL2A_20190918T090619_N0500_R050_T35TMG_20230702T110523.zip,,0.0,1.3437248051599033e-05,0.0,0.0,0.9995134720853613
35TMG,20200111,S2A_MSIL2A_20200111T091341_N0500_R050_T35TMG_20230603T140154.zip,,0.0,1.4996632393389537e-05,6.87124462095348e-05,0.0,0.9945619954811032
35TLF,20190720,S2B_MSIL2A_20190720T090559_N0500_R050_T35TLF_20230724T074644.zip,,0.0,7.81019306505287e-05,7.694068699174853e-05,0.0,0.9996594238240749
35TLF,20200321,S2A_MSIL2A_20200321T090641_N0500_R050_T35TLF_20230615T120531.zip,,0.0,0.00031967379006705353,0.0003065019691374614,0.0002937614672811305,0.961770398903786
35TLF,20200907,S2A_MSIL2A_20200907T090601_N0500_R050_T35TLF_20230418T043420.zip,,0.0,8.785637738428208e-05,5.427984645040992e-05,0.0,0.9993158615930272
35TLF,20200927,S2A_MSIL2A_20200927T090731_N0500_R050_T35TLF_20230416T032434.zip,,0.0,0.0001729589483777426,0.00016675458940083144,0.0,0.9976506713647267
35TLF,20201126,S2A_MSIL2A_20201126T091321_N0500_R050_T35TLF_20230406T074215.zip,,0.0,5.7630863865746964e-05,2.2893089273094646e-05,1.7916330735465376e-06,0.9256103330778598
35TMF,20190918,S2B_MSIL2A_20190918T090619_N0500_R050_T35TMF_20230702T110523.zip,,0.05382609878533913,7.232889074687874e-06,8.958165367732688e-07,0.0,0.9458350171366385
35TMF,20200225,S2B_MSIL2A_20200225T090849_N0500_R050_T35TMF_20230505T003135.zip,,0.050858756274863054,3.516909366591352e-06,0.0,6.37688660621564e-05,0.9484730641238749
35TMF,20200321,S2A_MSIL2A_20200321T090641_N0500_R050_T35TMF_20230615T120531.zip,,0.051876437039027744,4.512261074117206e-06,0.0,0.0,0.9419031456431797
35TMG,20200225,S2B_MSIL2A_20200225T090849_N0500_R050_T35TMG_20230505T003135.zip,,0.0,2.2229521468077412e-05,0.0,0.0,0.9996484417769018
35TMG,20200828,S2A_MSIL2A_20200828T090601_N0500_R050_T35TMG_20230418T194955.zip,,0.0,3.749158098347384e-06,0.0,0.0,0.9997364308678471
35TMG,20200907,S2A_MSIL2A_20200907T090601_N0500_R050_T35TMG_20230418T043420.zip,,0.0,2.222952146807741e-06,0.0,0.0,0.9996805916370549
36LUQ,20190701,S2A_MSIL2A_20190701T074621_N0500_R135_T36LUQ_20230722T060012.zip,,0.3442053609642967,0.0,0.0,0.0,0.6557817326418957
36LUQ,20200605,S2A_MSIL2A_20200605T074621_N0500_R135_T36LUQ_20230617T072133.zip,,0.33357898613475073,9.60846181664958e-05,0.00027368854117935904,0.0,0.6660306701039479
36LUQ,20200708,S2A_MSIL2A_20200708T075611_N0500_R035_T36LUQ_20230513T023031.zip,,0.4266560495817864,0.0,0.0,0.0,0.5732891397175192
36LUQ,20200809,S2B_MSIL2A_20200809T074619_N0500_R135_T36LUQ_20230421T152846.zip,,0.3538703255795435,6.635678050172362e-08,0.0,0.0,0.6460467616232196
36LUQ,20200812,S2B_MSIL2A_20200812T075609_N0500_R035_T36LUQ_20230611T152250.zip,,0.4269335204594544,0.0,0.0,0.0,0.5729411647605681
36LUR,20200807,S2A_MSIL2A_20200807T075621_N0500_R035_T36LUR_20230418T132011.zip,,0.23784124803832768,4.1174382301319503e-05,7.704022216250112e-05,0.0,0.7601511607459829
36LUR,20200812,S2B_MSIL2A_20200812T075609_N0500_R035_T36LUR_20230611T152250.zip,,0.2311537785209737,6.635678050172362e-08,3.815514878849108e-06,0.0,0.7673373014688073
36LUR,20200814,S2A_MSIL2A_20200814T074621_N0500_R135_T36LUR_20230508T205256.zip,,0.5450827303160906,0.0,0.0,0.0,0.45470406534815744
36LUR,20200829,S2B_MSIL2A_20200829T074619_N0500_R135_T36LUR_20230627T034713.zip,,0.553986118161519,0.0,0.0,0.0,0.4459663040268612
36LUR,20200623,S2B_MSIL2A_20200623T075609_N0500_R035_T36LUR_20230501T075445.zip,,0.2354818663508084,4.429315098490052e-05,9.907067328907336e-05,0.0,0.7632479321568276
36LUR,20200708,S2A_MSIL2A_20200708T075611_N0500_R035_T36LUR_20230513T023031.zip,,0.23129996250841903,4.313190732612035e-07,0.0,0.0,0.7682115520519175
36LUR,20200713,S2B_MSIL2A_20200713T075609_N0500_R035_T36LUR_20230611T213746.zip,,0.22584453933464055,1.635694639367487e-05,4.167205815508243e-05,0.0,0.7737186671577069
36LUR,20200725,S2A_MSIL2A_20200725T074621_N0500_R135_T36LUR_20230430T030343.zip,,0.5488019283280414,6.635678050172362e-07,0.0,0.0,0.45105656583753867
36LUQ,20200829,S2B_MSIL2A_20200829T074619_N0500_R135_T36LUQ_20230627T034713.zip,,0.35025308476083356,1.8579898540482613e-06,0.0,0.0,0.6496932326037406
36LUQ,20200918,S2B_MSIL2A_20200918T074619_N0500_R135_T36LUQ_20230616T134548.zip,,0.34914164186582,4.844044976625824e-06,0.0,0.0,0.6507959495821182
36LUQ,20201107,S2B_MSIL2A_20201107T075129_N0500_R135_T36LUQ_20230410T194015.zip,,0.3511821460446382,2.7206280005706683e-06,0.0,0.0,0.648812711304873
36LUR,20190624,S2A_MSIL2A_20190624T075611_N0500_R035_T36LUR_20230716T202428.zip,,0.9855607977412152,0.0,0.0,0.0,0.014429082849758296
36LVQ,20200809,S2B_MSIL2A_20200809T074619_N0500_R135_T36LVQ_20230421T152846.zip,,0.0,0.0008394796301273054,0.0021587851400625743,0.0,0.9966663680611544
36LVQ,20200819,S2B_MSIL2A_20200819T074619_N0500_R135_T36LVQ_20230611T094759.zip,,0.0,3.8486932690999695e-06,0.0,0.0,0.9999177839489584
36LVQ,20201003,S2A_MSIL2A_20201003T074751_N0500_R135_T36LVQ_20230308T180134.zip,,0.0,8.609792270098639e-05,0.00014326428910322128,0.0,0.9997555084422414
36LVQ,20201107,S2B_MSIL2A_20201107T075129_N0500_R135_T36LVQ_20230410T194015.zip,,0.0,5.209007269385304e-06,0.0,0.0,0.9999934306787304
35TMF,20200731,S2B_MSIL2A_20200731T085559_N0500_R007_T35TMF_20230427T012834.zip,,0.13250453714486682,9.555376392248201e-06,0.0,8.095527221210282e-06,0.8672523316113748
35TMF,20200825,S2A_MSIL2A_20200825T085601_N0500_R007_T35TMF_20230509T134053.zip,,0.11837143871453645,0.0002431644221485662,0.0003499988387563412,0.00010099501992362334,0.8807033486949281
35TMF,20200828,S2A_MSIL2A_20200828T090601_N0500_R050_T35TMF_20230418T194955.zip,,0.058110988351067185,2.123416976055156e-06,0.0,9.588554782499063e-05,0.9416442546640522
35TMF,20200830,S2B_MSIL2A_20200830T085559_N0500_R007_T35TMF_20230414T071809.zip,,0.1266951337255019,3.616444537343937e-06,0.0,9.369577406843374e-05,0.8729823059644792
36LWR,20200814,S2A_MSIL2A_20200814T074621_N0500_R135_T36LWR_20230508T205256.zip,,0.0,3.8686003032504866e-05,0.0,0.0,0.9981824877820578
36LWR,20200918,S2B_MSIL2A_20200918T074619_N0500_R135_T36LWR_20230616T134548.zip,,0.0,0.0061386325858242006,0.0030968045892349394,0.0,0.9892647336936506
36LWR,20201003,S2A_MSIL2A_20201003T074751_N0500_R135_T36LWR_20230308T180134.zip,,0.0,0.005994837442476966,0.0013616743142856194,0.0,0.9910800229594461
36LWR,20201018,S2B_MSIL2A_20201018T074929_N0500_R135_T36LWR_20230618T031947.zip,,0.23683109876874994,0.034195772409514234,0.007136970348472633,0.0,0.7204238207570645
36LVR,20200531,S2B_MSIL2A_20200531T074619_N0500_R135_T36LVR_20230508T125252.zip,,0.0,0.0003366611258754948,0.000610316488664603,0.0,0.9983128124989632
36LVR,20200814,S2A_MSIL2A_20200814T074621_N0500_R135_T36LVR_20230508T205256.zip,,0.0,6.23753736716202e-06,0.0,0.0,0.9987857704519892
36LVR,20200824,S2A_MSIL2A_20200824T074621_N0500_R135_T36LVR_20230611T160025.zip,,0.0,0.0010668511385164615,0.002094750846878411,0.0,0.99595027886437
36LVR,20200918,S2B_MSIL2A_20200918T074619_N0500_R135_T36LVR_20230616T134548.zip,,0.0,0.00018264703833099425,0.0001624413986682194,0.0,0.9993700419043069
36LXQ,20190901,S2B_MSIL2A_20190901T073619_N0500_R092_T36LXQ_20230702T235419.zip,,0.13510864263887645,0.003400386860030325,0.0024519162179289385,0.0,0.8508172832870495
36LXQ,20200809,S2B_MSIL2A_20200809T074619_N0500_R135_T36LXQ_20230421T152846.zip,,0.641885859701859,0.004408943566876022,0.0024925265675959933,0.0,0.34867561819635634
36LXQ,20200816,S2B_MSIL2A_20200816T073619_N0500_R092_T36LXQ_20230320T155338.zip,,0.9954900282348101,5.013254766905219e-05,5.544109010919008e-05,0.0,0.004404265413850651
36LXQ,20200829,S2B_MSIL2A_20200829T074619_N0500_R135_T36LXQ_20230627T034713.zip,,0.6453433133931208,3.317839025086181e-08,0.0,0.0,0.3543571852780847
36LWQ,20200819,S2B_MSIL2A_20200819T074619_N0500_R135_T36LWQ_20230611T094759.zip,,0.0,0.00216014545406286,0.0008580595286677881,0.0,0.9950478266495466
36LWQ,20200918,S2B_MSIL2A_20200918T074619_N0500_R135_T36LWQ_20230616T134548.zip,,0.0,0.0025451143161436094,0.0021918639951426836,0.0,0.9938872133801813
36LWQ,20200928,S2B_MSIL2A_20200928T074709_N0500_R135_T36LWQ_20230617T164638.zip,,0.0,0.04364059840544657,0.014133430214232866,0.0,0.9390618146588764
36LWQ,20201107,S2B_MSIL2A_20201107T075129_N0500_R135_T36LWQ_20230410T194015.zip,,0.0,0.010248771570100962,0.0036571876005719955,0.0,0.9855234388737927
36LXR,20190628,S2A_MSIL2A_20190628T073621_N0500_R092_T36LXR_20230716T200843.zip,,0.33816881828527445,9.953517075258543e-08,0.0,0.0,0.6615880504709672
36LXR,20200622,S2A_MSIL2A_20200622T073621_N0500_R092_T36LXR_20230428T104259.zip,,0.33235022445181006,0.00040089448940116326,0.0004158911217945528,0.0,0.66647930829692
36LXR,20200801,S2A_MSIL2A_20200801T073621_N0500_R092_T36LXR_20230316T054115.zip,,0.3360373057819981,9.953517075258543e-08,0.0,0.0,0.6638220510217285
36LXR,20200806,S2B_MSIL2A_20200806T073619_N0500_R092_T36LXR_20230317T052859.zip,,0.3474108579599935,9.953517075258543e-08,0.0,0.0,0.6523733497898149
36LXQ,20200831,S2A_MSIL2A_20200831T073621_N0500_R092_T36LXQ_20230322T165939.zip,,0.12427334348592076,0.00011373552177995428,6.75843809410055e-05,0.0,0.8743993550120935
36LXQ,20200905,S2B_MSIL2A_20200905T073619_N0500_R092_T36LXQ_20230312T164034.zip,,0.9839290513302875,3.911732210576607e-05,6.658902923347965e-05,0.0,0.015943145510466123
36LXQ,20200918,S2B_MSIL2A_20200918T074619_N0500_R135_T36LXQ_20230616T134548.zip,,0.647018656208838,0.0001479424421285928,7.763743318701663e-05,0.0,0.35098440283874305
36LXQ,20201124,S2B_MSIL2A_20201124T074239_N0500_R092_T36LXQ_20230304T190845.zip,,0.1340800793627095,0.0036624297862316315,0.001572589341110348,0.0,0.8602379885932694
36LYN,20200826,S2B_MSIL2A_20200826T073619_N0500_R092_T36LYN_20230421T043002.zip,,0.0,0.015007813510904078,0.0230472028958099,0.0,0.9594774071751587
36LYN,20201124,S2B_MSIL2A_20201124T074239_N0500_R092_T36LYN_20230304T190845.zip,,0.0,0.027577114873540566,0.03322702977096957,0.0,0.9385822210278002
36LYP,20190713,S2B_MSIL2A_20190713T073619_N0500_R092_T36LYP_20230812T085846.zip,,0.0,0.026368990149335934,0.03303900783341794,0.0,0.9393804267404554
36LYP,20200622,S2A_MSIL2A_20200622T073621_N0500_R092_T36LYP_20230428T104259.zip,,0.0,0.02643929515827751,0.030110616753096373,0.0,0.9426214246137206
36LXR,20201107,S2B_MSIL2A_20201107T075129_N0500_R135_T36LXR_20230410T194015.zip,,0.4430458425818096,1.9907034150517086e-07,0.0,0.0,0.5568714105129048
36LYN,20190901,S2B_MSIL2A_20190901T073619_N0500_R092_T36LYN_20230702T235419.zip,,0.0,0.0006686109203353672,0.0009317155550247013,0.0,0.9974495771414162
36LYN,20200622,S2A_MSIL2A_20200622T073621_N0500_R092_T36LYN_20230428T104259.zip,,0.0,0.008843534029415961,0.011491269106605485,0.0,0.9786073702476104
36LYN,20200712,S2A_MSIL2A_20200712T073621_N0500_R092_T36LYN_20230524T161059.zip,,0.0,0.020830554643149823,0.02661494155626557,0.0,0.9513333399690114
36LYQ,20200801,S2A_MSIL2A_20200801T073621_N0500_R092_T36LYQ_20230316T054115.zip,,0.0,0.03286419089518615,0.011210978065766205,0.0,0.9543622947501833
36LYQ,20200816,S2B_MSIL2A_20200816T073619_N0500_R092_T36LYQ_20230320T155338.zip,,0.868392009316492,0.01282460907561687,0.007904718298877575,0.0,0.11036254027027116
36LYQ,20200905,S2B_MSIL2A_20200905T073619_N0500_R092_T36LYQ_20230312T204859.zip,,0.023386551471295716,0.16536069886961224,0.10104120424285254,0.0,0.7062548233084828
36LYQ,20201119,S2A_MSIL2A_20201119T074221_N0500_R092_T36LYQ_20230304T015848.zip,,0.0,0.10081678561119571,0.06731742761304707,0.0,0.830395187806278
36LXR,20200814,S2A_MSIL2A_20200814T074621_N0500_R135_T36LXR_20230508T205256.zip,,0.44798341744055264,4.190430688683846e-05,0.0,0.0,0.5515157215802203
36LXR,20200829,S2B_MSIL2A_20200829T074619_N0500_R135_T36LXR_20230627T034713.zip,,0.4426310131685031,3.317839025086181e-08,0.0,0.0,0.557227215569955
36LXR,20200905,S2B_MSIL2A_20200905T073619_N0500_R092_T36LXR_20230312T164034.zip,,0.4063818965431435,0.00013148596056416535,0.0001748832950122926,0.0,0.5932585160633176
36LXR,20201005,S2B_MSIL2A_20201005T073749_N0500_R092_T36LXR_20230415T234325.zip,,0.33992163264222747,0.0,0.0,0.0,0.6600535167434747
36LYP,20200806,S2B_MSIL2A_20200806T073619_N0500_R092_T36LYP_20230317T052859.zip,,0.0,0.03346226455784818,0.027108436932856892,0.0,0.9382302314856288
36LYP,20201005,S2B_MSIL2A_20201005T073749_N0500_R092_T36LYP_20230415T234325.zip,,0.0,0.005936742081147707,0.0,0.0,0.9917415337042678
36LYP,20201124,S2B_MSIL2A_20201124T074239_N0500_R092_T36LYP_20230304T190845.zip,,0.0,0.029279796682824544,0.03481723683730313,0.0,0.9352220463767539
36LYQ,20190628,S2A_MSIL2A_20190628T073621_N0500_R092_T36LYQ_20230716T200843.zip,,0.0,0.010275480174252906,0.01652509447546624,0.0,0.9725056652101354
36LYR,20201124,S2B_MSIL2A_20201124T074239_N0500_R092_T36LYR_20230304T190845.zip,,0.0,0.09585094276395897,0.0436302467476883,0.0,0.858909260420503
36LZN,20190628,S2A_MSIL2A_20190628T073621_N0500_R092_T36LZN_20230716T200843.zip,,0.36266090689811914,3.682801317845661e-06,0.0,0.0,0.6371061808023198
36LZN,20200515,S2B_MSIL2A_20200515T072619_N0500_R049_T36LZN_20230424T101545.zip,,0.39783686849081457,1.9907034150517086e-07,0.0,0.0,0.6020434238771604
36LZN,20200707,S2B_MSIL2A_20200707T073619_N0500_R092_T36LZN_20230528T210508.zip,,0.35681311608123395,0.00011526172773149393,0.0002424676759532981,0.0,0.6424915975726689
36LYR,20191031,S2B_MSIL2A_20191031T074009_N0500_R092_T36LYR_20230704T045449.zip,,0.0,0.07647184315911361,0.029267620213602477,0.0,0.8929654181638416
36LYR,20200622,S2A_MSIL2A_20200622T073621_N0500_R092_T36LYR_20230428T104259.zip,,0.0,0.043464752937117,0.045597227613710635,0.0,0.9099096220649566
36LYR,20200801,S2A_MSIL2A_20200801T073621_N0500_R092_T36LYR_20230316T054115.zip,,0.0,0.05643139870139781,0.02342898663242657,0.0,0.9177753225768992
36LYR,20201119,S2A_MSIL2A_20201119T074221_N0500_R092_T36LYR_20230304T015848.zip,,0.0,0.05000719971068444,0.04042886387238264,0.0,0.9084507018888458
36LZN,20200729,S2A_MSIL2A_20200729T072621_N0500_R049_T36LZN_20230324T161127.zip,,0.3918627011854639,0.00042246044306422343,0.0014070291737585477,0.0,0.6058450370104943
36LZN,20200801,S2A_MSIL2A_20200801T073621_N0500_R092_T36LZN_20230316T054115.zip,,0.3652341233108052,0.0015493312895444938,0.0038149176678245926,0.0,0.628537894698425
36LZN,20200826,S2B_MSIL2A_20200826T073619_N0500_R092_T36LZN_20230421T043002.zip,,0.3603920690375944,0.00196226953460672,0.00317344667071443,0.0,0.6339448110656567
36LZN,20200915,S2B_MSIL2A_20200915T073619_N0500_R092_T36LZN_20230312T110911.zip,,0.361673849788156,0.0009671500758126218,0.00249856503462165,0.0,0.6342167079737625
36LZP,20200801,S2A_MSIL2A_20200801T073621_N0500_R092_T36LZP_20230316T054115.zip,,0.15567702164226396,0.0001530850926174764,0.00043413923643252677,0.0,0.8432350921198005
36LZP,20200808,S2A_MSIL2A_20200808T072621_N0500_R049_T36LZP_20230421T194016.zip,,0.6091113168171307,0.0,0.0,0.0,0.3906268725053998
36LZP,20201005,S2B_MSIL2A_20201005T073749_N0500_R092_T36LZP_20230415T234325.zip,,0.15609652920859585,1.227600439281887e-06,0.0,0.0,0.8417150905272378
36LZQ,20190628,S2A_MSIL2A_20190628T073621_N0500_R092_T36LZQ_20230716T200843.zip,,0.007383485788036536,0.0,0.0,0.0,0.9921164826924928
36LZN,20201002,S2B_MSIL2A_20201002T072729_N0500_R049_T36LZN_20230306T212417.zip,,0.39472788743235754,0.004055759602655598,0.004429713239173062,0.0,0.5965359769874685
36LZN,20201124,S2B_MSIL2A_20201124T074239_N0500_R092_T36LZN_20230304T190845.zip,,0.36147056579108894,0.0015210633010507596,0.0026379806304557716,0.0,0.6342874443017774
36LZP,20190628,S2A_MSIL2A_20190628T073621_N0500_R092_T36LZP_20230716T200843.zip,,0.15297056081433041,3.430645551939111e-05,0.0,0.0,0.846883885587639
36LZP,20200602,S2A_MSIL2A_20200602T073621_N0500_R092_T36LZP_20230618T144016.zip,,0.16524381140075844,0.016780833507519882,0.017558236369487824,0.0,0.7998614470423124
36LZP,20200619,S2A_MSIL2A_20200619T072621_N0500_R049_T36LZP_20230414T195243.zip,,0.660030026443177,0.017795860000464497,0.005981367016035116,0.0,0.3160059190248208
36LZP,20200622,S2A_MSIL2A_20200622T073621_N0500_R092_T36LZP_20230428T104259.zip,,0.15879200798935636,0.013650054246668061,0.016964542254338903,0.0,0.8100816188400172
36LZP,20200707,S2B_MSIL2A_20200707T073619_N0500_R092_T36LZP_20230528T210508.zip,,0.14734161465953996,0.006014147265602968,0.007424726527118357,0.0,0.8388738922564954
36LZP,20200729,S2A_MSIL2A_20200729T072621_N0500_R049_T36LZP_20230324T161127.zip,,0.61067717094502,0.0031530087823198995,0.005281070733010176,0.0,0.38054820654211496
36LZQ,20200602,S2A_MSIL2A_20200602T073621_N0500_R092_T36LZQ_20230618T144016.zip,,0.010669904877555151,0.0017531461408555379,0.0023686384583992753,0.0,0.9844549951725442
36LZQ,20200614,S2B_MSIL2A_20200614T072619_N0500_R049_T36LZQ_20230615T025701.zip,,0.8310178134777257,0.0012891795315874864,0.000993493717671806,0.0,0.16649098709028837
36LZQ,20200619,S2A_MSIL2A_20200619T072621_N0500_R049_T36LZQ_20230429T155300.zip,,0.8212627695329477,0.005526325393744546,0.0005234554629878468,0.0,0.17250234737111025
36LZQ,20200622,S2A_MSIL2A_20200622T073621_N0500_R092_T36LZQ_20230428T104259.zip,,0.008966227716563647,0.0009557698879565761,0.0016529142239076844,0.0,0.987615004595207
36MTD,20200209,S2A_MSIL2A_20200209T080051_N0500_R035_T36MTD_20230621T184226.zip,,0.5497325158177976,0.001362503774041891,0.0009277341481945979,0.0,0.4479212079588323
36MTD,20200303,S2A_MSIL2A_20200303T080831_N0500_R078_T36MTD_20230630T171940.zip,,0.2723437214873209,0.01250393993384229,0.00840773587347089,0.0,0.7063309677141084
36MTD,20200601,S2A_MSIL2A_20200601T080611_N0500_R078_T36MTD_20230501T022129.zip,,0.29302440934170754,0.012916712286953262,0.012079920106436276,0.0,0.6814354298758133
36MTD,20200618,S2A_MSIL2A_20200618T075621_N0500_R035_T36MTD_20230428T231618.zip,,0.5278477510028169,0.006142016781629789,0.0,0.0,0.4656664045573837
36MTC,20200728,S2A_MSIL2A_20200728T075611_N0500_R035_T36MTC_20230505T144513.zip,,0.3320312805863285,0.006434683362032641,0.006970348472632805,0.0,0.6387910126376488
36MTC,20200817,S2A_MSIL2A_20200817T075621_N0500_R035_T36MTC_20230422T163620.zip,,0.3296844735087143,0.0034898358001466483,0.0,0.0,0.660867880332182
36MTD,20190702,S2B_MSIL2A_20190702T080619_N0500_R078_T36MTD_20230722T030058.zip,,0.2884568730694324,0.0012445545967000773,1.632376800342401e-05,0.0,0.7098046788165931
36MTD,20200115,S2B_MSIL2A_20200115T080159_N0500_R035_T36MTD_20230701T054810.zip,,0.5467188562745313,0.008256508770707462,0.0060332911967777144,0.0,0.43879074721052685
36LZQ,20200707,S2B_MSIL2A_20200707T073619_N0500_R092_T36LZQ_20230528T210508.zip,,0.005965839529397713,0.005806317829071569,0.0017421309152922519,0.0,0.9857011423319764
36LZQ,20201005,S2B_MSIL2A_20201005T073749_N0500_R092_T36LZQ_20230415T234325.zip,,0.008165434089468846,0.0002634032402015919,0.0003936284219362245,0.0,0.9893412430615691
36LZR,20190812,S2B_MSIL2A_20190812T073619_N0500_R092_T36LZR_20230507T215418.zip,,0.0,0.12017441879754878,0.019683046837933517,0.0,0.8594687476153032
36LZR,20200518,S2B_MSIL2A_20200518T073609_N0500_R092_T36LZR_20230620T135431.zip,,0.0,0.043974306654589734,0.021905003633033732,0.0,0.9340550628564603
36LZR,20200622,S2A_MSIL2A_20200622T073621_N0500_R092_T36LZR_20230428T104259.zip,,0.0,0.014313987013978055,0.016042846573169962,0.0,0.9693325835017137
36LZR,20200801,S2A_MSIL2A_20200801T073621_N0500_R092_T36LZR_20230316T054115.zip,,0.0,0.024295705720949832,0.014339368482519965,0.0,0.9600479759523027
36LZR,20200816,S2B_MSIL2A_20200816T073619_N0500_R092_T36LZR_20230320T155338.zip,,0.0,0.11142109681122492,0.01551955700213337,0.0,0.8720174120192037
36MTC,20190629,S2B_MSIL2A_20190629T075619_N0500_R035_T36MTC_20230809T175722.zip,,0.331886523269664,0.0001631381448634875,0.0002661570465924134,0.0,0.6622511206001307
36MTC,20200303,S2A_MSIL2A_20200303T080831_N0500_R078_T36MTC_20230630T171940.zip,,0.4720897740883408,0.0012893786019289916,0.0011213964120888782,0.0,0.5250879725017502
36MTC,20200603,S2B_MSIL2A_20200603T075609_N0500_R035_T36MTC_20230617T052425.zip,,0.33531660478896885,0.023152013430612375,0.024892883567075093,0.0,0.6149649138523097
36MTC,20200628,S2A_MSIL2A_20200628T075611_N0500_R035_T36MTC_20230506T132404.zip,,0.3312556030006536,0.0045716835710565,0.002111207328442839,0.0,0.6591178529600101
36MTC,20200703,S2B_MSIL2A_20200703T075609_N0500_R035_T36MTC_20230530T121855.zip,,0.3425600114133662,2.1864559175317933e-05,0.0001866948019415994,0.0,0.6499083281077369
36MTT,20200708,S2A_MSIL2A_20200708T075611_N0500_R035_T36MTT_20230513T023031.zip,,0.0,0.00028652857820644256,0.0,0.0,0.9983837147189293
36MTT,20200723,S2B_MSIL2A_20200723T075609_N0500_R035_T36MTT_20230425T194806.zip,,0.0,9.654911563000787e-06,0.0,0.0,0.9962550555572145
36MTT,20200911,S2B_MSIL2A_20200911T075609_N0500_R035_T36MTT_20230620T233100.zip,,0.0,0.0015056685279743597,0.0014307849011781647,0.0,0.99638010491007
36MUA,20200728,S2A_MSIL2A_20200728T075611_N0500_R035_T36MUA_20230513T015504.zip,,0.0,4.4790826838663444e-06,0.0,0.0,0.9998804914383164
36MTD,20200726,S2B_MSIL2A_20200726T080609_N0500_R078_T36MTD_20230506T103532.zip,,0.2730133941161443,0.00032684032236123965,0.0002184133430214233,0.0,0.7155594706056052
36MTD,20200731,S2A_MSIL2A_20200731T080611_N0500_R078_T36MTD_20230420T195140.zip,,0.2833638906307544,0.024831404009940244,0.022388014638305778,0.0,0.6632727827711256
36MTD,20200805,S2B_MSIL2A_20200805T080609_N0500_R078_T36MTD_20230421T002623.zip,,0.27588909791274746,0.024141193957551568,0.021197209033812097,0.0,0.6698907767392942
36MTT,20200623,S2B_MSIL2A_20200623T075609_N0500_R035_T36MTT_20230501T075445.zip,,0.0,0.0015616404723275636,0.0019076247258635506,0.0,0.995040726474033
36MUA,20200802,S2B_MSIL2A_20200802T075609_N0500_R035_T36MUA_20230421T060820.zip,,0.0,2.222952146807741e-06,0.0,0.0,0.9999556736706249
36MUA,20200827,S2A_MSIL2A_20200827T075611_N0500_R035_T36MUA_20230418T073055.zip,,0.9660436760329262,0.0,0.0,0.0,0.033956290788683514
36MUA,20200916,S2A_MSIL2A_20200916T075611_N0500_R035_T36MUA_20230413T230253.zip,,0.9722047703889503,0.0,0.0,0.0,0.027795229611049733
36MUB,20200623,S2B_MSIL2A_20200623T075609_N0500_R035_T36MUB_20230501T075445.zip,,0.0,0.0008425652204206356,0.0,0.0,0.9990448936798484
36MUD,20200618,S2A_MSIL2A_20200618T075621_N0500_R035_T36MUD_20230428T231618.zip,,0.0,0.07034187013314488,0.000676341485263818,0.0,0.9286968191877266
36MUD,20200802,S2B_MSIL2A_20200802T075609_N0500_R035_T36MUD_20230421T060820.zip,,0.0,0.10638743733431541,0.04875252570495785,0.0,0.8430692665253268
36MUS,20190624,S2A_MSIL2A_20190624T075611_N0500_R035_T36MUS_20230716T202428.zip,,0.14583392224976027,4.714649254647463e-05,1.6821443857186937e-05,0.0,0.8498633050321664
36MUS,20200531,S2B_MSIL2A_20200531T074619_N0500_R135_T36MUS_20230508T125252.zip,,0.7524358578770475,4.313190732612035e-07,2.587914439567221e-06,0.0,0.24734154830275945
36MUC,20200728,S2A_MSIL2A_20200728T075611_N0500_R035_T36MUC_20230505T144513.zip,,0.0,0.013280347444102707,0.0039070540575512356,0.0,0.9790891868308333
36MUC,20200802,S2B_MSIL2A_20200802T075609_N0500_R035_T36MUC_20230421T060820.zip,,0.0,0.004512526501239213,0.003192457888328174,0.0,0.9901672522652546
36MUD,20200209,S2A_MSIL2A_20200209T080051_N0500_R035_T36MUD_20230621T184226.zip,,0.0,0.06006154591391535,0.003685156983553472,0.0,0.9361441401986058
36MUD,20200305,S2B_MSIL2A_20200305T075809_N0500_R035_T36MUD_20230411T060513.zip,,0.0,0.1411832409315165,0.058997050441106695,0.0,0.7994389202424677
36MUB,20200628,S2A_MSIL2A_20200628T075611_N0500_R035_T36MUB_20230506T132404.zip,,0.3076078048845226,0.0,0.0,0.0,0.6923072252580449
36MUB,20200802,S2B_MSIL2A_20200802T075609_N0500_R035_T36MUB_20230421T060820.zip,,0.0,0.00018085540525744772,0.0002640004512261074,0.0,0.9994174870023657
36MUC,20200305,S2B_MSIL2A_20200305T075809_N0500_R035_T36MUC_20230411T060513.zip,,0.0,0.0339114667834546,0.009868314969094329,0.0,0.9557040288519282
36MUC,20200723,S2B_MSIL2A_20200723T075609_N0500_R035_T36MUC_20230425T194806.zip,,0.0,0.014749387029240115,0.002756029342968338,0.0,0.978046157776517
36MUS,20200812,S2B_MSIL2A_20200812T075609_N0500_R035_T36MUS_20230611T152250.zip,,0.04634460403250155,1.6589195125430904e-07,0.0,0.0,0.949931088483449
36MUS,20201018,S2B_MSIL2A_20201018T074929_N0500_R135_T36MUS_20230618T031947.zip,,0.9462751616617064,0.0,0.0,0.0,0.053724639267952
36MUT,20200623,S2B_MSIL2A_20200623T075609_N0500_R035_T36MUT_20230501T075445.zip,,0.0,0.0,0.0,0.0,0.9993778720044061
36MUT,20200713,S2B_MSIL2A_20200713T075609_N0500_R035_T36MUT_20230613T101059.zip,,8.108798577310626e-05,3.905096532526435e-05,5.16919320108427e-05,0.0,0.9991685495403134
36MUS,20200708,S2A_MSIL2A_20200708T075611_N0500_R035_T36MUS_20230513T023031.zip,,0.04617652230749068,6.612453176996758e-05,0.0,0.0,0.9523361568143437
36MUS,20200713,S2B_MSIL2A_20200713T075609_N0500_R035_T36MUS_20230613T101059.zip,,0.7943076167630498,5.640326342646507e-07,0.0,0.0,0.20526249083446968
36MUS,20200725,S2A_MSIL2A_20200725T074621_N0500_R135_T36MUS_20230430T030343.zip,,0.7512369567453326,4.976758537629271e-07,0.0,0.0,0.24830667449676677
36MUS,20200802,S2B_MSIL2A_20200802T075609_N0500_R035_T36MUS_20230421T060820.zip,,0.04526623999256804,0.000181751221794221,0.0001695747525721547,0.0,0.9522855929476014
36MVA,20200615,S2A_MSIL2A_20200615T074621_N0500_R135_T36MVA_20230427T193609.zip,,0.6471341833636916,0.0,0.0,0.0,0.35286581663630845
36MVA,20200620,S2B_MSIL2A_20200620T074619_N0500_R135_T36MVA_20230430T111438.zip,,0.6586403163891295,0.0,0.0,0.0,0.34135955089730957
36MVA,20200625,S2A_MSIL2A_20200625T074621_N0500_R135_T36MVA_20231110T080903.zip,,0.6513423976695498,0.0,0.0,0.0,0.3486576023304501
36MVA,20200628,S2A_MSIL2A_20200628T075611_N0500_R035_T36MVA_20230506T132404.zip,,0.9756213814818132,0.0,0.0,0.0,0.024378618518186734
36MUU,20200802,S2B_MSIL2A_20200802T075609_N0500_R035_T36MUU_20230421T060820.zip,,0.0,5.30854244013789e-07,0.0,0.0,0.9999004980076377
36MUU,20200807,S2A_MSIL2A_20200807T075621_N0500_R035_T36MUU_20230418T132011.zip,,0.0,3.317839025086181e-08,0.0,0.0,0.9999002989372962
36MUV,20200608,S2A_MSIL2A_20200608T075621_N0500_R035_T36MUV_20230630T122831.zip,,0.0,0.042561205835415276,0.005385914446202899,0.0,0.952001585927054
36MUV,20200723,S2B_MSIL2A_20200723T075609_N0500_R035_T36MUV_20230425T194806.zip,,0.0,6.635678050172362e-07,0.0,0.0,0.9999166227052996
36MUV,20200728,S2A_MSIL2A_20200728T075611_N0500_R035_T36MUV_20230513T015504.zip,,0.0,1.3271356100344724e-07,0.0,0.0,0.9999000335101742
36MUV,20200802,S2B_MSIL2A_20200802T075609_N0500_R035_T36MUV_20230421T060820.zip,,0.0,5.30854244013789e-07,0.0,0.0,0.9999586597257474
36MVA,20190823,S2A_MSIL2A_20190823T075611_N0500_R035_T36MVA_20230721T093700.zip,,0.1554033994578651,0.0,0.0,0.0,0.8445903298263775
36MVA,20200603,S2B_MSIL2A_20200603T075609_N0500_R035_T36MVA_20230617T052425.zip,,0.27269524653202876,0.021135430871164994,2.1366883321555005e-05,0.0,0.7061252616945531
36MUT,20200827,S2A_MSIL2A_20200827T075611_N0500_R035_T36MUT_20230317T031650.zip,,0.0,2.017246127252398e-05,8.065666669984505e-05,0.0,0.9985232962067147
36MUT,20200901,S2B_MSIL2A_20200901T075609_N0500_R035_T36MUT_20230626T002940.zip,,0.0,2.0238818053025705e-06,0.0,0.0,0.9991534865511396
36MUU,20200623,S2B_MSIL2A_20200623T075609_N0500_R035_T36MUU_20230501T075445.zip,,0.0,0.0,0.0,0.0,0.9998963507088563
36MUU,20200728,S2A_MSIL2A_20200728T075611_N0500_R035_T36MUU_20230513T015504.zip,,0.0,1.3271356100344724e-07,0.0,0.0,0.9998610820800197
36MVA,20200723,S2B_MSIL2A_20200723T075609_N0500_R035_T36MVA_20230425T194806.zip,,0.14425536079840479,0.0,0.0,0.0,0.855707711653246
36MVA,20200728,S2A_MSIL2A_20200728T075611_N0500_R035_T36MVA_20230513T015504.zip,,0.1536632592459879,0.0,0.0,0.0,0.8463136485943975
36MVA,20200827,S2A_MSIL2A_20200827T075611_N0500_R035_T36MVA_20230418T073055.zip,,0.7992393190467185,1.9907034150517086e-07,0.0,0.0,0.20074830541371794
36MVB,20200620,S2B_MSIL2A_20200620T074619_N0500_R135_T36MVB_20230430T111438.zip,,0.8622141930517815,0.0,0.0,0.0,0.1377858069482185
36MVB,20200628,S2A_MSIL2A_20200628T075611_N0500_R035_T36MVB_20230630T123848.zip,,0.7354866440390045,0.0,0.0,0.0,0.264513289604215
36MVB,20200723,S2B_MSIL2A_20200723T075609_N0500_R035_T36MVB_20230425T194806.zip,,0.006620747774559474,6.635678050172362e-08,0.0,0.0,0.9932422254737044
36MVB,20200802,S2B_MSIL2A_20200802T075609_N0500_R035_T36MVB_20230421T060820.zip,,0.007529669775481833,5.30854244013789e-07,0.0,0.0,0.9923644579812276
36MVB,20200827,S2A_MSIL2A_20200827T075611_N0500_R035_T36MVB_20230418T073055.zip,,0.01052438445791487,9.419344992219668e-05,0.0,0.0,0.989285669257899
36MVC,20200519,S2A_MSIL2A_20200519T075611_N0500_R035_T36MVC_20230619T013521.zip,,0.0,0.01059402589905143,0.001667877677910823,0.0,0.9875455954028023
36MVC,20200802,S2B_MSIL2A_20200802T075609_N0500_R035_T36MVC_20230421T060820.zip,,0.0,9.376213084893547e-05,0.0,0.0,0.9996633056957343
36MVC,20200827,S2A_MSIL2A_20200827T075611_N0500_R035_T36MVC_20230418T073055.zip,,0.0,0.0008809194395506319,0.0005523206625060966,0.0,0.9983659311017548
36MVC,20200911,S2B_MSIL2A_20200911T075609_N0500_R035_T36MVC_20230311T084629.zip,,0.0,7.850007133353903e-05,0.0,0.0,0.9997502662565818
36MVS,20200531,S2B_MSIL2A_20200531T074619_N0500_R135_T36MVS_20230508T125252.zip,,0.0,3.908414371551521e-05,2.123416976055156e-06,0.0,0.9993587612516216
36MVS,20200605,S2A_MSIL2A_20200605T074621_N0500_R135_T36MVS_20230617T072133.zip,,0.0,0.0005279345456717131,0.0004437609696052767,0.0,0.9982215719257733
36MVS,20200824,S2A_MSIL2A_20200824T074621_N0500_R135_T36MVS_20230611T160025.zip,,0.0,0.00017524825730505207,0.0001909416358937097,0.0,0.998507735541687
36MVS,20201018,S2B_MSIL2A_20201018T074929_N0500_R135_T36MVS_20230618T031947.zip,,0.9429062610940242,1.725276293044814e-06,0.0,0.0,0.057086671908852325
36MVT,20190919,S2A_MSIL2A_20190919T074611_N0500_R135_T36MVT_20230804T180801.zip,,0.05370051857823962,0.0,0.0,0.0,0.9462980215725894
36MVT,20200531,S2B_MSIL2A_20200531T074619_N0500_R135_T36MVT_20230508T125252.zip,,0.055634818729864866,8.62638146522407e-07,0.0,0.0,0.9443142192627099
36MVT,20200620,S2B_MSIL2A_20200620T074619_N0500_R135_T36MVT_20230430T111438.zip,,0.057007972767177284,0.0,0.0,0.0,0.9429293200752485
36MVT,20200623,S2B_MSIL2A_20200623T075609_N0500_R035_T36MVT_20230501T075445.zip,,0.7507598183151349,0.0,0.0,0.0,0.2492130417616398
36MVT,20200730,S2B_MSIL2A_20200730T074619_N0500_R135_T36MVT_20230504T135219.zip,,0.06190264796732592,2.495014946864808e-05,1.8248114637973994e-06,0.0,0.9379436033722516
36MVT,20200802,S2B_MSIL2A_20200802T075609_N0500_R035_T36MVT_20230421T060820.zip,,0.7449432483634759,0.0,0.0,0.0,0.2550220470403217
36MVT,20200829,S2B_MSIL2A_20200829T074619_N0500_R135_T36MVT_20230627T034713.zip,,0.5340072859744991,0.0,0.0,0.0,0.4659542602712002
36MVT,20200916,S2A_MSIL2A_20200916T075611_N0500_R035_T36MVT_20230320T033807.zip,,0.7564352805730572,0.0,0.0,0.0,0.24354859472928092
36MVU,20190606,S2B_MSIL2A_20190606T074619_N0500_R135_T36MVU_20230725T181559.zip,,0.24729635933523778,3.317839025086181e-08,0.0,0.0,0.7526989956901271
36MVU,20200526,S2A_MSIL2A_20200526T074621_N0500_R135_T36MVU_20230507T215543.zip,,0.23517254421849962,3.317839025086181e-08,0.0,0.0,0.7647871772157359
36MVU,20200615,S2A_MSIL2A_20200615T074621_N0500_R135_T36MVU_20230427T193609.zip,,0.23978006045102704,0.0,0.0,0.0,0.7602058719115066
36MVU,20200620,S2B_MSIL2A_20200620T074619_N0500_R135_T36MVU_20230430T111438.zip,,0.2509391475144409,0.0,0.0,0.0,0.7490459222099463
36MVU,20200623,S2B_MSIL2A_20200623T075609_N0500_R035_T36MVU_20230501T075445.zip,,0.5521255735714214,0.0,0.0,0.0,0.44781964890627435
36MVU,20200723,S2B_MSIL2A_20200723T075609_N0500_R035_T36MVU_20230425T194806.zip,,0.5431736125626657,0.0,0.0,0.0,0.45676653362132175
36MVU,20200728,S2A_MSIL2A_20200728T075611_N0500_R035_T36MVU_20230513T015504.zip,,0.552527828374823,0.0,0.0,0.0,0.44740724151545613
36MVU,20200730,S2B_MSIL2A_20200730T074619_N0500_R135_T36MVU_20230504T135219.zip,,0.25830465061496144,0.0,0.0,0.0,0.7416626354922512
36MVU,20200829,S2B_MSIL2A_20200829T074619_N0500_R135_T36MVU_20230319T012559.zip,,0.2524653202875903,0.0,0.0,0.0,0.7475292716347989
36MVV,20190624,S2A_MSIL2A_20190624T075611_N0500_R035_T36MVV_20230716T202428.zip,,0.35095693113161536,0.0,0.0,0.0,0.648958994827489
36MVV,20200603,S2B_MSIL2A_20200603T075609_N0500_R035_T36MVV_20230617T052425.zip,,0.9981555137507838,0.0,0.0,0.0,0.0018444862492161605
36MVV,20200615,S2A_MSIL2A_20200615T074621_N0500_R135_T36MVV_20230427T193609.zip,,0.4430245420552686,0.0,0.0,0.0,0.5569721732840966
36MVV,20200812,S2B_MSIL2A_20200812T075609_N0500_R035_T36MVV_20230611T152250.zip,,0.34906636009834074,0.0012425307148947748,0.0,0.0,0.6496607177812946
36MVV,20200829,S2B_MSIL2A_20200829T074619_N0500_R135_T36MVV_20230319T012559.zip,,0.4564534291525244,0.0,0.0,0.0,0.5435447128576216
36MWA,20200526,S2A_MSIL2A_20200526T074621_N0500_R135_T36MWA_20230507T215543.zip,,0.0,1.3271356100344724e-07,0.0,0.0,0.9999724619360918
36MWA,20200819,S2B_MSIL2A_20200819T074619_N0500_R135_T36MWA_20230320T202908.zip,,0.0,3.317839025086181e-07,0.0,0.0,0.9999729596119455
36MWA,20200903,S2A_MSIL2A_20200903T074621_N0500_R135_T36MWA_20230316T031808.zip,,0.0,5.30854244013789e-07,0.0,0.0,0.9999683809940909
36MWA,20200918,S2B_MSIL2A_20200918T074619_N0500_R135_T36MWA_20230314T002347.zip,,0.0,3.085590293330148e-05,0.0,0.0,0.9999337759330593
36MWB,20200322,S2B_MSIL2A_20200322T074609_N0500_R135_T36MWB_20230612T225504.zip,,0.01085119160188586,0.0006167530963732702,0.0006470117882820561,0.0,0.9878830528100437
36MWB,20200529,S2A_MSIL2A_20200529T075621_N0500_R035_T36MWB_20230508T054524.zip,,0.8773897896821842,0.0005841055603664221,0.0,0.0,0.12202610475744938
36MVV,20200620,S2B_MSIL2A_20200620T074619_N0500_R135_T36MVV_20230430T111438.zip,,0.4550221133971022,0.0,0.0,0.0,0.5449731420930919
36MVV,20200723,S2B_MSIL2A_20200723T075609_N0500_R035_T36MVV_20230425T194806.zip,,0.3438945789828169,0.0,0.0,0.0,0.6560700860315659
36MVV,20200728,S2A_MSIL2A_20200728T075611_N0500_R035_T36MVV_20230513T015504.zip,,0.3531465721746112,0.0,0.0,0.0,0.6468338193967506
36MVV,20200807,S2A_MSIL2A_20200807T075621_N0500_R035_T36MVV_20230418T132011.zip,,0.3557522702313529,0.0,0.0,0.0,0.6442364159375715
36MWB,20200620,S2B_MSIL2A_20200620T074619_N0500_R135_T36MWB_20230430T111438.zip,,0.00888586965537606,0.0,0.0,0.0,0.9911109120407696
36MWB,20200625,S2A_MSIL2A_20200625T074621_N0500_R135_T36MWB_20231110T080903.zip,,0.006808371571428097,9.024522148234411e-06,3.5733126300178166e-05,0.0,0.9931437520114399
36MWB,20200710,S2B_MSIL2A_20200710T074619_N0500_R135_T36MWB_20230524T182050.zip,,0.01145832296508638,1.337089127109731e-05,4.0212208984044514e-05,0.0,0.988485771447341
36MWB,20200827,S2A_MSIL2A_20200827T075611_N0500_R035_T36MWB_20230418T073055.zip,,0.8689246883719696,0.0,0.0,0.0,0.13107531162803043
36MWC,20191004,S2B_MSIL2A_20191004T074749_N0500_R135_T36MWC_20230712T130743.zip,,0.1584295340758657,0.00027136605386179875,0.00016907707671839177,0.0,0.8410126044704563
36MWC,20200519,S2A_MSIL2A_20200519T075611_N0500_R035_T36MWC_20230619T013521.zip,,0.6747845893012963,1.6589195125430904e-07,0.0,0.0,0.32505837737764637
36MWC,20200620,S2B_MSIL2A_20200620T074619_N0500_R135_T36MWC_20230430T111438.zip,,0.15429962077099943,2.4518830395386877e-05,3.865282464225401e-05,0.0,0.8454701212006596
36MWC,20200625,S2A_MSIL2A_20200625T074621_N0500_R135_T36MWC_20231110T080903.zip,,0.14708730229826708,4.976758537629271e-07,0.0,0.0,0.8527322736155487
36MWC,20200723,S2B_MSIL2A_20200723T075609_N0500_R035_T36MWC_20230425T194806.zip,,0.6543234428551995,1.028530097776716e-06,2.123416976055156e-06,0.0,0.3454707847684646
36MWC,20200725,S2A_MSIL2A_20200725T074621_N0500_R135_T36MWC_20230430T030343.zip,,0.15069223393419398,9.953517075258542e-07,0.0,0.0,0.8491068709128371
36MWC,20200802,S2B_MSIL2A_20200802T075609_N0500_R035_T36MWC_20230421T060820.zip,,0.6576312951848202,1.1944220490310251e-06,3.317839025086181e-08,0.0,0.3421522821755734
36MWC,20200903,S2A_MSIL2A_20200903T074621_N0500_R135_T36MWC_20230419T080551.zip,,0.36426707277016335,4.545439464368068e-06,0.0,0.0,0.6355576457941413
36MWD,20191004,S2B_MSIL2A_20191004T074749_N0500_R135_T36MWD_20230712T130743.zip,,0.361366485180872,0.0009953848859161052,8.988025918958464e-05,0.0,0.6374845139863504
36MWD,20200115,S2B_MSIL2A_20200115T080159_N0500_R035_T36MWD_20230701T054810.zip,,0.4549168383648362,3.317839025086181e-08,0.0,0.0,0.5450704874900879
36MWD,20200216,S2A_MSIL2A_20200216T075011_N0500_R135_T36MWD_20230617T184301.zip,,0.36580173921121695,0.0018668816626354922,3.563359112942558e-05,0.0,0.632231711241834
36MWD,20200802,S2B_MSIL2A_20200802T075609_N0500_R035_T36MWD_20230421T060820.zip,,0.45649729098443603,4.644974635120653e-07,1.061708488027578e-06,0.0,0.5434805790292666
36MWD,20200827,S2A_MSIL2A_20200827T075611_N0500_R035_T36MWD_20230418T073055.zip,,0.4670104943248363,2.654271220068945e-07,0.0,0.0,0.5329697313545741
36MWD,20200918,S2B_MSIL2A_20200918T074619_N0500_R135_T36MWD_20230314T002347.zip,,0.357881891566385,0.0056262255267898915,0.0,0.0,0.6363810670833873
36MWD,20201112,S2A_MSIL2A_20201112T075151_N0500_R135_T36MWD_20230414T110127.zip,,0.3457697884214054,0.011259219445190958,0.005297659928135607,0.0,0.6376014014552042
36MWD,20201207,S2B_MSIL2A_20201207T075319_N0500_R135_T36MWD_20230304T214100.zip,,0.35974737973662996,0.012395413419331721,0.0019323758049906935,0.0,0.6258543601381548
36MWV,20200615,S2A_MSIL2A_20200615T074621_N0500_R135_T36MWV_20230427T193609.zip,,0.0,0.0,0.0,0.0,0.9999960517715601
36MWV,20200620,S2B_MSIL2A_20200620T074619_N0500_R135_T36MWV_20230430T111438.zip,,0.0,1.3271356100344724e-07,0.0,0.0,0.9999958195228283
36MWV,20200829,S2B_MSIL2A_20200829T074619_N0500_R135_T36MWV_20230319T012559.zip,,0.0,0.0,0.0,0.0,0.9999981088317557
36MWV,20200903,S2A_MSIL2A_20200903T074621_N0500_R135_T36MWV_20230316T031808.zip,,0.0,0.0,0.0,0.0,0.9999976443342922
36MWS,20200605,S2A_MSIL2A_20200605T074621_N0500_R135_T36MWS_20230617T072133.zip,,0.0,0.0,0.0,0.0,0.999959655077455
36MWS,20200620,S2B_MSIL2A_20200620T074619_N0500_R135_T36MWS_20230430T111438.zip,,0.0,1.758454683295676e-06,0.0,0.0,0.9999435635581833
36MWS,20200814,S2A_MSIL2A_20200814T074621_N0500_R135_T36MWS_20230508T205256.zip,,0.0,2.3224873175603266e-07,0.0,0.0,0.9997838096091254
36MWS,20200829,S2B_MSIL2A_20200829T074619_N0500_R135_T36MWS_20230627T034713.zip,,0.0,0.0,0.0,0.0,0.999973424109409
36MWU,20200615,S2A_MSIL2A_20200615T074621_N0500_R135_T36MWU_20230427T193609.zip,,0.0,0.0,0.0,0.0,0.9999969475880969
36MWU,20200620,S2B_MSIL2A_20200620T074619_N0500_R135_T36MWU_20230430T111438.zip,,0.0,0.0,0.0,0.0,0.9999960517715601
36MWU,20200730,S2B_MSIL2A_20200730T074619_N0500_R135_T36MWU_20230504T135219.zip,,0.0,0.0,0.0,0.0,0.9999289650664729
36MWU,20201003,S2A_MSIL2A_20201003T074751_N0500_R135_T36MWU_20230308T180134.zip,,0.0,7.631029757698216e-07,0.0,0.0,0.9999992368970242
36MXA,20200526,S2A_MSIL2A_20200526T074621_N0500_R135_T36MXA_20230507T215543.zip,,0.0,6.85465542582805e-05,0.0,0.0,0.999887193473147
36MXA,20200625,S2A_MSIL2A_20200625T074621_N0500_R135_T36MXA_20231110T080903.zip,,0.0,0.0058352493853703205,0.006197424693348728,0.0,0.987565535615343
36MXA,20200720,S2B_MSIL2A_20200720T074619_N0500_R135_T36MXA_20230423T185838.zip,,0.0,0.015781964890627435,0.004738371803676829,0.0,0.9785759503120428
36MXA,20200730,S2B_MSIL2A_20200730T074619_N0500_R135_T36MXA_20230504T135219.zip,,0.0,0.013514487344103038,0.0,0.0,0.9859413538773926
36MWT,20190201,S2A_MSIL2A_20190201T075141_N0500_R135_T36MWT_20221127T121412.zip,,0.0,0.36449129233147864,0.06747588760488518,0.0,0.5680302653275868
36MWT,20200620,S2B_MSIL2A_20200620T074619_N0500_R135_T36MWT_20230430T111438.zip,,0.0,3.317839025086181e-07,0.0,0.0,0.9999673524639932
36MWT,20200829,S2B_MSIL2A_20200829T074619_N0500_R135_T36MWT_20230627T034713.zip,,0.7131476007047091,4.976758537629271e-07,0.0,0.0,0.28684871649397314
36MWT,20201003,S2A_MSIL2A_20201003T074751_N0500_R135_T36MWT_20230308T180134.zip,,0.0,0.0,0.0,0.0,0.9999976443342922
36MXB,20200211,S2B_MSIL2A_20200211T074959_N0500_R135_T36MXB_20230625T082645.zip,,0.0,0.0034826029110719605,0.0022341664427125325,0.0,0.9942568206475758
36MXB,20200710,S2B_MSIL2A_20200710T074619_N0500_R135_T36MXB_20230524T182050.zip,,0.0,0.000874648723793219,0.0004252806062355467,0.0,0.9981041536026755
36MXB,20200720,S2B_MSIL2A_20200720T074619_N0500_R135_T36MXB_20230423T185838.zip,,0.0,0.0017007574626494272,0.0004956187935673737,0.0,0.9966133489935335
36MXB,20201222,S2A_MSIL2A_20201222T075331_N0500_R135_T36MXB_20230414T072923.zip,,0.0,0.002068407205019227,0.0023356259600996678,0.0,0.995583657652098
36MXC,20200211,S2B_MSIL2A_20200211T074959_N0500_R135_T36MXC_20230625T082645.zip,,0.0,0.0005307547088430364,0.0007293273744944442,0.0,0.9987374958941742
36MXC,20200216,S2A_MSIL2A_20200216T075011_N0500_R135_T36MXC_20230617T184301.zip,,0.0,0.00187796324497928,0.002755531667114575,0.0,0.9953622582539541
36MXC,20200526,S2A_MSIL2A_20200526T074621_N0500_R135_T36MXC_20230507T215543.zip,,0.0,0.00043838607038463706,0.0007469450997176519,0.0,0.9987904486050145
36MXC,20200918,S2B_MSIL2A_20200918T074619_N0500_R135_T36MXC_20230314T002347.zip,,0.0,1.9907034150517086e-07,0.0,0.0,0.9989364335221184
36MXS,20190701,S2A_MSIL2A_20190701T074621_N0500_R135_T36MXS_20230722T060012.zip,,0.24239295821845316,0.0,0.0,0.0,0.7574911496644006
36MXS,20200620,S2B_MSIL2A_20200620T074619_N0500_R135_T36MXS_20230430T111438.zip,,0.2420190045819357,0.0,2.5547360493163593e-06,0.0,0.7578534908643303
36MXS,20200622,S2A_MSIL2A_20200622T073621_N0500_R092_T36MXS_20230428T104259.zip,,0.5419158529666458,0.0,0.0,0.0,0.4579155676324896
36MXS,20200712,S2A_MSIL2A_20200712T073621_N0500_R092_T36MXS_20230524T161059.zip,,0.5517806842047638,2.654271220068945e-07,0.0,0.0,0.4481007362284797
36MXS,20200806,S2B_MSIL2A_20200806T073619_N0500_R092_T36MXS_20230317T052859.zip,,0.55689460220769,0.0,0.0,0.0,0.4429183712064658
36MXS,20200819,S2B_MSIL2A_20200819T074619_N0500_R135_T36MXS_20230320T202908.zip,,0.807323897399146,2.057060195553432e-06,0.0,0.0,0.19263237348250337
36MXS,20200829,S2B_MSIL2A_20200829T074619_N0500_R135_T36MXS_20230627T034713.zip,,0.26574881967876685,1.0716620051028365e-05,0.0,0.0,0.7341584135420918
36MXT,20190820,S2A_MSIL2A_20190820T074611_N0500_R135_T36MXT_20230709T011414.zip,,0.051470366720747444,0.0,0.0,0.0,0.9483751215158543
36MXT,20200829,S2B_MSIL2A_20200829T074619_N0500_R135_T36MXT_20230627T034713.zip,,0.9263866078745592,0.0,0.0,0.0,0.07361060514065978
36MXT,20200831,S2A_MSIL2A_20200831T073621_N0500_R092_T36MXT_20230322T165939.zip,,0.7522346972969566,0.0,0.0,0.0,0.24775740624616374
36MXT,20200920,S2A_MSIL2A_20200920T073621_N0500_R092_T36MXT_20230701T002245.zip,,0.7501646975292052,0.0,0.0,0.0,0.24982163297401136
36MXT,20201003,S2A_MSIL2A_20201003T074751_N0500_R135_T36MXT_20230308T180134.zip,,0.0552204206356316,0.0,0.0,0.0,0.9447726782591962
36MXD,20200211,S2B_MSIL2A_20200211T074959_N0500_R135_T36MXD_20230625T082645.zip,,0.0,0.004015248788159296,0.004363091031549331,0.0,0.9915110766055852
36MXD,20200216,S2A_MSIL2A_20200216T075011_N0500_R135_T36MXD_20230617T184301.zip,,0.0,1.0948868782784397e-05,0.0,0.0,0.9998710024187046
36MXD,20200526,S2A_MSIL2A_20200526T074621_N0500_R135_T36MXD_20230507T215543.zip,,0.0,0.0042609679463571784,0.0028584510336727483,0.0,0.9926259036964045
36MXD,20200903,S2A_MSIL2A_20200903T074621_N0500_R135_T36MXD_20230419T080551.zip,,0.0,0.005977717393107521,0.004572347138861517,0.0,0.9892934661796079
36MXT,20200620,S2B_MSIL2A_20200620T074619_N0500_R135_T36MXT_20230430T111438.zip,,0.05093805262756262,0.0,0.0,0.0,0.9489903815846663
36MXT,20200806,S2B_MSIL2A_20200806T073619_N0500_R092_T36MXT_20230317T052859.zip,,0.7652893653305729,1.061708488027578e-06,0.0,0.0,0.2346453395974134
36MXT,20200814,S2A_MSIL2A_20200814T074621_N0500_R135_T36MXT_20230508T205256.zip,,0.05245194939631919,0.000382944980275447,0.0006428976678909493,0.0,0.946382228327046
36MXT,20200819,S2B_MSIL2A_20200819T074619_N0500_R135_T36MXT_20230611T094759.zip,,0.957986503030846,2.057060195553432e-06,0.0,0.0,0.04199256140490576
36MXV,20200730,S2B_MSIL2A_20200730T074619_N0500_R135_T36MXV_20230504T135219.zip,,0.0,0.0012860939412941562,0.0007516896095235251,0.0,0.9979530592134731
36MXV,20200824,S2A_MSIL2A_20200824T074621_N0500_R135_T36MXV_20230611T160025.zip,,0.0,0.00012747137534381106,3.390831483638077e-05,0.0,0.9998372268174293
36MXV,20200829,S2B_MSIL2A_20200829T074619_N0500_R135_T36MXV_20230319T012559.zip,,0.0,8.858630196980103e-05,5.673504732897369e-06,0.0,0.9999017587864671
36MXV,20200903,S2A_MSIL2A_20200903T074621_N0500_R135_T36MXV_20230316T031808.zip,,0.0,0.0014000285334156157,0.00040268612247470976,0.0,0.9981834499553751
36MXU,20200620,S2B_MSIL2A_20200620T074619_N0500_R135_T36MXU_20230430T111438.zip,,0.0,0.00025925594142023415,0.0004527854917535111,0.0,0.9992860342201917
36MXU,20200829,S2B_MSIL2A_20200829T074619_N0500_R135_T36MXU_20230319T012559.zip,,0.0,0.0036834980640409287,0.0010492997700737555,0.0,0.9952266581729987
36MXU,20201008,S2B_MSIL2A_20201008T074819_N0500_R135_T36MXU_20230416T052105.zip,,0.0,0.00012080251890338784,3.0524119030792864e-06,0.0,0.9998743202577297
36MXU,20201018,S2B_MSIL2A_20201018T074929_N0500_R135_T36MXU_20230311T025047.zip,,0.0,0.004683926065275165,0.006321910013569962,0.0,0.9889754513090534
36MYA,20201005,S2B_MSIL2A_20201005T073749_N0500_R092_T36MYA_20230415T234325.zip,,0.47149319345324003,9.953517075258543e-08,0.0,0.0,0.5284595605190427
36MYB,20191108,S2A_MSIL2A_20191108T075131_N0500_R135_T36MYB_20230706T164837.zip,,0.957179471866384,0.0007922004240198275,0.0007485708408399442,0.0,0.04098712346674364
36MYB,20200211,S2B_MSIL2A_20200211T074959_N0500_R135_T36MYB_20230625T082645.zip,,0.1309782980149369,0.01127275622841331,0.0036902996340423557,0.0,0.8539722827727845
36MYB,20200526,S2A_MSIL2A_20200526T074621_N0500_R135_T36MYB_20230507T215543.zip,,0.15038778902525207,0.025396498352692923,0.005823072916148254,0.0,0.8178499739549636
36MYA,20190201,S2A_MSIL2A_20190201T075141_N0500_R135_T36MYA_20221127T121412.zip,,0.34012325771978197,0.005446033689337461,8.858630196980103e-05,0.0,0.6542746706215308
36MYA,20200102,S2B_MSIL2A_20200102T075229_N0500_R135_T36MYA_20230630T184411.zip,,0.3354034326362553,0.0005742184000716653,0.00020497609496982427,0.0,0.6637064906884848
36MYA,20200117,S2A_MSIL2A_20200117T075241_N0500_R135_T36MYA_20230629T151256.zip,,0.32857797419384804,0.017507042113330745,0.008336667761553545,0.0,0.645396896493376
36MYA,20200208,S2B_MSIL2A_20200208T074009_N0500_R092_T36MYA_20230616T140437.zip,,0.4817499941937817,0.008568053855163056,0.004571020003251482,0.0,0.50501521229193
36MYB,20200806,S2B_MSIL2A_20200806T073619_N0500_R092_T36MYB_20230317T052859.zip,,0.6847480267152398,0.012820229528103756,0.008075653365450014,0.0,0.2941462370728697
36MYB,20200831,S2A_MSIL2A_20200831T073621_N0500_R092_T36MYB_20230322T165939.zip,,0.6714536116336708,0.005763152743355198,0.0027496590920401726,0.0,0.3199631388084313
36MYB,20200903,S2A_MSIL2A_20200903T074621_N0500_R135_T36MYB_20230419T080551.zip,,0.7717486007013912,0.007605482397205052,0.003664553203207687,0.0,0.21684032236123968
36MYB,20201023,S2A_MSIL2A_20201023T075001_N0500_R135_T36MYB_20230312T023402.zip,,0.5544881403844049,0.08435187673564454,0.000588219680757529,0.0,0.36033722515850974
36MYA,20200526,S2A_MSIL2A_20200526T074621_N0500_R135_T36MYA_20230507T215543.zip,,0.3533779582682207,0.0006023536750043962,0.00036612353641826006,0.0,0.6455993178522964
36MYA,20200620,S2B_MSIL2A_20200620T074619_N0500_R135_T36MYA_20230430T111438.zip,,0.34169863404567336,0.002840070205473771,0.002117677114541757,0.0,0.652955166041254
36MYA,20200630,S2B_MSIL2A_20200630T074619_N0500_R135_T36MYA_20230512T203209.zip,,0.3378139422231512,0.010815425297195431,0.0006112454835916271,0.0,0.6505399119445523
36MYA,20200831,S2A_MSIL2A_20200831T073621_N0500_R092_T36MYA_20230322T165939.zip,,0.4653381707426319,0.0017058669347480599,0.001002385526259037,0.0,0.5318736168758564
36MYC,20200806,S2B_MSIL2A_20200806T073619_N0500_R092_T36MYC_20230317T052859.zip,,0.9622545379743266,0.00011237520777966895,0.0001904107816496959,0.0,0.03743258980560781
36MYC,20200831,S2A_MSIL2A_20200831T073621_N0500_R092_T36MYC_20230322T165939.zip,,0.8763328588823528,0.0,0.0,0.0,0.12366365738667091
36MYC,20200903,S2A_MSIL2A_20200903T074621_N0500_R135_T36MYC_20230419T080551.zip,,0.0055369424786248225,0.12982820229528103,0.05111197374925763,0.0,0.8133041695283029
36MYD,20200211,S2B_MSIL2A_20200211T074959_N0500_R135_T36MYD_20230625T082645.zip,,0.0,0.0004904429646882392,0.0006355984220357597,0.0,0.9987632755033992
36MYB,20201222,S2A_MSIL2A_20201222T075331_N0500_R135_T36MYB_20230414T072923.zip,,0.13982063762230384,0.010125613385489762,0.004734655823968733,0.0,0.8450550927170115
36MYC,20200211,S2B_MSIL2A_20200211T074959_N0500_R135_T36MYC_20230625T082645.zip,,0.003317573597964174,0.0002542128261021032,0.0004852007790286031,0.0,0.9959351495184157
36MYC,20200531,S2B_MSIL2A_20200531T074619_N0500_R135_T36MYC_20230508T125252.zip,,0.005106253794778385,0.0025753066512718935,0.0037155815674135124,0.0,0.9885279411813498
36MYC,20200725,S2A_MSIL2A_20200725T074621_N0500_R135_T36MYC_20230430T030343.zip,,0.004588339122962432,0.0018332719533113693,0.0006793607187766464,0.0,0.9914703335423571
36MYD,20200307,S2A_MSIL2A_20200307T074751_N0500_R135_T36MYD_20230630T132151.zip,,0.0,0.0018171140772591996,0.0011696377915136314,0.0,0.9969637459729729
36MYD,20200526,S2A_MSIL2A_20200526T074621_N0500_R135_T36MYD_20230507T215543.zip,,0.0,0.00017315801871924778,0.0005081934034724503,0.0,0.999122464756255
36MYD,20200531,S2B_MSIL2A_20200531T074619_N0500_R135_T36MYD_20230508T125252.zip,,0.0,0.00016947521740140212,0.0004011267381329193,0.0,0.999223924273642
36MYS,20200622,S2A_MSIL2A_20200622T073621_N0500_R092_T36MYS_20230428T104259.zip,,0.0,1.5162524344643847e-05,2.5912322785923074e-05,0.0,0.9997068689221337
36MYT,20200727,S2B_MSIL2A_20200727T073619_N0500_R092_T36MYT_20230327T222732.zip,,0.0,0.00024515512556361793,0.00024860567814970755,0.0,0.9991535197295298
36MYT,20200801,S2A_MSIL2A_20200801T073621_N0500_R092_T36MYT_20230421T070950.zip,,0.986275228018487,8.195062391962867e-06,9.953517075258543e-08,0.0,0.013716477383950286
36MYT,20200826,S2B_MSIL2A_20200826T073619_N0500_R092_T36MYT_20230421T043002.zip,,0.0,2.2428591809582584e-05,2.38884409806205e-05,0.0,0.9998858331591468
36MYT,20200831,S2A_MSIL2A_20200831T073621_N0500_R092_T36MYT_20230322T165939.zip,,0.0,3.6496229275947987e-07,0.0,0.0,0.9999627406677483
36MYU,20190713,S2B_MSIL2A_20190713T073619_N0500_R092_T36MYU_20230812T085846.zip,,0.05968507071973882,0.0001250161744652473,0.0,0.0,0.9401711009585237
36MYU,20200620,S2B_MSIL2A_20200620T074619_N0500_R135_T36MYU_20230430T111438.zip,,0.7462889970504412,0.00028075553830279263,0.00029157169352457356,0.0,0.25312931941168076
36MYU,20200801,S2A_MSIL2A_20200801T073621_N0500_R092_T36MYU_20230421T070950.zip,,0.17521119704314186,0.014475532596109501,0.013525038072202813,0.0,0.7967021675442351
36MYU,20200806,S2B_MSIL2A_20200806T073619_N0500_R092_T36MYU_20230317T052859.zip,,0.06899817850637523,0.000486660628199641,0.0005959834240762306,0.0,0.929865362092362
36MYS,20200806,S2B_MSIL2A_20200806T073619_N0500_R092_T36MYS_20230317T052859.zip,,0.0,0.00022538080497410426,0.0002357988195128749,0.0,0.9991412769035272
36MYS,20200831,S2A_MSIL2A_20200831T073621_N0500_R092_T36MYS_20230322T165939.zip,,0.0,3.317839025086181e-08,0.0,0.0,0.9999518913341362
36MYS,20200915,S2B_MSIL2A_20200915T073619_N0500_R092_T36MYS_20230312T055411.zip,,0.0,0.0020704310868245295,0.0029645223473047533,0.0,0.9945286180205108
36MYT,20191031,S2B_MSIL2A_20191031T074009_N0500_R092_T36MYT_20230704T045449.zip,,0.802481942661106,0.0,0.0,0.0,0.19751805733889402
36MYU,20200811,S2A_MSIL2A_20200811T073621_N0500_R092_T36MYU_20230506T073120.zip,,0.060017916330735464,5.391488415765044e-05,5.666869054847197e-05,0.0,0.9398206708006941
36MYU,20200814,S2A_MSIL2A_20200814T074621_N0500_R135_T36MYU_20230508T205256.zip,,0.749048012448532,0.00017173134793846073,0.000383907153592722,0.0,0.2503652277198815
36MYU,20200826,S2B_MSIL2A_20200826T073619_N0500_R092_T36MYU_20230421T043002.zip,,0.06656278512679122,0.00039830657496159604,0.0006588896519918646,0.0,0.9323587844764948
36MYU,20200829,S2B_MSIL2A_20200829T074619_N0500_R135_T36MYU_20230319T012559.zip,,0.7436891052119933,0.0004391823517506578,0.0008307868918815797,0.0,0.2550362805697393
36MYU,20200831,S2A_MSIL2A_20200831T073621_N0500_R092_T36MYU_20230322T165939.zip,,0.05895255821978029,1.4266707807870578e-05,0.0,0.0,0.9410311180122163
36MYV,20190320,S2A_MSIL2A_20190320T073621_N0500_R092_T36MYV_20221125T052500.zip,,0.26656915537771936,0.00016668823262032972,0.00022989306604822147,0.0,0.7330273622184399
36MYV,20200620,S2B_MSIL2A_20200620T074619_N0500_R135_T36MYV_20230430T111438.zip,,0.5439231123984326,4.313190732612035e-07,0.0,0.0,0.4560652751649795
36MYV,20200809,S2B_MSIL2A_20200809T074619_N0500_R135_T36MYV_20230421T152846.zip,,0.5380754874734988,0.00017282623481673916,0.0,0.0,0.4617254090066058
36MYV,20201005,S2B_MSIL2A_20201005T073749_N0500_R092_T36MYV_20230415T234325.zip,,0.2640012806858637,1.559384341790505e-06,0.0,0.0,0.7359941075178914
36MYV,20201010,S2A_MSIL2A_20201010T073831_N0500_R092_T36MYV_20230309T003802.zip,,0.2543936483289704,0.0022442526733487947,0.002278990447941447,0.0,0.7408149939781221
36MZT,20200518,S2B_MSIL2A_20200518T073609_N0500_R092_T36MZT_20230620T135431.zip,,0.0,0.00145948420874516,0.0005800909751460679,0.0,0.9975687870975876
36MZT,20200826,S2B_MSIL2A_20200826T073619_N0500_R092_T36MZT_20230421T043002.zip,,0.0,0.012583004037810094,0.0009213638972664324,0.0,0.9846294803268735
37LCH,20200808,S2A_MSIL2A_20200808T072621_N0500_R049_T37LCH_20230421T194016.zip,,0.0,2.584596600542135e-05,0.0,0.0,0.9986432692658618
37LCH,20200917,S2A_MSIL2A_20200917T072621_N0500_R049_T37LCH_20230314T041651.zip,,0.0,0.0036478312945212523,0.0098921702316847,0.0,0.9857899940610682
37LCH,20200922,S2B_MSIL2A_20200922T072619_N0500_R049_T37LCH_20230314T185422.zip,,0.7844535021449829,0.0,0.0,0.0,0.2154973274806653
37LCJ,20190819,S2B_MSIL2A_20190819T072619_N0500_R049_T37LCJ_20230721T010307.zip,,0.0,0.006987136738099741,0.00010726573568103623,0.0,0.9925894074671285
36MYV,20200826,S2B_MSIL2A_20200826T073619_N0500_R092_T36MYV_20230421T043002.zip,,0.26818009893795974,0.002168008732552314,0.0039008828769645752,0.0,0.7255434122647237
36MYV,20200829,S2B_MSIL2A_20200829T074619_N0500_R135_T36MYV_20230319T012559.zip,,0.5414352308054717,0.0031794187809595855,0.00017624360901257792,0.0,0.4552011108125056
36MYV,20200831,S2A_MSIL2A_20200831T073621_N0500_R092_T36MYV_20230322T165939.zip,,0.25812439242072854,1.9907034150517086e-07,0.0,0.0,0.7418719247779536
36MYV,20200930,S2A_MSIL2A_20200930T073721_N0500_R092_T36MYV_20230314T075754.zip,,0.2544820023822084,0.00137670412506926,0.001352682970527636,0.0,0.7426438863839204
36MZT,20201005,S2B_MSIL2A_20201005T073749_N0500_R092_T36MZT_20230415T234325.zip,,0.0,0.0019779629131953776,0.0,0.0,0.9972806991350394
36MZT,20201124,S2B_MSIL2A_20201124T074239_N0500_R092_T36MZT_20230304T190845.zip,,0.0,0.012658285805289299,0.0018764038606374897,0.0,0.9840917581560777
37LCH,20190705,S2A_MSIL2A_20190705T072621_N0500_R049_T37LCH_20230604T060718.zip,,0.0,0.0002700057398615134,0.00039999867286438995,0.0,0.9986381266153729
37LCH,20200510,S2A_MSIL2A_20200510T072621_N0500_R049_T37LCH_20230402T091238.zip,,0.0,0.004717469417818787,0.008977674261200195,0.0,0.9858866095334786
37LCJ,20200922,S2B_MSIL2A_20200922T072619_N0500_R049_T37LCJ_20230315T024813.zip,,0.9393609178469879,2.986055122577563e-07,0.0,0.0,0.060635001211011244
37LCJ,20201002,S2B_MSIL2A_20201002T072729_N0500_R049_T37LCJ_20230308T040153.zip,,0.0,0.02906018891775409,0.03148542970992133,0.0,0.9388257504122415
37LCJ,20201206,S2A_MSIL2A_20201206T073301_N0500_R049_T37LCJ_20230226T094744.zip,,0.0,0.0154244013788939,0.020784005361627864,0.0,0.9636315075265178
37LCK,20200619,S2A_MSIL2A_20200619T072621_N0500_R049_T37LCK_20230429T155300.zip,,0.0,0.04369544228453124,0.007738693634062262,0.0,0.9484685186844105
37LDH,20200606,S2A_MSIL2A_20200606T071621_N0500_R006_T37LDH_20230616T221710.zip,,0.5580370005408077,2.5547360493163593e-06,0.0,0.0,0.44188486435015145
37LDH,20200614,S2B_MSIL2A_20200614T072619_N0500_R049_T37LDH_20230615T025701.zip,,0.1874667635475662,1.3238177710093861e-05,0.0,0.0,0.8118881158323961
37LDH,20200729,S2A_MSIL2A_20200729T072621_N0500_R049_T37LDH_20230324T161127.zip,,0.18674639433843948,0.0008622400058393967,0.001544984920421631,0.0,0.809944326661159
37LDH,20200731,S2B_MSIL2A_20200731T071619_N0500_R006_T37LDH_20230325T092648.zip,,0.5794655293114489,1.9907034150517085e-06,0.0,0.0,0.42036688663939403
37LCK,20200714,S2B_MSIL2A_20200714T072619_N0500_R049_T37LCK_20230322T165537.zip,,0.0,0.07915604128718882,0.07610498969810983,0.0,0.8444733096439627
37LCK,20200719,S2A_MSIL2A_20200719T072621_N0500_R049_T37LCK_20230324T135118.zip,,0.0,0.04876446992544816,0.030573156691583638,0.0,0.9204150616620382
37LCK,20201022,S2B_MSIL2A_20201022T072949_N0500_R049_T37LCK_20230312T005805.zip,,0.0,0.05935836311093858,0.03834486282394551,0.0,0.9019333711566982
37LCL,20200604,S2B_MSIL2A_20200604T072619_N0500_R049_T37LCL_20230618T181335.zip,,0.0,0.07275506716965106,0.022427198317192046,0.0,0.9046999180493761
37LDH,20200805,S2A_MSIL2A_20200805T071621_N0500_R006_T37LDH_20230427T052031.zip,,0.567066267198848,4.246833952110312e-06,0.0,0.0,0.43288403157255617
37LDH,20200808,S2A_MSIL2A_20200808T072621_N0500_R049_T37LDH_20230421T194016.zip,,0.18835090129097115,6.0052886354059874e-06,0.0,0.0,0.8102936287537201
37LDH,20200922,S2B_MSIL2A_20200922T072619_N0500_R049_T37LDH_20230314T185422.zip,,0.6395128748743368,3.8918251764260904e-05,6.884515977053825e-05,0.0,0.3602961503113792
37LDJ,20190705,S2A_MSIL2A_20190705T072621_N0500_R049_T37LDJ_20230604T060718.zip,,0.022005998652957357,0.0033661799396816866,0.005384985451275875,0.0,0.9690682180881948
37LCL,20200614,S2B_MSIL2A_20200614T072619_N0500_R049_T37LCL_20230615T025701.zip,,0.0,0.04467563146771245,0.0054923839005179146,0.0,0.9495870617549378
37LCL,20200619,S2A_MSIL2A_20200619T072621_N0500_R049_T37LCL_20230429T155300.zip,,0.0,0.021896244538007505,0.01293705064017704,0.0,0.9649959688255845
37LCL,20200729,S2A_MSIL2A_20200729T072621_N0500_R049_T37LCL_20230324T161127.zip,,0.0,0.6977912482042197,0.061086857707837734,0.0,0.24102096542479953
37LDH,20190705,S2A_MSIL2A_20190705T072621_N0500_R049_T37LDH_20230604T060718.zip,,0.18739257666696527,3.317839025086181e-08,0.0,0.0,0.8120093828487629
37LDJ,20200510,S2A_MSIL2A_20200510T072621_N0500_R049_T37LDJ_20230402T091238.zip,,0.02656092713693717,0.0003324806487038862,0.0010307862283137747,0.0,0.9720299202723283
37LDJ,20200527,S2A_MSIL2A_20200527T071621_N0500_R006_T37LDJ_20230502T014624.zip,,0.9615277321574912,5.972110245155126e-07,0.0,0.0,0.03847143838275255
37LDJ,20200604,S2B_MSIL2A_20200604T072619_N0500_R049_T37LDJ_20230618T181335.zip,,0.02291598236236774,0.006146960361777167,0.01321846974628485,0.0,0.957586438001201
37LDJ,20200606,S2A_MSIL2A_20200606T071621_N0500_R006_T37LDJ_20230616T221710.zip,,0.7657981559450698,4.379547513113759e-06,0.0,0.0,0.234128552990866
37LDL,20200604,S2B_MSIL2A_20200604T072619_N0500_R049_T37LDL_20230618T181335.zip,,0.0,0.015742316714277657,0.0010297908766062488,0.0,0.9831836987933019
37LDL,20200614,S2B_MSIL2A_20200614T072619_N0500_R049_T37LDL_20230615T025701.zip,,0.0,0.03320659188257504,0.015291024250085434,0.0,0.9513869562476568
37LDL,20200619,S2A_MSIL2A_20200619T072621_N0500_R049_T37LDL_20230429T155300.zip,,0.0,0.03836642877760857,0.03655395967498449,0.0,0.9249917219916324
37LEH,20200517,S2A_MSIL2A_20200517T071621_N0500_R006_T37LEH_20230423T113233.zip,,0.0,0.010832644881735628,0.007008503621421296,0.0,0.9820936559600001
37LDK,20200619,S2A_MSIL2A_20200619T072621_N0500_R049_T37LDK_20230429T155300.zip,,0.0,0.008885172909180792,0.019932813759742006,0.0,0.9711250128566262
37LDK,20200714,S2B_MSIL2A_20200714T072619_N0500_R049_T37LDK_20230322T165537.zip,,0.0,0.044129515164183265,0.07632894383230314,0.0,0.879305377221708
37LDK,20201022,S2B_MSIL2A_20201022T072949_N0500_R049_T37LDK_20230312T005805.zip,,0.0,0.033859542602712005,0.04373744612658883,0.0,0.9223295211362935
37LDL,20200530,S2A_MSIL2A_20200530T072621_N0500_R049_T37LDL_20230509T080749.zip,,0.0,0.013607420015195703,0.021738381757193906,0.0,0.9646076489460884
37LEH,20200606,S2A_MSIL2A_20200606T071621_N0500_R006_T37LEH_20230616T221710.zip,,0.0,7.498316196694768e-06,2.9860551225775627e-06,0.0,0.9999278701795946
37LEH,20200721,S2B_MSIL2A_20200721T071619_N0500_R006_T37LEH_20230326T073402.zip,,0.0,0.009572960939081158,0.0009238190981449962,0.0,0.989161615256751
37LEH,20200825,S2A_MSIL2A_20200825T071621_N0500_R006_T37LEH_20230318T181454.zip,,0.0,0.00038506839725150217,0.00012285957909894128,0.0,0.9993687147686968
37LEJ,20200517,S2A_MSIL2A_20200517T071621_N0500_R006_T37LEJ_20230423T113233.zip,,0.0,0.001418940215858607,0.0018055016406713978,0.0,0.9967152066516036
37LDJ,20200619,S2A_MSIL2A_20200619T072621_N0500_R049_T37LDJ_20230429T155300.zip,,0.2308991011974081,0.0021085530572227695,0.0045884386581331845,0.0,0.7622748099707698
37LDJ,20200805,S2A_MSIL2A_20200805T071621_N0500_R006_T37LDJ_20230427T052031.zip,,0.7747413578587994,3.317839025086181e-08,0.0,0.0,0.22514301545117635
37LDJ,20200912,S2B_MSIL2A_20200912T072619_N0500_R049_T37LDJ_20230421T033815.zip,,0.020984170590011314,0.00601268741643193,0.007530233808116098,0.0,0.9652711835727155
37LDK,20200604,S2B_MSIL2A_20200604T072619_N0500_R049_T37LDK_20230618T181335.zip,,0.0,0.026437868487496723,0.0023172451319006904,0.0,0.9712215619722562
37LEJ,20200626,S2A_MSIL2A_20200626T071621_N0500_R006_T37LEJ_20230506T073353.zip,,0.0,0.014396402135361197,0.007844134558279502,0.0,0.9774481836490257
37LEJ,20200731,S2B_MSIL2A_20200731T071619_N0500_R006_T37LEJ_20230325T092648.zip,,0.0,0.0063810007266067465,0.006169090348074492,0.0,0.9867160692897502
37LEJ,20200825,S2A_MSIL2A_20200825T071621_N0500_R006_T37LEJ_20230318T181454.zip,,0.0,0.010368943699589583,0.005616039760982876,0.0,0.9838562911204675
37LEK,20190816,S2B_MSIL2A_20190816T071629_N0500_R006_T37LEK_20230723T064631.zip,,0.07735276259866423,0.0149643829980657,0.013718700336097093,0.0,0.8935787207076287
37LEK,20200626,S2A_MSIL2A_20200626T071621_N0500_R006_T37LEK_20230506T073353.zip,,0.07421096811224913,0.01497476783421422,0.010067949343233766,0.0,0.900628100105839
37LEK,20200729,S2A_MSIL2A_20200729T072621_N0500_R049_T37LEK_20230324T161127.zip,,0.6998647980597278,0.0004056389992070365,0.0006561026672107922,0.0,0.2989944957050574
37LEK,20200731,S2B_MSIL2A_20200731T071619_N0500_R006_T37LEK_20230325T092648.zip,,0.08504779347115636,0.0003261767545562224,0.00033971353777857406,0.0,0.9140317052697238
37LEK,20200805,S2A_MSIL2A_20200805T071621_N0500_R006_T37LEK_20230427T052031.zip,,0.07424255393976795,0.005348124259707167,0.002578325884784722,0.0,0.9176968225055657
37LEK,20200515,S2B_MSIL2A_20200515T072619_N0500_R049_T37LEK_20230424T101545.zip,,0.6981606564012727,0.054426760362440735,8.433946801769072e-05,0.0,0.24731016154558214
37LEK,20200517,S2A_MSIL2A_20200517T071621_N0500_R006_T37LEK_20230423T113233.zip,,0.06676162321956464,0.0022896738896022242,0.001855899615462457,0.0,0.9290134737442809
37LEK,20200601,S2B_MSIL2A_20200601T071619_N0500_R006_T37LEK_20230402T194957.zip,,0.07753112962465288,0.02193721984996732,0.0008794595903795939,0.0,0.8995590260151758
37LEK,20200604,S2B_MSIL2A_20200604T072619_N0500_R049_T37LEK_20230618T181335.zip,,0.7024217570611909,0.028782353077793373,0.0013268038261319637,0.0,0.2674509042770263
37LEL,20190712,S2A_MSIL2A_20190712T071621_N0500_R006_T37LEL_20230721T094207.zip,,0.2763236021114728,0.006711490671895581,0.00044641524082534564,0.0,0.7164667005086247
37LEL,20200427,S2A_MSIL2A_20200427T071621_N0500_R006_T37LEL_20230521T045710.zip,,0.2719875514679779,0.04578498412414027,0.011466352135527089,0.0,0.6707495993709377
37LEL,20200517,S2A_MSIL2A_20200517T071621_N0500_R006_T37LEL_20230423T113233.zip,,0.26740836958072467,0.0028014837376120184,0.0007172504404431305,0.0,0.7290385234289203
37LEL,20200530,S2A_MSIL2A_20200530T072621_N0500_R049_T37LEL_20230509T080749.zip,,0.5102601185795668,0.00907637997219651,0.006509633345609338,0.0,0.47405526192680186
37LEL,20200614,S2B_MSIL2A_20200614T072619_N0500_R049_T37LEL_20230615T025701.zip,,0.5003883530578863,0.0042232109382516975,0.004791424049687958,0.0,0.4904597529537062
37LEL,20200616,S2A_MSIL2A_20200616T071621_N0500_R006_T37LEL_20230428T145158.zip,,0.27126253728421607,0.03602028526779938,2.0603780345785184e-05,0.0,0.6926563614586547
37LEL,20200619,S2A_MSIL2A_20200619T072621_N0500_R049_T37LEL_20230429T155300.zip,,0.5066253263924141,0.01630684702439607,0.021609350997508305,0.0,0.45531766649745686
37LEL,20200805,S2A_MSIL2A_20200805T071621_N0500_R006_T37LEL_20230427T052031.zip,,0.2771661009751129,0.033278788059760915,5.73322583534892e-05,0.0,0.6894707714971084
37LFJ,20200904,S2A_MSIL2A_20200904T071621_N0500_R006_T37LFJ_20230310T083053.zip,,0.0,0.0072267842508817156,2.3556657078111886e-06,0.0,0.992675439033049
37MBM,20190703,S2B_MSIL2A_20190703T073619_N0500_R092_T37MBM_20230604T055426.zip,,0.10108055381369006,0.07462513395775064,0.07037329006871244,0.0,0.7520646580469209
37MBM,20200518,S2B_MSIL2A_20200518T073609_N0500_R092_T37MBM_20230620T135431.zip,,0.0948164405559371,0.035475529278270475,0.01600376242945445,0.0,0.8534057949376412
37MBM,20200614,S2B_MSIL2A_20200614T072619_N0500_R049_T37MBM_20230615T025701.zip,,0.694283960570801,0.013729549669709126,0.010524517171475874,0.0,0.2813407055716471
37LEL,20201123,S2A_MSIL2A_20201123T072231_N0500_R006_T37LEL_20230304T023043.zip,,0.2751516750110318,0.04923739470008394,0.009303651945414913,0.0,0.6662949028039058
37LFJ,20200517,S2A_MSIL2A_20200517T071621_N0500_R006_T37LFJ_20230423T113233.zip,,0.0,0.05753892654636182,0.00011234202938941808,0.0,0.9422701649961347
37LFJ,20200616,S2A_MSIL2A_20200616T071621_N0500_R006_T37LFJ_20230428T145158.zip,,0.0,0.018670840508160227,0.006055719788587297,0.0,0.9751693922714257
37LFJ,20200711,S2B_MSIL2A_20200711T071619_N0500_R006_T37LFJ_20230324T101438.zip,,0.0,0.08427324395075,0.06977087003692754,0.0,0.8459121568939718
37MBM,20200622,S2A_MSIL2A_20200622T073621_N0500_R092_T37MBM_20230428T104259.zip,,0.10005763086386575,0.03086542513130348,0.00292474145739397,0.0,0.8627939190646349
37MBM,20200704,S2B_MSIL2A_20200704T072619_N0500_R049_T37MBM_20230531T040151.zip,,0.7002633700618114,0.030137889389882582,0.011138947780531584,0.0,0.25821516849645487
37MBM,20200724,S2B_MSIL2A_20200724T072619_N0500_R049_T37MBM_20230506T053531.zip,,0.704642519434242,0.043732535724831705,0.0014613753769894592,0.0,0.25005802900454877
37MBM,20200910,S2A_MSIL2A_20200910T073621_N0500_R092_T37MBM_20230310T215717.zip,,0.09789649005809536,0.081097076652035,0.04066380005374899,0.0,0.7751459351495185
37MBM,20201005,S2B_MSIL2A_20201005T073749_N0500_R092_T37MBM_20230415T234325.zip,,0.09728083184860037,0.003716610097511289,0.005158974256887004,0.0,0.8880335499882217
37MBM,20201010,S2A_MSIL2A_20201010T073831_N0500_R092_T37MBM_20230309T003802.zip,,0.10211455834585817,0.034681835826689364,0.02549301428993268,0.0,0.8295537838295162
37MBP,20200518,S2B_MSIL2A_20200518T073609_N0500_R092_T37MBP_20230620T135431.zip,,0.0,0.0007916695697758136,0.0009933278257205516,0.0,0.9981441335629277
37MBP,20200910,S2A_MSIL2A_20200910T073621_N0500_R092_T37MBP_20230310T215717.zip,,0.0,0.03635074203469796,0.011675740956400277,0.0,0.951317679768813
37MBP,20201005,S2B_MSIL2A_20201005T073749_N0500_R092_T37MBP_20230415T234325.zip,,0.0,8.924986977481827e-06,0.0,0.0,0.9997385874632134
37MBP,20201020,S2A_MSIL2A_20201020T073941_N0500_R092_T37MBP_20230316T003943.zip,,0.0,0.022212434597098218,0.009854612293920723,0.0,0.9672909844360171
37MBQ,20200831,S2A_MSIL2A_20200831T073621_N0500_R092_T37MBQ_20230322T165939.zip,,0.0,0.0016312155566836207,0.0025694340761974912,0.0,0.995755720783939
37MBQ,20200910,S2A_MSIL2A_20200910T073621_N0500_R092_T37MBQ_20230310T215717.zip,,0.0,0.0004944575499085935,0.0005283990431352251,0.0,0.9989486763481209
37MBR,20201010,S2A_MSIL2A_20201010T073831_N0500_R092_T37MBR_20230309T003802.zip,,0.0,0.07031360214465114,0.07257613611102816,0.0,0.8568717422968073
37MBR,20201020,S2A_MSIL2A_20201020T073941_N0500_R092_T37MBR_20230316T003943.zip,,0.0,0.06739688985769789,0.007976582692160943,0.0,0.9244394013291263
37MBS,20200119,S2B_MSIL2A_20200119T074139_N0500_R092_T37MBS_20230602T195412.zip,,0.03580266820614397,0.21178715399086268,0.04747412915020189,0.0,0.7044342255002471
37MBS,20200806,S2B_MSIL2A_20200806T073619_N0500_R092_T37MBS_20230317T052859.zip,,0.1173857419185736,0.39361637818056344,0.0486831496909433,0.0,0.43903706357974925
37MBT,20200811,S2A_MSIL2A_20200811T073621_N0500_R092_T37MBT_20230506T073120.zip,,0.0,0.0028608398777708105,0.0028352593388873957,0.0,0.9939337958400934
37MBT,20201005,S2B_MSIL2A_20201005T073749_N0500_R092_T37MBT_20230415T234325.zip,,0.0,0.0013271024316442216,0.0011976071744951079,0.0,0.9972191200427337
37MCM,20200530,S2A_MSIL2A_20200530T072621_N0500_R049_T37MCM_20230509T080749.zip,,0.0,0.16313164189899834,0.06593577990783044,0.0,0.7707421010547411
37MCM,20200604,S2B_MSIL2A_20200604T072619_N0500_R049_T37MCM_20230618T181335.zip,,0.0,0.10775797027879801,0.051519371203147965,0.0,0.8405650943427527
37MBS,20200910,S2A_MSIL2A_20200910T073621_N0500_R092_T37MBS_20230310T215717.zip,,0.0,0.10354706852332939,0.007373167308668518,0.0,0.8879876310961144
37MBS,20201214,S2B_MSIL2A_20201214T074229_N0500_R092_T37MBS_20230227T005137.zip,,0.0,0.04469003088908132,0.02322162169335868,0.0,0.9315699018915
37MBT,20200712,S2A_MSIL2A_20200712T073621_N0500_R092_T37MBT_20230524T161059.zip,,0.0,0.06297752827628308,0.06048191611839377,0.0,0.8759349836264644
37MBT,20200806,S2B_MSIL2A_20200806T073619_N0500_R092_T37MBT_20230422T020624.zip,,0.0,0.05564998125420951,0.06339086466202833,0.0,0.8803640001194422
37MBQ,20201010,S2A_MSIL2A_20201010T073831_N0500_R092_T37MBQ_20230309T003802.zip,,0.0,0.011859316989658296,0.016254458346189958,0.0,0.9717883484129117
37MBQ,20201020,S2A_MSIL2A_20201020T073941_N0500_R092_T37MBQ_20230316T003943.zip,,0.0,0.00451972621192365,0.005051044953400951,0.0,0.9903682137750041
37MBR,20200831,S2A_MSIL2A_20200831T073621_N0500_R092_T37MBR_20230322T165939.zip,,0.0,0.021639012478392575,0.018259063506756778,0.0,0.959915096499348
37MBR,20200910,S2A_MSIL2A_20200910T073621_N0500_R092_T37MBR_20230310T215717.zip,,0.0,0.0005425330373820923,0.0010029495588933016,0.0,0.9983960902584929
37MCM,20200704,S2B_MSIL2A_20200704T072619_N0500_R049_T37MCM_20230531T040151.zip,,0.0,0.34033121986987436,0.05976187869316957,0.0,0.5995873935388403
37MCM,20200724,S2B_MSIL2A_20200724T072619_N0500_R049_T37MCM_20230506T053531.zip,,0.0,0.16824502904768066,0.002452248001831447,0.0,0.8289142371790406
37MCN,20190605,S2A_MSIL2A_20190605T072621_N0500_R049_T37MCN_20221216T213758.zip,,0.02463060839214203,0.00969436066900906,0.007654652771556829,0.0,0.9578838822698
37MCN,20200101,S2A_MSIL2A_20200101T073311_N0500_R049_T37MCN_20230426T025126.zip,,0.02437583153340566,0.1467833218867887,0.008368552194584622,0.0,0.8203833762993487
37MCN,20200518,S2B_MSIL2A_20200518T073609_N0500_R092_T37MCN_20230620T135431.zip,,0.8100824151213831,2.2295878248579136e-05,4.180477171608588e-05,0.0,0.18984727986967528
37MCN,20200530,S2A_MSIL2A_20200530T072621_N0500_R049_T37MCN_20230509T080749.zip,,0.014763620558657735,0.23421398734576196,0.11789390214365579,0.0,0.6330681384600582
37MCN,20200604,S2B_MSIL2A_20200604T072619_N0500_R049_T37MCN_20230618T181335.zip,,0.01992873281774115,0.24960152753308715,0.08519912010909055,0.0,0.6451984565412855
37MCN,20200614,S2B_MSIL2A_20200614T072619_N0500_R049_T37MCN_20230615T025701.zip,,0.02087590950262275,0.08737147521076573,0.061338847581793025,0.0,0.830201691434335
37MCP,20200910,S2A_MSIL2A_20200910T073621_N0500_R092_T37MCP_20230310T215717.zip,,0.617691182179223,0.004080477503392491,0.004823640266621544,0.0,0.3725160832246741
37MCP,20201005,S2B_MSIL2A_20201005T073749_N0500_R092_T37MCP_20230415T234325.zip,,0.616531663796736,0.0015947525057979238,0.002550024717900737,0.0,0.3786445300446913
37MCP,20201010,S2A_MSIL2A_20201010T073831_N0500_R092_T37MCP_20230309T003802.zip,,0.6218301531846278,0.003980676905517898,0.004101081283738275,0.0,0.36895670551856163
37MCP,20201206,S2A_MSIL2A_20201206T073301_N0500_R049_T37MCP_20230226T094744.zip,,0.18858079435701938,0.13578332520462771,0.09737708235871811,0.0,0.578190583309279
37MCN,20200724,S2B_MSIL2A_20200724T072619_N0500_R049_T37MCN_20230506T053531.zip,,0.025508209992667577,0.15284488107206015,0.034539467354122916,0.0,0.7862883998394166
37MCN,20200910,S2A_MSIL2A_20200910T073621_N0500_R092_T37MCN_20230310T215717.zip,,0.8133200619772329,0.0034636248718484678,0.0029790876606248817,0.0,0.18017667492808584
37MCN,20201005,S2B_MSIL2A_20201005T073749_N0500_R092_T37MCN_20230415T234325.zip,,0.8124305825129976,0.0026875491454905593,0.004014319793232272,0.0,0.18080374650382713
37MCP,20190928,S2B_MSIL2A_20190928T072659_N0500_R049_T37MCP_20230507T035912.zip,,0.1938369149405609,0.011518807170513701,0.011100361312669832,0.0,0.7831742761304707
37MCQ,20190928,S2B_MSIL2A_20190928T072659_N0500_R049_T37MCQ_20230507T035912.zip,,0.6330936526421611,0.006554225102106496,0.0018253423180414133,0.0,0.35849635535383095
37MCQ,20200106,S2B_MSIL2A_20200106T073209_N0500_R049_T37MCQ_20230422T213150.zip,,0.39655883689835136,0.10132687018291246,0.049195954890660615,0.0,0.45288970507728904
37MCQ,20200121,S2A_MSIL2A_20200121T073221_N0500_R049_T37MCQ_20230602T034910.zip,,0.39966539593432004,0.01920388452593057,0.004169959621899064,0.0,0.5769038589785701
37MCQ,20200210,S2A_MSIL2A_20200210T073031_N0500_R049_T37MCQ_20230608T121041.zip,,0.4008215301210016,0.03195845401972787,0.02468034279912807,0.0,0.5425043712529155
37MCP,20200101,S2A_MSIL2A_20200101T073311_N0500_R049_T37MCP_20230426T025126.zip,,0.8314196701404442,0.012566978875318928,0.0011355304063357455,0.0,0.15486760163370394
37MCP,20200106,S2B_MSIL2A_20200106T073209_N0500_R049_T37MCP_20230422T213150.zip,,0.194841025743113,0.12707359962309348,0.051640538684344116,0.0,0.6264035620319773
37MCP,20200604,S2B_MSIL2A_20200604T072619_N0500_R049_T37MCP_20230618T181335.zip,,0.1861693557751965,0.20564089037528077,0.07261117249113308,0.0,0.5354678650701226
37MCP,20200724,S2B_MSIL2A_20200724T072619_N0500_R049_T37MCP_20230506T053531.zip,,0.19807110792598565,0.1245177355085086,0.08441946111658555,0.0,0.592323383134097
37MCQ,20200629,S2A_MSIL2A_20200629T072621_N0500_R049_T37MCQ_20230505T174251.zip,,0.3855320320768677,0.078719878168951,0.07685014316475393,0.0,0.4586595266770847
37MCQ,20200910,S2A_MSIL2A_20200910T073621_N0500_R092_T37MCQ_20230310T215717.zip,,0.41998125420950827,0.005466471577731991,0.005111164196535512,0.0,0.5693527891413764
37MCQ,20201005,S2B_MSIL2A_20201005T073749_N0500_R092_T37MCQ_20230415T234325.zip,,0.41875813285291025,0.004334358545592085,0.006639261316319455,0.0,0.5702054737708235
37MCQ,20201010,S2A_MSIL2A_20201010T073831_N0500_R092_T37MCQ_20230309T003802.zip,,0.4240353548926513,0.0076545864147763275,0.011350327304819824,0.0,0.5568374026628976
37MCR,20201010,S2A_MSIL2A_20201010T073831_N0500_R092_T37MCR_20230309T003802.zip,,0.22622549361150096,0.0535033062265885,0.04144996201074316,0.0,0.677988626447822
37MCR,20201224,S2B_MSIL2A_20201224T074229_N0500_R092_T37MCR_20230301T033716.zip,,0.2158694231273287,0.028577310626043045,0.024911629357566828,0.0,0.7304879545854194
37MCS,20190203,S2B_MSIL2A_20190203T074129_N0500_R092_T37MCS_20221128T170305.zip,,0.03840889711712967,0.01617599145324667,0.0008610787621806165,0.0007190420735166772,0.9404148294133066
37MCS,20200121,S2A_MSIL2A_20200121T073221_N0500_R049_T37MCS_20230602T034910.zip,,0.8056936440157797,0.00012252779519643267,0.0003242192295314216,0.0,0.19382954933792523
37MCR,20200629,S2A_MSIL2A_20200629T072621_N0500_R049_T37MCR_20230505T174251.zip,,0.5879887259829928,0.05275656019721235,0.04249508130364531,0.0,0.3164122879486133
37MCR,20200910,S2A_MSIL2A_20200910T073621_N0500_R092_T37MCR_20230310T215717.zip,,0.22215686079342803,0.0562022355599351,0.004084989764466608,0.0,0.7167962282805963
37MCR,20200912,S2B_MSIL2A_20200912T072619_N0500_R049_T37MCR_20230421T033815.zip,,0.5938770939711547,0.018847183652343554,0.011828991940969008,0.0,0.3749913902077299
37MCR,20201005,S2B_MSIL2A_20201005T073749_N0500_R092_T37MCR_20230415T234325.zip,,0.22093592921058655,0.006105852336256349,0.004944475963915183,0.0,0.7675473538574855
37MCS,20201005,S2B_MSIL2A_20201005T073749_N0500_R092_T37MCS_20230415T234325.zip,,0.03928815763716776,0.0460808358300072,0.002901981081681879,0.0004956851503478755,0.9082793686815903
37MCS,20201010,S2A_MSIL2A_20201010T073831_N0500_R092_T37MCS_20230309T003802.zip,,0.04266774164651079,0.10766387636404656,0.016422639606371577,0.0005857644798789652,0.829983742588777
37MCS,20201214,S2B_MSIL2A_20201214T074229_N0500_R092_T37MCS_20230227T005137.zip,,0.034177358402925004,0.115062690568379,0.033030016489659954,0.00044525399716656547,0.8157311024183729
37MDM,20200604,S2B_MSIL2A_20200604T072619_N0500_R049_T37MDM_20230618T181335.zip,,0.0,0.16865116572274147,0.019065364746633222,0.0,0.8119977372337849
37MCQ,20201211,S2B_MSIL2A_20201211T073219_N0500_R049_T37MCQ_20230302T101328.zip,,0.39529663139803783,0.1191335131602085,0.055357347852196905,0.0,0.430172063131841
37MCR,20190320,S2A_MSIL2A_20190320T073621_N0500_R092_T37MCR_20221125T052500.zip,,0.21376000743195941,0.020198041811407393,0.020536295500014932,0.0,0.7450389348409594
37MCR,20200210,S2A_MSIL2A_20200210T073031_N0500_R049_T37MCR_20230608T121041.zip,,0.603010972093656,0.0035277918785936342,0.0018348313376531596,0.0,0.39160168678936036
37MCR,20200622,S2A_MSIL2A_20200622T073621_N0500_R092_T37MCR_20230428T104259.zip,,0.22399199073659345,0.12681603577957604,0.05833862528657834,0.0,0.5903049094064055
37MCS,20200210,S2A_MSIL2A_20200210T073031_N0500_R049_T37MCS_20230608T121041.zip,,0.8054728418286602,3.317839025086181e-07,0.0,0.0,0.19451309053387347
37MCS,20200816,S2B_MSIL2A_20200816T073619_N0500_R092_T37MCS_20230320T155338.zip,,0.03591756497158271,0.1937155815674135,0.04122053344215845,0.0009050069508727576,0.7202225606418028
37MCS,20200831,S2A_MSIL2A_20200831T073621_N0500_R092_T37MCS_20230322T165939.zip,,0.04043805428648213,0.15216877183552807,0.0019227872502081945,0.0006531166120882147,0.800050397974791
37MCS,20200912,S2B_MSIL2A_20200912T072619_N0500_R049_T37MCS_20230421T033815.zip,,0.7963759244328984,0.00038749041973981505,0.0003765415509570307,0.0,0.20272258552559547
37MDP,20200510,S2A_MSIL2A_20200510T072621_N0500_R049_T37MDP_20230402T091238.zip,,0.0,0.9842502181479159,0.014619261382676236,0.0,0.0011305204694078653
37MDP,20200530,S2A_MSIL2A_20200530T072621_N0500_R049_T37MDP_20230509T080749.zip,,0.0,0.1496185148688956,0.08437105384520954,0.0,0.7659606637005186
37MDP,20200614,S2B_MSIL2A_20200614T072619_N0500_R049_T37MDP_20230615T025701.zip,,0.0,0.12552921191369637,0.09882439009824122,0.0,0.7755884685186845
37MDP,20201206,S2A_MSIL2A_20201206T073301_N0500_R049_T37MDP_20230226T094744.zip,,0.0,0.1363212132673747,0.10359600664894941,0.0,0.760058327610061
37MDM,20200614,S2B_MSIL2A_20200614T072619_N0500_R049_T37MDM_20230615T025701.zip,,0.0,0.06126505884187511,0.048896088599573326,0.0,0.8895730272958616
37MDM,20200619,S2A_MSIL2A_20200619T072621_N0500_R049_T37MDM_20230429T155300.zip,,0.0,0.1161862435758342,0.12218526149548276,0.0,0.7614569958294763
37MDM,20200729,S2A_MSIL2A_20200729T072621_N0500_R049_T37MDM_20230324T161127.zip,,0.8555016074930076,0.01337560260251293,0.01209475084687841,0.0,0.1190065062823282
37MDN,20200101,S2A_MSIL2A_20200101T073311_N0500_R049_T37MDN_20230426T025126.zip,,0.07534464052873083,0.06141940471332212,0.04146897322835691,0.0,0.8217497951234402
37MDN,20200530,S2A_MSIL2A_20200530T072621_N0500_R049_T37MDN_20230509T080749.zip,,0.0,0.08955673670624849,0.0699481421760379,0.0,0.8404284657316996
37MDN,20200614,S2B_MSIL2A_20200614T072619_N0500_R049_T37MDN_20230615T025701.zip,,0.0,0.0637597420048374,0.07077056811357627,0.0,0.8653674672612234
37MDN,20200724,S2B_MSIL2A_20200724T072619_N0500_R049_T37MDN_20230506T053531.zip,,0.0,0.17497334116343344,0.04639855209504945,0.0,0.7784861032312435
37MDP,20200101,S2A_MSIL2A_20200101T073311_N0500_R049_T37MDP_20230426T025126.zip,,0.9630198307238529,0.004705127056645466,0.002527164807017893,0.0,0.02974522314126363
37MDR,20200121,S2A_MSIL2A_20200121T073221_N0500_R049_T37MDR_20230602T034910.zip,,0.0,0.05602516249116626,0.040224982664291094,0.0,0.9036847920212607
37MDR,20200220,S2A_MSIL2A_20200220T072931_N0500_R049_T37MDR_20230613T022355.zip,,0.9317260725744109,0.001020335035384753,0.0011068310987687499,0.0,0.0661464626859234
37MDR,20200530,S2A_MSIL2A_20200530T072621_N0500_R049_T37MDR_20230509T080749.zip,,0.0,0.06107872900222627,0.06610717947186638,0.0,0.8727787565402901
37MDR,20200629,S2A_MSIL2A_20200629T072621_N0500_R049_T37MDR_20230505T174251.zip,,0.0,0.018547018755744007,0.02552615950179329,0.0,0.955689330825047
37MEM,20190610,S2B_MSIL2A_20190610T072629_N0500_R049_T37MEM_20221222T145126.zip,,0.3003286319554348,0.0014551046612320464,0.001870796712685094,0.0,0.6961809018550038
37MEM,20200306,S2B_MSIL2A_20200306T072749_N0500_R049_T37MEM_20230626T222634.zip,,0.2922610409388157,0.023192358353157423,0.010156469288423065,0.0,0.6742856194903135
37MEM,20200530,S2A_MSIL2A_20200530T072621_N0500_R049_T37MEM_20230509T080749.zip,,0.3102469135802469,0.10187733285556451,0.0384522280947973,0.0,0.5493042823348296
37MEM,20200614,S2B_MSIL2A_20200614T072619_N0500_R049_T37MEM_20230615T025701.zip,,0.2994805591222325,0.08382390901158257,0.03744629248078142,0.0,0.5790544490562407
37MDQ,20200210,S2A_MSIL2A_20200210T073031_N0500_R049_T37MDQ_20230608T121041.zip,,0.0,0.2050031353578787,0.04772392925040063,0.0,0.7471258555877386
37MDQ,20200220,S2A_MSIL2A_20200220T072931_N0500_R049_T37MDQ_20230427T234416.zip,,0.0,0.1859151429490944,0.09010298572333868,0.0,0.7238039024422613
37MDQ,20200530,S2A_MSIL2A_20200530T072621_N0500_R049_T37MDQ_20230509T080749.zip,,0.0,0.18062378691510644,0.10311710976406847,0.0,0.7161278496089927
37MDQ,20200629,S2A_MSIL2A_20200629T072621_N0500_R049_T37MDQ_20230505T174251.zip,,0.0,0.13181737950438122,0.09020175779111549,0.0,0.7770728033417275
37MEM,20200619,S2A_MSIL2A_20200619T072621_N0500_R049_T37MEM_20230429T155300.zip,,0.3062647436471677,0.07168466594337776,0.02854018400735233,0.0,0.5933052312367909
37MEM,20200808,S2A_MSIL2A_20200808T072621_N0500_R049_T37MEM_20230421T194016.zip,,0.3006718292241897,0.06775813617074927,0.0018684078685870318,0.0,0.6295258144465347
37MEM,20200810,S2B_MSIL2A_20200810T071619_N0500_R006_T37MEM_20230420T143820.zip,,0.4946829307135676,0.0045513452178327215,0.0010352984893878918,0.0,0.4997161920497941
37MEM,20200815,S2A_MSIL2A_20200815T071621_N0500_R006_T37MEM_20230419T151922.zip,,0.48268748278871004,0.005943079153685621,0.0010211644951410247,0.0,0.5103321488648014
37MEN,20200629,S2A_MSIL2A_20200629T072621_N0500_R049_T37MEN_20230505T174251.zip,,0.09838852558551564,0.14431020467748945,0.06508077279106572,0.0,0.692177365038603
37MEN,20200803,S2B_MSIL2A_20200803T072619_N0500_R049_T37MEN_20230420T013858.zip,,0.09247052929485967,0.1736124299521236,0.04513813822780946,0.0,0.6887208403422683
37MEN,20201009,S2B_MSIL2A_20201009T071819_N0500_R006_T37MEN_20230308T153237.zip,,0.6939689649337594,0.0009856304391823517,0.0,0.0,0.3050454046270583
37MEN,20201019,S2B_MSIL2A_20201019T071929_N0500_R006_T37MEN_20230308T015138.zip,,0.6948345227786238,0.0002786984781072392,0.0,0.0,0.3048867787432689
37MEM,20201123,S2A_MSIL2A_20201123T072231_N0500_R006_T37MEM_20230304T023043.zip,,0.4818832054306389,0.015521547705548422,0.002134399023228191,0.0,0.500455771546876
37MEN,20190725,S2A_MSIL2A_20190725T072621_N0500_R049_T37MEN_20230710T170658.zip,,0.10194259474918796,0.010313469431090143,0.006300045454394644,0.0,0.8813446206216967
37MEN,20200101,S2A_MSIL2A_20200101T073311_N0500_R049_T37MEN_20230426T025126.zip,,0.3674260536627284,0.053468867057508106,0.02568465267202166,0.0,0.5533940166091021
37MEN,20200321,S2A_MSIL2A_20200321T072611_N0500_R049_T37MEN_20230408T192034.zip,,0.09161266883653339,0.13652672021658854,0.05578315931267647,0.0,0.71605343047966
37MEN,20201206,S2A_MSIL2A_20201206T073301_N0500_R049_T37MEN_20230226T094744.zip,,0.09434660137159465,0.10153124906685777,0.04503641328330032,0.0,0.7590641703245842
37MEP,20200331,S2A_MSIL2A_20200331T072611_N0500_R049_T37MEP_20230614T213752.zip,,3.317839025086181e-08,0.09769615893776065,0.017192842757655084,0.0,0.8850691271760877
37MEP,20200629,S2A_MSIL2A_20200629T072621_N0500_R049_T37MEP_20230505T174251.zip,,0.00013277991778394896,0.08681577035245404,0.026429407997982754,0.0,0.8865659702522553
37MEP,20200828,S2A_MSIL2A_20200828T072621_N0500_R049_T37MEP_20230318T033342.zip,,0.00026267331561607293,0.1359495821181748,0.01898835770286097,0.0,0.8447508468784112
37MEP,20201221,S2B_MSIL2A_20201221T073229_N0500_R049_T37MEP_20230302T030921.zip,,1.6622373515681768e-05,0.07256336243078158,0.004613123380479826,0.0,0.9227276949976941
37MEQ,20200121,S2A_MSIL2A_20200121T073221_N0500_R049_T37MEQ_20230602T034910.zip,,0.0,0.11804436614344345,0.005884021619039087,0.0,0.8760321963098995
37MEQ,20200828,S2A_MSIL2A_20200828T072621_N0500_R049_T37MEQ_20230318T033342.zip,,0.0,0.14672705133692324,0.030376043875103266,0.0,0.8228300171532278
37MEQ,20200912,S2B_MSIL2A_20200912T072619_N0500_R049_T37MEQ_20230421T033815.zip,,0.0,0.1252763925799848,0.02090630090809254,0.0,0.8537199279365364
37MEQ,20201206,S2A_MSIL2A_20201206T073301_N0500_R049_T37MEQ_20230226T094744.zip,,0.0,0.08688186170583376,0.021292663262563828,2.3224873175603266e-07,0.891771991466518
37MER,20200210,S2A_MSIL2A_20200210T073031_N0500_R049_T37MER_20230608T121041.zip,,0.0,0.13147995527552994,0.06222112733534394,0.0,0.8062316316136974
37MER,20200220,S2A_MSIL2A_20200220T072931_N0500_R049_T37MER_20230613T022355.zip,,0.7379432052315685,0.019067786769121537,0.016822903706357976,0.0,0.22615124037411952
37MER,20200530,S2A_MSIL2A_20200530T072621_N0500_R049_T37MER_20230509T080749.zip,,0.0,0.14458644795471814,0.04604526859565827,0.0,0.8093222318439554
44RLT,20201202,S2B_MSIL2A_20201202T052159_N0500_R062_T44RLT_20230225T132922.zip,,0.0,0.0,0.0,1.0948868782784398e-06,0.9437317394434657
44RMS,20190318,S2A_MSIL2A_20190318T051651_N0500_R062_T44RMS_20221110T162613.zip,,0.11554062527994267,5.07297586935677e-05,2.309215961459982e-05,0.0,0.8783993085623472
44RMS,20200317,S2B_MSIL2A_20200317T051649_N0500_R062_T44RMS_20230408T170737.zip,,0.6481083009014569,4.313190732612035e-07,1.5925627320413669e-06,0.0,0.35171688216031133
44RMS,20200411,S2A_MSIL2A_20200411T051651_N0500_R062_T44RMS_20230510T052147.zip,,0.12216771012704006,2.654271220068945e-07,0.0,0.0,0.8765995467831892
44RLS,20201127,S2A_MSIL2A_20201127T052151_N0500_R062_T44RLS_20230406T104630.zip,,0.0,0.0,0.0,0.0,1.0
44RLT,20200521,S2A_MSIL2A_20200521T051701_N0500_R062_T44RLT_20230502T074303.zip,,0.0,6.662220762373052e-05,2.2859910882843788e-05,0.0,0.9993048131890737
44RLT,20201018,S2A_MSIL2A_20201018T051831_N0500_R062_T44RLT_20230502T212048.zip,,0.0,0.0,0.0,0.0,0.9950733408316496
44RLT,20201028,S2A_MSIL2A_20201028T051931_N0500_R062_T44RLT_20230419T232118.zip,,0.0,0.0,0.0,0.0,0.982166515704991
37MER,20200629,S2A_MSIL2A_20200629T072621_N0500_R049_T37MER_20230505T174251.zip,,0.0,0.09308748146157445,0.026432128625983323,0.0,0.8803661567148086
44RLS,20200406,S2B_MSIL2A_20200406T051649_N0500_R062_T44RLS_20230411T014310.zip,,0.0,0.0,0.0,0.0,0.9997731261674646
44RLS,20200411,S2A_MSIL2A_20200411T051651_N0500_R062_T44RLS_20230510T052147.zip,,0.0,3.317839025086181e-07,0.0,0.0,0.9998942272918803
44RLS,20201023,S2B_MSIL2A_20201023T051859_N0500_R062_T44RLS_20230503T080532.zip,,0.0,0.0,0.0,0.0,0.9999042803441263
44RMS,20200413,S2B_MSIL2A_20200413T050649_N0500_R019_T44RMS_20230601T101452.zip,,0.38479182219037095,1.3271356100344723e-06,0.0,0.0,0.6147938792505665
44RMS,20201010,S2B_MSIL2A_20201010T050729_N0500_R019_T44RMS_20230415T004153.zip,,0.3772425771646411,1.725276293044814e-06,0.0,0.0,0.6222693023579882
44RMS,20201023,S2B_MSIL2A_20201023T051859_N0500_R062_T44RMS_20230503T080532.zip,,0.12733856224763687,3.317839025086181e-08,1.3603140002853342e-05,0.0,0.871770664330908
44RMS,20201028,S2A_MSIL2A_20201028T051931_N0500_R062_T44RMS_20230419T232118.zip,,0.13198167889290346,5.972110245155126e-07,2.418704649287826e-05,0.0,0.866739460054877
44RMS,20201030,S2B_MSIL2A_20201030T050939_N0500_R019_T44RMS_20230414T214638.zip,,0.37869857764240994,3.317839025086181e-07,0.0,0.0,0.6203997332457424
44RMS,20201117,S2A_MSIL2A_20201117T052111_N0500_R062_T44RMS_20230303T113134.zip,,0.13117932588146688,8.958165367732688e-07,0.0,0.0,0.8680426408671504
44RMT,20201013,S2B_MSIL2A_20201013T051749_N0500_R062_T44RMT_20230412T180003.zip,,0.0013102809877870345,0.0022116051373419466,0.0028251067514706322,0.00046900972458618255,0.9825277951964326
44RMT,20201018,S2A_MSIL2A_20201018T051831_N0500_R062_T44RMT_20230502T212048.zip,,0.0017642609015895768,9.807532158154751e-05,0.00019240148506474762,0.000405506285646033,0.9834180045852535
44RMT,20201109,S2B_MSIL2A_20201109T051029_N0500_R019_T44RMT_20230410T195928.zip,,0.5883321555004795,7.33242424544046e-06,0.0,0.002678690515293579,0.3780106568989486
44RMT,20201114,S2A_MSIL2A_20201114T051051_N0500_R019_T44RMT_20230409T120717.zip,,0.576286608206343,1.227600439281887e-06,0.0,0.0016850972624510203,0.390866553196572
44RMT,20201117,S2A_MSIL2A_20201117T052111_N0500_R062_T44RMT_20230303T113134.zip,,0.303205397460526,0.0015788932352580117,0.003800053748992206,0.0,0.6650595717996954
44RMT,20201122,S2B_MSIL2A_20201122T052119_N0500_R062_T44RMT_20230304T132456.zip,,0.0012260410549400965,0.00044535353233731806,3.108815166505752e-05,0.0036014810833407984,0.9139210885166273
44RMT,20201129,S2B_MSIL2A_20201129T051149_N0500_R019_T44RMT_20230412T221944.zip,,0.5874650050928829,0.001056167696855684,0.0,0.0039787193804930975,0.35327646557244335
44RMU,20200516,S2B_MSIL2A_20200516T051649_N0500_R062_T44RMU_20230428T210934.zip,,0.0,0.022564689566391617,0.003163858115931931,0.5025113718932585,0.4619987989422729
44RMU,20200928,S2A_MSIL2A_20200928T051701_N0500_R062_T44RMU_20230427T063031.zip,,3.317839025086181e-08,0.0234821052352182,0.01005736543674374,0.12782485791354375,0.7804145308077942
44RMU,20201013,S2B_MSIL2A_20201013T051749_N0500_R062_T44RMU_20230412T180003.zip,,0.0,0.004557881360712141,0.001357228409992004,0.06880282414457815,0.832929784572712
44RMU,20201207,S2A_MSIL2A_20201207T052211_N0500_R062_T44RMU_20230301T181152.zip,,1.9907034150517086e-07,0.021178496421710612,0.0012886818557337235,0.3547176684881603,0.45116874197497686
44RNS,20200309,S2A_MSIL2A_20200309T050651_N0500_R019_T44RNS_20230620T173413.zip,,0.0,0.0019908693070029627,0.00021151223784924403,0.0007868587031894386,0.9871375343811069
44RNS,20200413,S2B_MSIL2A_20200413T050649_N0500_R019_T44RNS_20230601T101452.zip,,0.0,0.0003183134760667682,0.00014362925139598076,2.6476355420187722e-05,0.9955610963467274
44RNS,20201025,S2A_MSIL2A_20201025T050911_N0500_R019_T44RNS_20230413T023403.zip,,0.0,3.5500877568422135e-06,0.0,0.0,0.9932353575469225
44RNS,20201030,S2B_MSIL2A_20201030T050939_N0500_R019_T44RNS_20230414T214638.zip,,0.0,9.289949270241306e-07,0.0,0.0,0.9916571942362501
44RNT,20200213,S2B_MSIL2A_20200213T050919_N0500_R019_T44RNT_20230701T122730.zip,,0.0,0.00016380171266850476,0.0,0.1892221658189588,0.6816794901144986
44RNT,20201005,S2A_MSIL2A_20201005T050701_N0500_R019_T44RNT_20230416T170447.zip,,0.0,0.0093436319056672,0.002331744088440317,0.005985116174133463,0.9699282019634972
44RNT,20201015,S2A_MSIL2A_20201015T050801_N0500_R019_T44RNT_20230412T165401.zip,,0.0,0.006192414756420848,0.00450894323509212,0.004844973971552848,0.9593126101107826
44RNT,20201114,S2A_MSIL2A_20201114T051051_N0500_R019_T44RNT_20230409T120717.zip,,0.0,0.0,0.0,0.014309972428757702,0.8879280758856142
44RNU,20200602,S2B_MSIL2A_20200602T050659_N0500_R019_T44RNU_20230617T195149.zip,,0.0,0.1491392530217219,0.006464444378087664,0.33231283240599735,0.5102697734911298
44RNU,20200905,S2A_MSIL2A_20200905T050701_N0500_R019_T44RNU_20230310T031624.zip,,0.2534978317921971,0.22527655847193606,0.027558966294073343,0.03582722021492961,0.4462816646261957
44RNU,20200930,S2B_MSIL2A_20200930T050659_N0500_R019_T44RNU_20230503T003341.zip,,0.0,0.19711955169359094,0.007196591915753432,0.03086005023208284,0.7246833952110312
44RPR,20200405,S2A_MSIL2A_20200405T045651_N0500_R119_T44RPR_20230424T020522.zip,,0.6165908208665531,6.857973264853136e-05,0.00027315768693534525,0.0,0.3828370177935707
44RPR,20201020,S2B_MSIL2A_20201020T050839_N0500_R019_T44RPR_20230412T162259.zip,,0.0017697685143712198,0.000607927644566541,0.00110606799579298,0.0,0.9956684947959695
44RPR,20201109,S2B_MSIL2A_20201109T051029_N0500_R019_T44RPR_20230410T195928.zip,,0.0014202341730783906,0.0,0.0,0.0,0.997246923533764
44RPR,20201114,S2A_MSIL2A_20201114T051051_N0500_R019_T44RPR_20230409T120717.zip,,0.00231223519497281,2.587914439567221e-06,0.0,0.0,0.9956994170556833
44RPR,20201129,S2B_MSIL2A_20201129T051149_N0500_R019_T44RPR_20230412T221944.zip,,0.001412669500101194,9.953517075258543e-08,0.0,0.0,0.9931136592114824
44RPS,20200213,S2B_MSIL2A_20200213T050919_N0500_R019_T44RPS_20230701T122730.zip,,0.0,3.317839025086181e-08,0.0,0.08903503969794394,0.8333962727396392
44RPS,20200329,S2A_MSIL2A_20200329T050651_N0500_R019_T44RPS_20230614T202606.zip,,0.0,0.00014435917598149974,0.0,0.09577987465204163,0.8804306223270659
44RPS,20201015,S2A_MSIL2A_20201015T050801_N0500_R019_T44RPS_20230412T165401.zip,,0.0,0.017228045029711248,0.011479258529334674,0.0032646872439043005,0.9539995885879609
44RPT,20201209,S2B_MSIL2A_20201209T051209_N0500_R019_T44RPT_20230325T111636.zip,,0.0,0.0004440263967272836,0.0006020550694921384,0.09965252271890272,0.7240847906941251
44RPU,20200612,S2B_MSIL2A_20200612T050659_N0500_R019_T44RPU_20230616T222108.zip,,0.0,0.2811371229690678,0.030847342908616758,0.19244206223602442,0.4937614341027402
44RPU,20200831,S2B_MSIL2A_20200831T050659_N0500_R019_T44RPU_20230318T194341.zip,,0.0,0.002323283598926347,0.00015580572061804705,0.0576186873965249,0.9274772479188854
44RPU,20200905,S2A_MSIL2A_20200905T050701_N0500_R019_T44RPU_20230419T143422.zip,,0.3755720783939005,0.059776178579367685,0.0025593146671709782,0.008168851463664686,0.5490155639828667
44RPS,20201109,S2B_MSIL2A_20201109T051029_N0500_R019_T44RPS_20230410T195928.zip,,0.0,0.00017498283018304518,3.251482244584457e-06,0.015256618259395291,0.9371135132265652
44RPT,20200413,S2B_MSIL2A_20200413T050649_N0500_R019_T44RPT_20230601T101452.zip,,0.0,0.0018610754443415915,0.0001397805581268808,0.5321372523647898,0.4263885653995839
44RPT,20200602,S2B_MSIL2A_20200602T050659_N0500_R019_T44RPT_20230617T195149.zip,,0.0,0.08186333157487866,0.004719294229282584,0.3028486302301585,0.5991505668527974
44RPT,20201129,S2B_MSIL2A_20201129T051149_N0500_R019_T44RPT_20230412T221944.zip,,0.0,0.011032080185533559,0.0013222583866675957,0.1729888089289684,0.6388960554211831
44RQR,20200210,S2B_MSIL2A_20200210T045939_N0500_R119_T44RQR_20230616T122206.zip,,0.0,4.644974635120653e-07,0.0,0.0,0.9816670482181545
44RQR,20200331,S2B_MSIL2A_20200331T045659_N0500_R119_T44RQR_20230615T094800.zip,,0.0,0.0002180483807286638,0.00036015142617310496,0.0,0.9971619204979413
44RQR,20201111,S2A_MSIL2A_20201111T050041_N0500_R119_T44RQR_20230404T042138.zip,,0.0,1.2076934051313699e-05,0.0,0.0,0.9919781288051467
44RQR,20201201,S2A_MSIL2A_20201201T050151_N0500_R119_T44RQR_20230302T202015.zip,,0.0,0.0005500977103592888,8.205015909038125e-05,0.0,0.9736020782943653
45RTN,20200818,S2B_MSIL2A_20200818T045659_N0500_R119_T45RTN_20230324T020339.zip,,0.0,0.09178934376461922,0.009902289640711211,0.025907710989678204,0.8437635575197162
45RTN,20200912,S2A_MSIL2A_20200912T045701_N0500_R119_T45RTN_20230504T102328.zip,,0.0,0.08298512612765054,0.0028091811241502183,0.032701915388469185,0.8600222626998584
45RTN,20201002,S2A_MSIL2A_20201002T045701_N0500_R119_T45RTN_20230412T042337.zip,,0.0,0.07571856098685804,0.016905152935789862,0.02640890375280772,0.846014545406286
45RTN,20201101,S2A_MSIL2A_20201101T045941_N0500_R119_T45RTN_20230410T143100.zip,,0.0,0.007411786954920521,0.0007981061774844808,0.029009226910328766,0.9528356574795704
45RTL,20200210,S2B_MSIL2A_20200210T045939_N0500_R119_T45RTL_20230616T122206.zip,,3.317839025086181e-08,2.0238818053025705e-06,0.0,0.0,0.9678164306024201
45RTL,20200405,S2A_MSIL2A_20200405T045651_N0500_R119_T45RTL_20230424T020522.zip,,0.0,0.00015218927608070311,0.00013954830939512475,0.0,0.9911981048503489
45RTL,20200410,S2B_MSIL2A_20200410T045659_N0500_R119_T45RTL_20230429T173250.zip,,0.0,0.0003344049953384362,0.0,0.0,0.9926024465744971
45RTL,20201111,S2A_MSIL2A_20201111T050041_N0500_R119_T45RTL_20230404T042138.zip,,0.0,0.0016080570402885192,5.7863112597502995e-05,0.0,0.9845942780548174
45RTK,20200210,S2B_MSIL2A_20200210T045939_N0500_R119_T45RTK_20230616T122206.zip,,0.0,3.749158098347384e-06,0.0,0.0,0.9999962508419017
45RTK,20200331,S2B_MSIL2A_20200331T045659_N0500_R119_T45RTK_20230615T094800.zip,,0.0,2.090238585804294e-06,0.0,0.0,0.9997662250622924
45RTK,20200405,S2A_MSIL2A_20200405T045651_N0500_R119_T45RTK_20230424T020522.zip,,0.0,4.313190732612035e-07,0.0,0.0,0.9997912415685416
45RTK,20201027,S2B_MSIL2A_20201027T045909_N0500_R119_T45RTK_20230413T035009.zip,,0.0,6.227583850086761e-05,4.379547513113759e-05,0.0,0.9996708371903212
45RTM,20201022,S2A_MSIL2A_20201022T045851_N0500_R119_T45RTM_20230412T134656.zip,,0.0,0.01566972239640877,0.00445967332556959,0.10838607038463707,0.7898054750979592
45RTM,20201101,S2A_MSIL2A_20201101T045941_N0500_R119_T45RTM_20230410T143100.zip,,0.0,0.1409140978298015,0.014643747034681371,0.06847313048065534,0.6874312294916075
45RTM,20201201,S2A_MSIL2A_20201201T050151_N0500_R119_T45RTM_20230302T202015.zip,,3.317839025086181e-08,0.018941542994217006,0.0044970321929920605,0.1120307497320845,0.7326975026625658
45RTM,20201221,S2A_MSIL2A_20201221T050221_N0500_R119_T45RTM_20230327T205443.zip,,3.317839025086181e-08,0.07014094180178566,0.004124272978523628,0.08450526043377428,0.6811789609191741
45RUK,20190319,S2A_MSIL2A_20190319T044701_N0500_R076_T45RUK_20221122T122108.zip,,0.030597343738076516,1.3271356100344724e-07,0.0,0.0,0.9689053785488436
45RUK,20200402,S2A_MSIL2A_20200402T044701_N0500_R076_T45RUK_20230531T182727.zip,,0.028317391116817796,0.0,0.0,0.0,0.971488813905727
45RUK,20200405,S2A_MSIL2A_20200405T045651_N0500_R119_T45RUK_20230424T020522.zip,,0.5365336213217607,2.3224873175603266e-07,0.0,0.0,0.4633311435595768
45RUK,20200412,S2A_MSIL2A_20200412T044701_N0500_R076_T45RUK_20230406T053448.zip,,0.027564805690757494,0.00013689403817505582,0.00010700030855902933,0.0,0.9721245450413237
45RUK,20201027,S2B_MSIL2A_20201027T045909_N0500_R119_T45RUK_20230413T035009.zip,,0.5458277510691736,0.0,1.5162524344643847e-05,0.0,0.45408571968905215
45RUK,20201029,S2A_MSIL2A_20201029T044921_N0500_R076_T45RUK_20230308T081011.zip,,0.023200122096476122,1.3271356100344724e-07,0.0,0.0,0.9763345178018653
45RUK,20201108,S2A_MSIL2A_20201108T045021_N0500_R076_T45RUK_20230409T045512.zip,,0.022738677044867137,2.654271220068945e-07,0.0,0.0,0.9771733670425778
45RUK,20201111,S2A_MSIL2A_20201111T050041_N0500_R119_T45RUK_20230404T042138.zip,,0.5510723255729079,4.976758537629271e-07,0.0,0.0,0.4489271767512384
45RUM,20200927,S2B_MSIL2A_20200927T045659_N0500_R119_T45RUM_20230315T151255.zip,,0.08806400775047196,0.23936546328645228,0.006857807372901882,0.07548448744363821,0.5479934041360182
45RUM,20200929,S2A_MSIL2A_20200929T044711_N0500_R076_T45RUM_20231109T230024.zip,,0.42520064631504206,0.06965620552022057,0.002395147992209714,0.05745359172663661,0.4313559344527722
45RUM,20201002,S2A_MSIL2A_20201002T045701_N0500_R119_T45RUM_20230412T042337.zip,,0.0923213592522918,0.3189530227172438,0.016131034734456755,0.054184159972926436,0.4727477015670154
45RUM,20201101,S2A_MSIL2A_20201101T045941_N0500_R119_T45RUM_20230410T143100.zip,,0.09428774290728963,0.010006071645415908,0.0038470675279776777,0.06340645850544624,0.7476188532884761
45RUK,20201113,S2B_MSIL2A_20201113T045039_N0500_R076_T45RUK_20231117T055131.zip,,0.02987491746875425,1.4266707807870579e-06,0.0,0.0,0.9700292633402012
45RUL,20190324,S2B_MSIL2A_20190324T044659_N0500_R076_T45RUL_20221111T111130.zip,,0.21923467407208336,0.0006528511849662078,0.00047707207341714193,0.010718610754443416,0.756374033264654
45RUL,20200128,S2B_MSIL2A_20200128T045039_N0500_R076_T45RUL_20230630T200452.zip,,0.2224685385914446,0.0010051061542596077,0.00028968052528027447,0.0166909532483303,0.706710495320188
45RUL,20201029,S2A_MSIL2A_20201029T044921_N0500_R076_T45RUL_20230308T081011.zip,,0.2034378784410138,1.227600439281887e-06,0.0,4.5753000155938434e-05,0.7898591245549949
45RUM,20201221,S2A_MSIL2A_20201221T050221_N0500_R119_T45RUM_20230327T205443.zip,,0.08834788205745833,0.01874343482602911,0.0008828437861851819,0.07198824821417314,0.7139592436654159
45RVK,20200407,S2B_MSIL2A_20200407T044659_N0500_R076_T45RVK_20230411T051939.zip,,0.0,4.273376664311001e-05,5.580605240194956e-05,0.0,0.9981197806244837
45RVK,20201108,S2A_MSIL2A_20201108T045021_N0500_R076_T45RVK_20230409T045512.zip,,0.0,6.303894147663744e-07,0.0,0.0,0.9979434374803003
45RVK,20201113,S2B_MSIL2A_20201113T045039_N0500_R076_T45RVK_20231117T055131.zip,,0.0,1.1944220490310251e-06,0.0,0.0,0.9971108589553452
45RUL,20201226,S2B_MSIL2A_20201226T050219_N0500_R119_T45RUL_20230402T190909.zip,,0.3078239289186167,0.00027554653103340735,0.00022070265194873274,0.0,0.6362552878059462
45RUM,20191222,S2B_MSIL2A_20191222T050219_N0500_R119_T45RUM_20230705T062454.zip,,0.09493896835113354,0.024294577655681302,0.007764904562360443,0.40503511932608055,0.3574436382095614
45RUM,20200212,S2A_MSIL2A_20200212T044921_N0500_R076_T45RUM_20230413T041200.zip,,0.8443966675624832,0.0017936569553518402,0.0012357955016738499,0.07635731135596763,0.06291475476192845
45RUM,20200326,S2A_MSIL2A_20200326T045651_N0500_R119_T45RUM_20230602T060004.zip,,0.08522718902724277,0.008049376080371333,0.0016350974283429716,0.47563976231001226,0.3976947986237604
45RUL,20201108,S2A_MSIL2A_20201108T045021_N0500_R076_T45RUL_20230409T045512.zip,,0.20204448558564836,9.671500758126217e-05,9.143964353137515e-05,0.00031068244630907,0.7846964343183997
45RUL,20201111,S2A_MSIL2A_20201111T050041_N0500_R119_T45RUL_20230404T042138.zip,,0.3199952223118039,9.953517075258543e-08,3.616444537343937e-06,0.0,0.6717844001844718
45RUL,20201118,S2A_MSIL2A_20201118T045101_N0500_R076_T45RUL_20230404T083228.zip,,0.20391644354199223,0.0007344700249833279,7.607804884522612e-05,0.00021844652141167416,0.7745041323685058
45RUL,20201218,S2A_MSIL2A_20201218T045211_N0500_R076_T45RUL_20230307T024740.zip,,0.21298200735896697,0.0016530801158589387,0.0012733534394378254,3.487048815365576e-05,0.7167342842259979
45RVK,20201128,S2A_MSIL2A_20201128T045131_N0500_R076_T45RVK_20230406T133246.zip,,0.0,0.0002186455917531793,0.0,0.0,0.991521892760807
45RVL,20200212,S2A_MSIL2A_20200212T044921_N0500_R076_T45RVL_20230414T005824.zip,,0.8231361209816822,0.007409331754041957,0.0007279338821039081,0.10288970507728906,0.04376412155235052
45RVL,20201029,S2A_MSIL2A_20201029T044921_N0500_R076_T45RVL_20230308T081011.zip,,0.0,0.00011489676543873444,6.851337586802964e-05,0.0530029761016055,0.9100430323721553
45RVL,20201108,S2A_MSIL2A_20201108T045021_N0500_R076_T45RVL_20230409T045512.zip,,0.0,0.006043443784194478,0.0002216316468757569,0.06038765631169107,0.8811722257059532
45RVL,20201213,S2B_MSIL2A_20201213T045209_N0500_R076_T45RVL_20230227T142112.zip,,0.6829586829506206,0.0004324471385297328,0.00035464381339146185,0.055347195264780144,0.20627821407360958
45RWK,20190202,S2B_MSIL2A_20190202T045019_N0500_R076_T45RWK_20221209T121201.zip,,0.08436309103154933,1.3603140002853342e-06,1.227600439281887e-06,1.712004936944469e-05,0.9003748494530542
45RWK,20201029,S2A_MSIL2A_20201029T044921_N0500_R076_T45RWK_20230308T081011.zip,,0.09096605518893434,0.009104448890348739,0.0,0.0,0.8978409162544252
45RWK,20201108,S2A_MSIL2A_20201108T045021_N0500_R076_T45RWK_20230409T045512.zip,,0.09223134627954122,1.6589195125430904e-07,0.0,0.0,0.9059442735757347
48SWB,20200809,S2A_MSIL2A_20200809T033541_N0500_R061_T48SWB_20230418T151351.zip,,0.0,0.006142348565532298,0.0044975298688458235,0.0,0.9880520967083719
48SWB,20201107,S2A_MSIL2A_20201107T033941_N0500_R061_T48SWB_20230407T213344.zip,,0.0,0.0017123367208469779,1.227600439281887e-06,9.289949270241306e-07,0.8430964064485519
48SWC,20200221,S2A_MSIL2A_20200221T033751_N0500_R061_T48SWC_20230621T105858.zip,,0.0,2.3224873175603266e-07,0.0,0.0009633345609337726,0.8858112282308287
48SWC,20200501,S2A_MSIL2A_20200501T033541_N0500_R061_T48SWC_20230419T231709.zip,,0.0,0.02246887037534713,0.012955995501010282,0.0,0.9639018782286721
45RWK,20201130,S2B_MSIL2A_20201130T044139_N0500_R033_T45RWK_20230402T012112.zip,,0.46298505977087,1.9907034150517086e-07,0.0,0.0,0.5324562625870518
45RWK,20201223,S2B_MSIL2A_20201223T045219_N0500_R076_T45RWK_20230402T215158.zip,,0.08049339584142057,0.001747870776805651,0.0,0.0,0.8953516079906835
45RXK,20200125,S2B_MSIL2A_20200125T044049_N0500_R033_T45RXK_20230630T125939.zip,,0.0,0.0006619088855046931,0.000996877913477394,0.00021220898404451213,0.9859959323293552
45RXK,20201110,S2B_MSIL2A_20201110T044019_N0500_R033_T45RXK_20230302T163550.zip,,0.0,6.303894147663744e-07,0.0,0.0,0.9987773099624753
45RXK,20201115,S2A_MSIL2A_20201115T044051_N0500_R033_T45RXK_20230403T212052.zip,,0.0,1.9907034150517085e-06,0.0,0.0,0.9981756198552758
45RXK,20201130,S2B_MSIL2A_20201130T044139_N0500_R033_T45RXK_20230402T012112.zip,,0.0,2.654271220068945e-07,0.0,0.0,0.9941829655508774
48SWB,20200216,S2B_MSIL2A_20200216T033829_N0500_R061_T48SWB_20230429T081943.zip,,0.0,0.004962558186601902,0.006716633322384464,0.0005178483150354511,0.8306830103417042
48SWB,20200426,S2B_MSIL2A_20200426T033529_N0500_R061_T48SWB_20230511T003347.zip,,0.0,0.002886918092507988,0.0007971771825574567,0.0,0.9942299461514726
45RWK,20201110,S2B_MSIL2A_20201110T044019_N0500_R033_T45RWK_20230302T163550.zip,,0.46436697290320866,0.0,0.0,0.0,0.5347866131831016
45RWK,20201113,S2B_MSIL2A_20201113T045039_N0500_R076_T45RWK_20231117T055131.zip,,0.08267066134485287,2.654271220068945e-07,5.209007269385304e-06,0.0,0.914639865163022
45RWK,20201115,S2A_MSIL2A_20201115T044051_N0500_R033_T45RWK_20230403T212052.zip,,0.45216256747655115,0.0,0.0,0.0,0.5464235354229083
45RWK,20201128,S2A_MSIL2A_20201128T045131_N0500_R076_T45RWK_20230406T133246.zip,,0.08728109727572238,0.0014029150533674407,1.4598491710379195e-06,0.0,0.9030814429945488
48SWC,20200516,S2B_MSIL2A_20200516T033539_N0500_R061_T48SWC_20230420T200148.zip,,0.0,0.0006917694367304687,0.0006448551929157502,0.0,0.9983571720067286
48SWC,20201107,S2A_MSIL2A_20201107T033941_N0500_R061_T48SWC_20230407T213344.zip,,0.0,0.008135540359852821,7.962813660206834e-07,2.3888440980620502e-06,0.8749872429089486
48SXB,20190328,S2A_MSIL2A_20190328T033701_N0500_R061_T48SXB_20221117T070335.zip,,0.9212180782412799,3.317839025086181e-08,0.0,0.0,0.057962481876304324
48SXB,20200107,S2B_MSIL2A_20200107T034129_N0500_R061_T48SXB_20230428T041247.zip,,3.317839025086181e-08,0.0004900116456149781,0.0006292945278880959,0.016100278366694205,0.6809986031897705
48SXB,20200216,S2B_MSIL2A_20200216T033829_N0500_R061_T48SXB_20230429T081943.zip,,0.0,0.006233788209063672,0.003845806749148145,0.0004886513316146927,0.881058987860027
48SXB,20200426,S2B_MSIL2A_20200426T033529_N0500_R061_T48SXB_20230511T003347.zip,,0.0,0.007525821082212733,0.00470144425532762,3.317839025086181e-08,0.9853443751016088
48SXB,20201102,S2B_MSIL2A_20201102T033919_N0500_R061_T48SXB_20230302T114909.zip,,0.0,0.002017246127252398,0.004933162132839639,0.0,0.904851742363164
48SXC,20200516,S2B_MSIL2A_20200516T033539_N0500_R061_T48SXC_20230420T200148.zip,,0.0,0.005954392984761165,0.00598883215384156,0.0,0.9878115865574434
48SXC,20200605,S2B_MSIL2A_20200605T033539_N0500_R061_T48SXC_20230616T192439.zip,,0.0,0.0029510850992531543,0.0024843315052040303,0.0,0.9942161439411282
48SXC,20200630,S2A_MSIL2A_20200630T033541_N0500_R061_T48SXC_20230502T115047.zip,,0.0,0.00466717097819848,0.002285360698869612,0.0,0.9927440187656975
48SXC,20201107,S2A_MSIL2A_20201107T033941_N0500_R061_T48SXC_20230407T213344.zip,,0.0,0.003928686367994798,0.0016202335095105856,2.3888440980620502e-06,0.8269917153559544
48SXD,20200809,S2A_MSIL2A_20200809T033541_N0500_R061_T48SXD_20230418T151351.zip,,0.0,0.008760621232179057,0.007660857130533741,0.0,0.9833185025928912
48SXD,20200824,S2B_MSIL2A_20200824T033539_N0500_R061_T48SXD_20230505T180806.zip,,0.04832767641779556,0.0017187733285556452,0.0006156913878852426,0.0,0.948747648481591
48SXD,20201023,S2B_MSIL2A_20201023T033819_N0500_R061_T48SXD_20230313T223529.zip,,0.0,0.0014824768331890073,0.0016675458940083145,0.0,0.9708765398920375
48SXD,20201107,S2A_MSIL2A_20201107T033941_N0500_R061_T48SXD_20230407T213344.zip,,0.0,0.006095235251376074,0.003678454948722798,1.8579898540482613e-06,0.9151516086542513
48SXE,20200501,S2A_MSIL2A_20200501T033541_N0500_R061_T48SXE_20230419T231709.zip,,0.0,0.007952959678302328,0.006948284843115981,0.0,0.984301279690512
48SXE,20200824,S2B_MSIL2A_20200824T033539_N0500_R061_T48SXE_20230505T180806.zip,,0.9358079103918037,1.1214295904791292e-05,1.2873215417334382e-05,0.0,0.06413246804091559
48SXE,20201107,S2A_MSIL2A_20201107T033941_N0500_R061_T48SXE_20230407T213344.zip,,0.0,1.1247474295042153e-05,0.0,0.0,0.9748659758925816
48SXG,20200511,S2A_MSIL2A_20200511T033541_N0500_R061_T48SXG_20230510T113538.zip,,0.0,0.0001823484328187365,4.230244756984881e-05,0.0,0.9997288993732603
48SXG,20200824,S2B_MSIL2A_20200824T033539_N0500_R061_T48SXG_20230317T232059.zip,,0.0,0.00098055414547397,0.0008088227975355092,0.0,0.9977726683056791
48SXG,20201023,S2B_MSIL2A_20201023T033819_N0500_R061_T48SXG_20230313T223529.zip,,0.005571182577363712,8.274690528564935e-05,0.0,2.325805156585413e-05,0.9931632940832976
48SXG,20201102,S2B_MSIL2A_20201102T033919_N0500_R061_T48SXG_20230306T071306.zip,,0.0,0.00021645581799662245,9.681454275201476e-05,2.9396053762263563e-05,0.996352998165235
48SYF,20191103,S2A_MSIL2A_20191103T033911_N0500_R061_T48SYF_20230703T005709.zip,,0.0020497277713079918,9.953517075258543e-08,0.0,0.0,0.9707826450476276
48SYF,20200428,S2A_MSIL2A_20200428T032541_N0500_R018_T48SYF_20230531T034347.zip,,0.3889863338210557,6.303894147663744e-07,0.0,0.0,0.6107595860664032
48SYG,20200918,S2A_MSIL2A_20200918T033541_N0500_R061_T48SYG_20230503T210141.zip,,0.06384514318134313,0.0008165201840737091,0.0006511590870634139,1.1678793368303356e-05,0.9327985972176602
48SYG,20201023,S2B_MSIL2A_20201023T033819_N0500_R061_T48SYG_20230411T175143.zip,,0.6719981685528581,0.0002092892857024363,0.0008944894011632344,2.3523478687861022e-05,0.3268661683272451
49SBC,20200117,S2B_MSIL2A_20200117T034059_N0500_R061_T49SBC_20230630T232953.zip,,0.0,0.00016118061983868667,0.0,0.9980931715555025,0.0017456478246588433
49SBC,20200511,S2A_MSIL2A_20200511T033541_N0500_R061_T49SBC_20230510T113538.zip,,0.0,0.00025029777605250147,5.955521050029694e-05,8.4273111237189e-06,0.999664997793637
48SYF,20200503,S2B_MSIL2A_20200503T032539_N0500_R018_T48SYF_20230509T141908.zip,,0.4041401654274538,1.5925627320413669e-06,0.0,0.0,0.5956642811404076
48SYF,20200824,S2B_MSIL2A_20200824T033539_N0500_R061_T48SYF_20230317T232059.zip,,0.0013018536766633156,0.0011363598660920169,0.000793029883776099,0.0,0.9953411236193642
48SYF,20200918,S2A_MSIL2A_20200918T033541_N0500_R061_T48SYF_20230503T210141.zip,,0.9477050839247382,9.953517075258542e-07,0.0,0.0,0.05211867246624928
48SYF,20201102,S2B_MSIL2A_20201102T033919_N0500_R061_T48SYF_20230306T071306.zip,,0.0014708975749914567,0.00039668083383930376,0.0,0.0,0.9709895786676223
48SYF,20201107,S2A_MSIL2A_20201107T033941_N0500_R061_T48SYF_20230407T213344.zip,,0.0024797528873494114,9.621733172749924e-07,0.0,0.0,0.9586177219053686
48SYF,20201109,S2B_MSIL2A_20201109T032949_N0500_R018_T48SYF_20230314T222809.zip,,0.39778358399607167,7.962813660206834e-07,0.0,0.0,0.5710137988925054
48SYG,20200511,S2A_MSIL2A_20200511T033541_N0500_R061_T48SYG_20230510T113538.zip,,0.0,0.00011871228031758356,0.0,0.0,0.9995911095185483
48SYG,20200824,S2B_MSIL2A_20200824T033539_N0500_R061_T48SYG_20230317T232059.zip,,0.0,0.0005393147335277587,0.0005200712671822588,0.0,0.9969477871672622
49SBC,20200620,S2A_MSIL2A_20200620T033541_N0500_R061_T49SBC_20230622T120735.zip,,0.0,0.00038374126164146766,5.0198904449553916e-05,0.0,0.9995466836540025
49SBC,20200918,S2A_MSIL2A_20200918T033541_N0500_R061_T49SBC_20230503T210141.zip,,0.0,0.0005500645319690379,0.0005444573840166423,1.154607980729991e-05,0.9988496388532221
49SBR,20200319,S2A_MSIL2A_20200319T032531_N0500_R018_T49SBR_20230628T105144.zip,,0.0,0.0001662900919373194,0.00026380138088460226,2.1897737565568796e-06,0.7195493047468323
49SBR,20200428,S2A_MSIL2A_20200428T032541_N0500_R018_T49SBR_20230531T034347.zip,,0.0,0.0115996297291648,0.011398867289756835,2.654271220068945e-07,0.9738209561348502
49SBR,20200826,S2A_MSIL2A_20200826T032541_N0500_R018_T49SBR_20230418T063839.zip,,0.0,0.0005637008503621421,0.0005612124710933275,0.0,0.9967859098012283
49SBR,20201114,S2A_MSIL2A_20201114T033011_N0500_R018_T49SBR_20230313T033106.zip,,0.6082672585691488,0.00764005427984645,0.01523272981841467,0.0,0.31061054873739635
49SBS,20200319,S2A_MSIL2A_20200319T032531_N0500_R018_T49SBS_20230628T105144.zip,,0.0,0.000280191505668528,0.0,6.303894147663744e-07,0.7579153685621481
49SBS,20200503,S2B_MSIL2A_20200503T032539_N0500_R018_T49SBS_20230509T141908.zip,,0.0,0.0035176724695671216,0.003865979210420669,0.0,0.9909445555920517
49SBV,20200503,S2B_MSIL2A_20200503T032539_N0500_R018_T49SBV_20230509T141908.zip,,0.0,3.317839025086181e-07,0.0,0.0,0.9996415406717297
49SBV,20200826,S2A_MSIL2A_20200826T032541_N0500_R018_T49SBV_20230418T063839.zip,,0.0,1.0948868782784398e-06,1.410081585661627e-05,0.0,0.9995727286903494
49SBV,20201114,S2A_MSIL2A_20201114T033011_N0500_R018_T49SBV_20230303T043154.zip,,0.0,1.1645614978052496e-05,0.0,0.0,0.9207179803650286
49SCA,20200428,S2A_MSIL2A_20200428T032541_N0500_R018_T49SCA_20230531T034347.zip,,0.0,2.786984781072392e-06,0.0,0.0,0.9983739934505858
49SBS,20200826,S2A_MSIL2A_20200826T032541_N0500_R018_T49SBS_20230418T063839.zip,,0.0,0.0006547091748202561,0.0004988702758119581,0.0,0.9963387314574271
49SBS,20201114,S2A_MSIL2A_20201114T033011_N0500_R018_T49SBS_20230303T043154.zip,,0.0,0.004355924499255145,0.01263867737665104,0.0,0.7977285078682552
49SBT,20200304,S2B_MSIL2A_20200304T032629_N0500_R018_T49SBT_20230608T235845.zip,,0.0,0.00018002594550117618,0.0007424328386435347,0.005276890255838568,0.6854692253841228
49SBT,20200503,S2B_MSIL2A_20200503T032539_N0500_R018_T49SBT_20230509T141908.zip,,0.0,0.005453133864851145,0.0023215915010235534,0.00017491647340254346,0.989865892946606
49SBU,20200503,S2B_MSIL2A_20200503T032539_N0500_R018_T49SBU_20230509T141908.zip,,0.0,1.247507473432404e-05,0.0,0.0,0.9989888222003245
49SBU,20200826,S2A_MSIL2A_20200826T032541_N0500_R018_T49SBU_20230418T063839.zip,,0.0,9.100832445811395e-05,5.865939396352368e-05,0.0,0.9990876606248819
49SBU,20201109,S2B_MSIL2A_20201109T032949_N0500_R018_T49SBU_20230314T222809.zip,,0.0,0.0028283914121054674,0.0013952508452194916,5.275364049887028e-06,0.972116914011566
49SBV,20200428,S2A_MSIL2A_20200428T032541_N0500_R018_T49SBV_20230531T034347.zip,,0.0,9.157235709237859e-05,7.292610177139425e-05,0.0,0.99939160785797
49SBT,20200826,S2A_MSIL2A_20200826T032541_N0500_R018_T49SBT_20230418T063839.SAFE,,0.0,0.009304348691610181,0.005820352288147684,0.0,0.9837126950474617
49SBT,20200826,S2A_MSIL2A_20200826T032541_N0500_R018_T49SBT_20230418T063839.zip,,0.0,0.009304348691610181,0.005820352288147684,0.0,0.9837126950474617
49SBT,20201109,S2B_MSIL2A_20201109T032949_N0500_R018_T49SBT_20230314T222809.zip,,0.0,0.012357689589616491,0.05306787303293619,7.46181996741882e-05,0.7669782117511222
49SBU,20200319,S2A_MSIL2A_20200319T032531_N0500_R018_T49SBU_20230628T105144.zip,,0.0,0.0001241535363187249,0.0,0.0,0.9738109030826042
49SCA,20200503,S2B_MSIL2A_20200503T032539_N0500_R018_T49SCA_20230509T141908.zip,,0.0,1.0749798441279227e-05,0.0,0.0,0.9990531882774112
49SCA,20200915,S2A_MSIL2A_20200915T032541_N0500_R018_T49SCA_20230314T182619.zip,,0.0,0.0023827724526461424,0.0020795883225337673,0.0,0.9929516823102776
49SCA,20201114,S2A_MSIL2A_20201114T033011_N0500_R018_T49SCA_20230303T043154.zip,,0.0,0.0004972445346896659,0.005699649304415048,0.0,0.8945059903583598
49SCB,20200223,S2B_MSIL2A_20200223T032739_N0500_R018_T49SCB_20230428T071529.zip,,0.0,0.00015852634861861773,0.0,0.0008394796301273054,0.954675565110932
49SCD,20200602,S2B_MSIL2A_20200602T032539_N0500_R018_T49SCD_20230329T175708.zip,,0.0,0.0002755797094236582,1.68546222474378e-05,0.0,0.9996412420662174
49SCD,20200915,S2A_MSIL2A_20200915T032541_N0500_R018_T49SCD_20230421T042155.zip,,0.0,0.0009170175281435696,0.0006767064475565774,4.250151791135398e-05,0.9982431378794364
49SCD,20201005,S2A_MSIL2A_20201005T032611_N0500_R018_T49SCD_20230307T143952.zip,,0.0,0.0006996990720004246,3.427327712914025e-05,0.0001151953709509922,0.9991508322799194
49SCR,20191028,S2A_MSIL2A_20191028T031831_N0500_R118_T49SCR_20230708T160052.zip,,0.10884877621507559,0.0006372573415483028,0.0002724609407400772,0.0,0.8307257441083473
49SCC,20200915,S2A_MSIL2A_20200915T032541_N0500_R018_T49SCC_20230421T042155.zip,,0.0,0.0005291953245012459,0.0005394474470887621,1.3835388734609375e-05,0.9975462589706072
49SCC,20201005,S2A_MSIL2A_20201005T032611_N0500_R018_T49SCC_20230307T143952.zip,,3.317839025086181e-08,0.00018692705067335544,0.0,9.674818597151304e-05,0.9941267281794022
49SCC,20201109,S2B_MSIL2A_20201109T032949_N0500_R018_T49SCC_20230314T222809.zip,,0.0,0.00015952170032614357,0.0,2.9429232152514425e-05,0.9956796095567035
49SCD,20200228,S2A_MSIL2A_20200228T032701_N0500_R018_T49SCD_20230627T090641.zip,,0.0,0.0013733531076539228,0.0008620741138881424,0.004961463299723624,0.9928031094787343
49SCR,20200319,S2A_MSIL2A_20200319T032531_N0500_R018_T49SCR_20230628T105144.zip,,0.29894751510446216,1.2773680246581797e-05,0.0,7.717293572350457e-05,0.49367659695886873
49SCR,20200503,S2B_MSIL2A_20200503T032539_N0500_R018_T49SCR_20230509T141908.zip,,0.29700213337049314,3.6496229275947987e-07,0.0,0.0,0.7017361588050471
49SCR,20200515,S2A_MSIL2A_20200515T031541_N0500_R118_T49SCR_20230429T060521.zip,,0.10507718952491862,0.014938006177816265,0.007129107069983179,0.0,0.8712338711550393
49SCR,20200902,S2A_MSIL2A_20200902T031541_N0500_R118_T49SCR_20230328T070804.zip,,0.10861639476975857,0.016908072634131938,0.011343459378037896,0.0,0.8608004950215825
49SCR,20201022,S2A_MSIL2A_20201022T031801_N0500_R118_T49SCR_20230414T165636.zip,,0.10746006151273553,2.1565953663060175e-06,0.0,0.0,0.8532791530220537
49SCR,20201111,S2A_MSIL2A_20201111T031951_N0500_R118_T49SCR_20230410T223906.zip,,0.1059214136648518,3.749158098347384e-06,0.0,0.0,0.7463165019359591
49SCR,20201114,S2A_MSIL2A_20201114T033011_N0500_R018_T49SCR_20230313T033106.zip,,0.893263194216343,0.0001894817867226718,0.0006547755316007578,0.0,0.07973517008901762
49SCR,20201221,S2A_MSIL2A_20201221T032141_N0500_R118_T49SCR_20230305T140334.zip,,0.11402460509421004,0.0002104173509709656,0.0018644264617569285,0.023439271933404334,0.5108039123957784
49SCB,20200319,S2A_MSIL2A_20200319T032531_N0500_R018_T49SCB_20230628T105144.zip,,0.0,8.536799811546743e-05,0.0,8.294597562715452e-07,0.9896691450924184
49SCB,20200915,S2A_MSIL2A_20200915T032541_N0500_R018_T49SCB_20230421T042155.zip,,0.1194266110596846,0.002442493555097694,0.003095643345576159,3.251482244584457e-06,0.8684106887502032
49SCB,20201109,S2B_MSIL2A_20201109T032949_N0500_R018_T49SCB_20230314T222809.zip,,0.0,3.400785000713335e-05,0.0,0.0,0.9244571849463008
49SCC,20200727,S2A_MSIL2A_20200727T032541_N0500_R018_T49SCC_20230627T145145.zip,,0.0,6.283987113513226e-05,0.0,0.0,0.9995371614560005
49SCS,20190325,S2A_MSIL2A_20190325T032541_N0500_R018_T49SCS_20221110T224649.zip,,0.0660095354693581,0.00014422646242049627,0.0,7.066997123433565e-06,0.6147940119641275
49SCS,20200213,S2B_MSIL2A_20200213T032839_N0500_R018_T49SCS_20230625T102700.zip,,0.0642885060102654,0.0006542114989664932,0.00468986499713007,0.001863099326146894,0.736180669606272
49SCS,20200319,S2A_MSIL2A_20200319T032531_N0500_R018_T49SCS_20230628T105144.zip,,0.06631607061688581,2.0570601955534322e-05,8.792273416478379e-06,0.0,0.6975915142949094
49SCS,20200428,S2A_MSIL2A_20200428T032541_N0500_R018_T49SCS_20230531T034347.zip,,0.07419909024853932,9.814167836204923e-05,6.270715757412882e-06,0.0,0.9235057614274671
49SCS,20200503,S2B_MSIL2A_20200503T032539_N0500_R018_T49SCS_20230509T141908.zip,,0.06532204604497,0.00031861208157902594,0.0002833766311326107,0.0,0.9323519829064933
49SCS,20200515,S2A_MSIL2A_20200515T031541_N0500_R118_T49SCS_20230429T060521.zip,,0.32391196445930837,0.0011058357470612242,0.0009227242112667178,0.0,0.673177361720764
49SCS,20200826,S2A_MSIL2A_20200826T032541_N0500_R018_T49SCS_20230418T063839.zip,,0.07432951450061547,0.0007780996081632112,0.0007759430127969051,0.0,0.9222643587778409
49SCS,20201111,S2A_MSIL2A_20201111T031951_N0500_R118_T49SCS_20230410T223906.zip,,0.32514630011181117,6.303894147663744e-07,0.0,0.0,0.541598335771945
49SCT,20200213,S2B_MSIL2A_20200213T032839_N0500_R018_T49SCT_20230625T102700.zip,,3.317839025086181e-08,7.475091323519165e-05,0.0002878888922067279,0.0005770385632429886,0.7847835275928082
49SCT,20200304,S2B_MSIL2A_20200304T032629_N0500_R018_T49SCT_20230608T235845.zip,,0.0,0.0006306880202786321,0.003291661275178251,0.001309219279299007,0.6254482566414843
49SCT,20200503,S2B_MSIL2A_20200503T032539_N0500_R018_T49SCT_20230509T141908.zip,,0.0,0.0005970451325642582,0.0008455844539334641,0.0,0.9972151054575135
49SCT,20200826,S2A_MSIL2A_20200826T032541_N0500_R018_T49SCT_20230418T063839.zip,,0.0,0.0005283658647449743,0.00035404660236694637,0.0,0.9978292374610569
49SDA,20200223,S2B_MSIL2A_20200223T032739_N0500_R018_T49SDA_20230428T071529.zip,,0.03245002504968464,3.072318937229803e-05,0.0,6.648949406272707e-05,0.9209807200374253
49SDA,20200324,S2B_MSIL2A_20200324T032539_N0500_R018_T49SDA_20230409T184046.zip,,0.03451166386309269,0.004552274212759745,0.01090938649838587,0.0,0.7438241744387046
49SDA,20200428,S2A_MSIL2A_20200428T032541_N0500_R018_T49SDA_20230531T034347.zip,,0.03885498057405251,1.1114760734038706e-05,0.0,0.0,0.9530711908719612
49SDA,20200503,S2B_MSIL2A_20200503T032539_N0500_R018_T49SDA_20230509T141908.zip,,0.03265111927299511,9.489019611746477e-06,0.0,0.0,0.9648798444597065
49SCU,20200213,S2B_MSIL2A_20200213T032839_N0500_R018_T49SCU_20230625T102700.zip,,0.0,0.00045205556716799213,1.665555190593263e-05,0.00021390108194730608,0.9661091701752814
49SCU,20200319,S2A_MSIL2A_20200319T032531_N0500_R018_T49SCU_20230628T105144.zip,,0.0,0.0001550757960325281,0.0,2.455200878563774e-06,0.952665385980803
49SCU,20200503,S2B_MSIL2A_20200503T032539_N0500_R018_T49SCU_20230509T141908.zip,,0.0,6.071645415907711e-06,0.0,0.0,0.9991660611610446
49SCU,20201109,S2B_MSIL2A_20201109T032949_N0500_R018_T49SCU_20230314T222809.zip,,3.317839025086181e-08,0.0006866931430220868,0.004782830846612984,2.0238818053025705e-06,0.9633011171163998
49SCV,20200223,S2B_MSIL2A_20200223T032739_N0500_R018_T49SCV_20230428T071529.zip,,0.0,0.00014973407520213936,0.0,1.887850405274037e-05,0.9895839429862542
49SCV,20200826,S2A_MSIL2A_20200826T032541_N0500_R018_T49SCV_20230418T063839.zip,,0.0,0.0008567987498382554,0.0007336073868368055,0.0,0.9977095961858122
49SCV,20201109,S2B_MSIL2A_20201109T032949_N0500_R018_T49SCV_20230314T222809.zip,,0.0,0.0009717618720574916,0.004251810710647941,3.981406830103417e-07,0.9653955693577659
49SCV,20201114,S2A_MSIL2A_20201114T033011_N0500_R018_T49SCV_20230303T043154.zip,,0.0,9.953517075258542e-07,0.0,0.0,0.9483209412045747
49SDA,20200515,S2A_MSIL2A_20200515T031541_N0500_R118_T49SDA_20230429T060521.zip,,0.2836904655259936,4.91703743517772e-05,0.0,0.0,0.7161955335251045
49SDA,20200828,S2B_MSIL2A_20200828T031539_N0500_R118_T49SDA_20230412T191246.zip,,0.29547722137617327,0.0008983712728225852,0.0010870567781792362,0.0,0.7020766354458015
49SDA,20201109,S2B_MSIL2A_20201109T032949_N0500_R018_T49SDA_20230314T222809.zip,,0.03655163718766693,1.6589195125430905e-05,0.00024668133151515756,0.0,0.8666028646222143
49SDA,20201111,S2A_MSIL2A_20201111T031951_N0500_R118_T49SDA_20230410T223906.zip,,0.2844310403747831,8.367590021267348e-05,0.0001927000905770054,3.8818716593508316e-06,0.6291655966635811
49SDC,20200223,S2B_MSIL2A_20200223T032739_N0500_R018_T49SDC_20230428T071529.zip,,0.0,0.0003350685631434534,5.474434391392199e-06,0.0009630359554215149,0.9695425695336114
49SDC,20200518,S2A_MSIL2A_20200518T032541_N0500_R018_T49SDC_20230510T141043.zip,,0.0,0.004218532785226326,0.0018666494139037361,0.0,0.9922466415174469
49SDC,20200528,S2A_MSIL2A_20200528T032541_N0500_R018_T49SDC_20230530T133158.zip,,0.0,0.003288243900982412,0.0024348625253399953,0.0,0.9935888401166553
49SDC,20201109,S2B_MSIL2A_20201109T032949_N0500_R018_T49SDC_20230314T222809.zip,,0.0,9.445887704420357e-05,0.0,0.0,0.9389643365483193
49SDD,20200319,S2A_MSIL2A_20200319T032531_N0500_R018_T49SDD_20230628T105144.zip,,0.0,0.0002787980132779918,0.0,0.00016708637330334006,0.9755032332341299
49SDD,20200428,S2A_MSIL2A_20200428T032541_N0500_R018_T49SDD_20230531T034347.zip,,0.0,0.0029801493691129096,0.0,0.0,0.9925674101943922
49SDD,20200602,S2B_MSIL2A_20200602T032539_N0500_R018_T49SDD_20230329T175708.zip,,0.0,7.08026847953391e-05,1.5096167564142123e-05,0.0,0.9988837462384
49SDD,20201005,S2A_MSIL2A_20201005T032611_N0500_R018_T49SDD_20230307T143952.zip,,0.0,0.00032591132743421556,0.0,0.0,0.9988261817313148
49SDB,20200213,S2B_MSIL2A_20200213T032839_N0500_R018_T49SDB_20230625T102700.zip,,0.0,0.0002072985822873846,0.0,0.022749692270430423,0.8832474013025836
49SDB,20200727,S2A_MSIL2A_20200727T032541_N0500_R018_T49SDB_20230627T145145.zip,,0.0,0.003608614437244734,0.0024687708401763763,0.0,0.9897616132660476
49SDB,20200915,S2A_MSIL2A_20200915T032541_N0500_R018_T49SDB_20230314T182619.zip,,0.9336221843988574,0.0007523199989382916,0.0007347022737150839,0.0,0.06419590512307524
49SDB,20201109,S2B_MSIL2A_20201109T032949_N0500_R018_T49SDB_20230314T222809.zip,,0.0,8.692738245725794e-06,0.0,2.090238585804294e-06,0.9135909967120215
49SDS,20200515,S2A_MSIL2A_20200515T031541_N0500_R118_T49SDS_20230429T060521.zip,,0.0,0.0007480068082056795,0.0006239196286674563,0.0,0.9955314016874529
49SDS,20200902,S2A_MSIL2A_20200902T031541_N0500_R118_T49SDS_20230328T070804.zip,,3.317839025086181e-08,0.0026478677907505284,0.0015851639510154247,0.0,0.9919466093344083
49SDS,20201022,S2A_MSIL2A_20201022T031801_N0500_R118_T49SDS_20230414T165636.zip,,0.0,4.114120391106864e-06,0.0,0.0,0.971914691722987
49SDS,20201221,S2A_MSIL2A_20201221T032141_N0500_R118_T49SDS_20230305T140334.zip,,0.0,0.0005595535515807844,0.0001395151310048739,1.4266707807870579e-06,0.6577731328031426
49SDT,20190325,S2A_MSIL2A_20190325T032541_N0500_R018_T49SDT_20221110T224649.zip,,0.7231833338310092,0.0018754748657104654,6.569321269670638e-06,0.0,0.18265062159714135
49SDT,20200210,S2B_MSIL2A_20200210T031849_N0500_R118_T49SDT_20230505T172048.zip,,0.0,0.00547606013251449,1.5527486637403326e-05,0.006738000205706019,0.8268254584424073
49SDT,20201022,S2A_MSIL2A_20201022T031801_N0500_R118_T49SDT_20230414T165636.zip,,0.0,1.43330645883723e-05,3.523545044641524e-05,0.0,0.9750089083977823
49SDT,20201106,S2B_MSIL2A_20201106T031929_N0500_R118_T49SDT_20230321T030354.zip,,0.0,0.002528425585847426,0.00012820129992933003,0.0,0.8928415632330351
49SDU,20201221,S2A_MSIL2A_20201221T032141_N0500_R118_T49SDU_20230305T140334.zip,,0.0,0.0016423303174176594,0.0002310874880972525,0.0016345997524892088,0.8563619231522125
49SDV,20190908,S2A_MSIL2A_20190908T031541_N0500_R118_T49SDV_20230720T020746.zip,,0.07841463697864307,0.004203005298588923,0.003782767807671507,0.0,0.9113016546063218
49SDV,20200223,S2B_MSIL2A_20200223T032739_N0500_R018_T49SDV_20230428T071529.zip,,0.23864794741888712,6.861291103878222e-05,3.447234747064542e-05,1.741865488170245e-05,0.7460911543093752
49SDV,20200301,S2B_MSIL2A_20200301T031639_N0500_R118_T49SDV_20230412T142024.zip,,0.23131237122637283,0.0016400078301000993,3.699390512971092e-05,2.2229521468077412e-05,0.7583464885650678
49SDV,20200917,S2B_MSIL2A_20200917T031539_N0500_R118_T49SDV_20230417T051640.zip,,0.08259936098420377,0.0043685986443309744,0.00024001247507473433,9.621733172749924e-07,0.9114484689831819
49SDV,20201111,S2A_MSIL2A_20201111T031951_N0500_R118_T49SDV_20230410T223906.zip,,0.0741616982027266,2.130052654105328e-05,0.0,1.061708488027578e-06,0.8641337288197452
49SED,20191028,S2A_MSIL2A_20191028T031831_N0500_R118_T49SED_20230708T160052.zip,,0.036296694436979304,0.00015912355964313324,0.0,9.953517075258542e-07,0.9550428167126187
49SED,20200425,S2A_MSIL2A_20200425T031541_N0500_R118_T49SED_20231110T145446.zip,,0.03663597665568462,0.00034319726875491454,0.0,6.635678050172362e-08,0.9534626958769215
49SDT,20201221,S2A_MSIL2A_20201221T032141_N0500_R118_T49SDT_20230305T140334.zip,,0.0,0.0003634029084176894,0.0,0.00022816778975517666,0.6667990484437676
49SDU,20200828,S2B_MSIL2A_20200828T031539_N0500_R118_T49SDU_20230412T191246.zip,,0.0,0.017158469945355193,0.013121622025142584,6.96746195268098e-07,0.9688752193921055
49SDU,20201106,S2B_MSIL2A_20201106T031929_N0500_R118_T49SDU_20230321T030354.zip,,0.0,0.0035978978171937056,0.0001532509845687307,2.4883792688146356e-06,0.9356150775876656
49SDU,20201111,S2A_MSIL2A_20201111T031951_N0500_R118_T49SDU_20230410T223906.zip,,0.0,0.004554596700077305,0.005824134624636282,2.621092829818083e-06,0.9157104986380271
49SED,20200428,S2A_MSIL2A_20200428T032541_N0500_R018_T49SED_20230531T034347.zip,,0.20862903573644415,0.0009950199236233455,0.0,0.0,0.7851902946572838
49SED,20200430,S2B_MSIL2A_20200430T031539_N0500_R118_T49SED_20230520T120234.zip,,0.045417102133038706,0.000582712067975886,0.0004409076280437026,5.30854244013789e-07,0.9397881891566385
49SED,20200910,S2B_MSIL2A_20200910T032539_N0500_R018_T49SED_20230310T124440.zip,,0.20600631716550377,0.0003253141164097,0.0002823149226445831,6.96746195268098e-07,0.7889739582814921
49SED,20201002,S2A_MSIL2A_20201002T031551_N0500_R118_T49SED_20230412T155644.zip,,0.9770334537708899,7.962813660206834e-07,0.0,0.0,0.021724247762947037
49SED,20201022,S2A_MSIL2A_20201022T031801_N0500_R118_T49SED_20230414T165636.zip,,0.035212059681288384,0.00011078264504762757,1.6622373515681768e-05,6.96746195268098e-07,0.9604116442878424
49SED,20201106,S2B_MSIL2A_20201106T031929_N0500_R118_T49SED_20230321T030354.zip,,0.04051041635561926,0.00016264046900972459,0.0,0.0,0.936035049651461
49SED,20201109,S2B_MSIL2A_20201109T032949_N0500_R018_T49SED_20230314T222809.zip,,0.20463369398243536,0.00010869240646182329,0.0014294245871778793,7.631029757698216e-07,0.7743862163695542
58GFN,20190919,S2B_MSIL2A_20190919T223659_N0500_R072_T58GFN_20221219T112451.zip,,0.06857750969638456,0.061966284119827075,0.002929154183297335,0.0002452214823441196,0.8659914864250616
49SDV,20200304,S2B_MSIL2A_20200304T032629_N0500_R018_T49SDV_20230608T235845.zip,,0.24072614224903036,0.000194956221114064,0.0003789635734453436,2.7770312639971332e-05,0.754637609032485
49SDV,20200428,S2A_MSIL2A_20200428T032541_N0500_R018_T49SDV_20230531T034347.zip,,0.2508227245430506,0.00034525432895046796,0.0002898132388412779,0.0,0.7453228091479458
49SDV,20200828,S2B_MSIL2A_20200828T031539_N0500_R118_T49SDV_20230412T191246.zip,,0.08394640362838876,0.005729841639543333,0.004297961851486889,0.0,0.9055959004781006
49SDV,20200902,S2A_MSIL2A_20200902T031541_N0500_R118_T49SDV_20230328T070804.zip,,0.07659506770050531,0.003295377254886347,0.002635923570260218,8.62638146522407e-07,0.9169007070314963
58GFN,20200302,S2A_MSIL2A_20200302T223701_N0500_R072_T58GFN_20230424T163021.zip,,0.31458900269076745,0.04088045494208712,0.002946108340715525,5.474434391392198e-05,0.6414295904791292
58GFN,20200531,S2A_MSIL2A_20200531T223721_N0500_R072_T58GFN_20230416T022844.zip,,0.28902123748759956,0.017780797011290605,4.435950776540224e-05,0.00015826092149661083,0.6809977073732336
58GFN,20201008,S2A_MSIL2A_20201008T223721_N0500_R072_T58GFN_20230326T031204.zip,,0.26561799728600766,0.0023525137607373564,1.393492390536196e-06,3.4571882641398004e-05,0.7318731523783929
58GFN,20201107,S2A_MSIL2A_20201107T223711_N0500_R072_T58GFN_20230329T113934.zip,,0.3033686351405602,0.12076293708381856,0.0029380459918845656,5.7498150304743516e-05,0.5721270002422022
58GFN,20201227,S2A_MSIL2A_20201227T223711_N0500_R072_T58GFN_20230314T170056.zip,,0.31813079585004694,1.4532134929877473e-05,0.0,3.085590293330148e-06,0.681395051774878
58GFP,20200125,S2A_MSIL2A_20200125T224801_N0500_R115_T58GFP_20230428T035515.zip,,0.0,0.2089431687353393,0.001996874595638369,6.87124462095348e-05,0.7874669626179077
58GFP,20200618,S2B_MSIL2A_20200618T224809_N0500_R115_T58GFP_20230414T205055.zip,,0.0,0.005695004329779927,0.0,0.0027822734496567698,0.9361459318316794
58GFP,20200718,S2B_MSIL2A_20200718T224809_N0500_R115_T58GFP_20230414T083444.zip,,0.0,0.13167381660976574,0.0,0.0021419305178151365,0.8190163602642327
58GFP,20201105,S2B_MSIL2A_20201105T224809_N0500_R115_T58GFP_20230317T082449.zip,,0.0,0.13899565694871616,0.005333990265460301,0.0008127378475851108,0.8534947130235135
58GFQ,20200330,S2B_MSIL2A_20200330T224809_N0500_R115_T58GFQ_20230420T232536.zip,,0.0,0.06791759151429491,0.02924127657174329,0.00032982637748381723,0.8115573936383754
58GFQ,20200514,S2A_MSIL2A_20200514T224811_N0500_R115_T58GFQ_20230416T062913.zip,,0.0,0.06434500880886261,0.0165485515973736,0.01153071821261376,0.642452845212856
58GFQ,20200618,S2B_MSIL2A_20200618T224809_N0500_R115_T58GFQ_20230414T205055.zip,,6.635678050172362e-08,0.02538866825259372,0.00030152521059983214,0.05032574543548296,0.5822190039183679
58GFQ,20201110,S2A_MSIL2A_20201110T224811_N0500_R115_T58GFQ_20230320T013347.zip,,0.0,0.06714762061174316,0.0007220613070295055,0.004124472048865133,0.9081220367550207
58GFR,20200524,S2A_MSIL2A_20200524T224811_N0500_R115_T58GFR_20230416T064649.zip,,0.0,0.03290775412158553,0.004426329043367474,0.0001469802688113178,0.8875256220118712
58GFR,20200529,S2B_MSIL2A_20200529T224809_N0500_R115_T58GFR_20230416T051940.zip,,0.0,0.07476644072182906,0.00013649589749204549,4.7776881961241e-05,0.8323383797664905
58GFR,20201026,S2B_MSIL2A_20201026T224809_N0500_R115_T58GFR_20230325T131832.zip,,0.0,0.031014694709042105,0.004639068881656,0.0003721620034439169,0.9563082736951769
58GFR,20201105,S2B_MSIL2A_20201105T224809_N0500_R115_T58GFR_20230317T082449.zip,,0.0,0.05687963875368695,0.015844340264299057,0.0005422012534795836,0.9217964771185232
58GGN,20200625,S2B_MSIL2A_20200625T223709_N0500_R072_T58GGN_20230415T025255.zip,,0.048962146774562794,0.01814370224385453,0.0,7.846689294328818e-05,0.9042954071154375
58GGN,20200819,S2A_MSIL2A_20200819T223721_N0500_R072_T58GGN_20230408T103616.zip,,0.026366369056506116,0.12531431548004154,0.012233801480419772,1.5461129856901602e-05,0.8329617353625237
58GGN,20201112,S2B_MSIL2A_20201112T223709_N0500_R072_T58GGN_20230318T071832.zip,,0.063869064800714,0.06682691829157833,0.0010659221435894374,4.0411279325549686e-05,0.8675133460074784
58GGN,20201207,S2A_MSIL2A_20201207T223711_N0500_R072_T58GGN_20230226T015933.zip,,0.04645784187842774,0.17821878494099222,0.010076973865382,0.00016220914993646338,0.7648095394507649
58GGN,20201227,S2A_MSIL2A_20201227T223711_N0500_R072_T58GGN_20230314T170056.zip,,0.05640498870275812,1.632376800342401e-05,0.0,2.3888440980620502e-06,0.9431066253927491
58GGR,20200401,S2A_MSIL2A_20200401T223711_N0500_R072_T58GGR_20230417T194944.zip,,0.005319424952140172,0.006547987564739334,0.007488860355473273,0.022321956463316313,0.7967936071877665
58GGR,20200516,S2B_MSIL2A_20200516T223709_N0500_R072_T58GGR_20230416T062120.zip,,0.746206581929058,0.004279780093629417,1.3005928978337828e-05,0.016030703282338146,0.14828281923417638
59GLJ,20200531,S2A_MSIL2A_20200531T223721_N0500_R072_T59GLJ_20230416T022844.zip,,0.0,0.05652834595771082,8.158566162686919e-05,0.00030716553694247863,0.8681309949203885
59GLJ,20201008,S2A_MSIL2A_20201008T223721_N0500_R072_T59GLJ_20230326T031204.zip,,0.0,3.357653093387215e-05,4.2700588252859145e-05,0.0003044780873321588,0.9995246532028759
59GLJ,20201102,S2B_MSIL2A_20201102T223709_N0500_R072_T59GLJ_20230319T041217.zip,,0.0,0.014596467828573894,0.0042619632980647046,0.0004202043125271648,0.9802710342699593
59GLJ,20201112,S2B_MSIL2A_20201112T223709_N0500_R072_T59GLJ_20230318T071832.zip,,0.0,9.439252026370184e-05,0.00012607788295327489,5.02984396203065e-05,0.9992366979538887
59GMJ,20200228,S2A_MSIL2A_20200228T222541_N0500_R029_T59GMJ_20230516T041545.zip,,0.0,0.021331382443986583,0.00038613010573952975,5.905753464653402e-05,0.9781925408343038
59GMJ,20200304,S2B_MSIL2A_20200304T222539_N0500_R029_T59GMJ_20230420T101828.zip,,0.0,0.031184999386199782,0.0003396803593883232,0.00021436557941081815,0.9682229985965541
59GMJ,20200503,S2B_MSIL2A_20200503T222539_N0500_R029_T59GMJ_20230618T081443.zip,,0.0,0.10937316067299047,0.001811009253453041,8.17515535781235e-05,0.8855368097650638
59GMJ,20201124,S2A_MSIL2A_20201124T222551_N0500_R029_T59GMJ_20230617T115742.zip,,0.0,0.013289139717519185,0.002845279212743156,1.227600439281887e-05,0.983790232945478
58GGR,20200526,S2B_MSIL2A_20200526T223709_N0500_R072_T58GGR_20230416T055031.zip,,0.9261524016177783,5.228914303535821e-05,2.8865199518249773e-06,0.0027968719413671485,0.0377438694629414
58GGR,20201212,S2B_MSIL2A_20201212T223709_N0500_R072_T58GGR_20230226T120232.zip,,0.005660963301382544,0.00018473727691679855,7.883185523604766e-05,0.07562947700903448,0.8689935003533499
58GGR,20201227,S2A_MSIL2A_20201227T223711_N0500_R072_T58GGR_20230314T170056.zip,,0.0032693985753199225,0.01038692638710555,0.002953573478521969,0.04822800853348197,0.8818065965275497
59GLJ,20190414,S2A_MSIL2A_20190414T222541_N0500_R029_T59GLJ_20221019T073110.zip,,0.5132805796928345,0.34204382201784334,0.018207205682794683,1.4233529417619716e-05,0.12592967508402428
59GLM,20200516,S2B_MSIL2A_20200516T223709_N0500_R072_T59GLM_20230416T062120.zip,,0.0,0.060339746716168825,0.0021274979180560117,0.018391810246150476,0.6801766417496956
59GLM,20200526,S2B_MSIL2A_20200526T223709_N0500_R072_T59GLM_20230416T055031.zip,,0.0,0.02023603106824463,0.0012595844074837178,0.01708056708504617,0.7045424534092455
59GLM,20200531,S2A_MSIL2A_20200531T223721_N0500_R072_T59GLM_20230416T022844.zip,,0.0,0.009560220437224827,0.00025125994936977647,0.014575664977886604,0.7005572310642633
59GLM,20201212,S2B_MSIL2A_20201212T223709_N0500_R072_T59GLM_20230226T120232.zip,,0.0,0.01293628753720127,0.0010197046459699869,0.045573538243071525,0.908027644234757
59GLK,20200317,S2B_MSIL2A_20200317T223709_N0500_R072_T59GLK_20230420T093026.zip,,0.0,0.10534994907117097,0.0011772688212713296,1.9774320589513636e-05,0.8840276906845034
59GLK,20200516,S2B_MSIL2A_20200516T223709_N0500_R072_T59GLK_20230416T094347.zip,,0.0,0.010128334013490333,0.0007117428276614875,0.0027474029615031136,0.8193104535154163
59GLK,20201008,S2A_MSIL2A_20201008T223721_N0500_R072_T59GLK_20230326T031204.zip,,0.0,0.00896705717631992,0.004734091791334468,0.03668766858769546,0.9470984834157816
59GLK,20201112,S2B_MSIL2A_20201112T223709_N0500_R072_T59GLK_20230318T071832.zip,,0.0,0.0017685740923221887,0.0,0.0047054920189382255,0.9891051456365441
59GMK,20190817,S2B_MSIL2A_20190817T222549_N0500_R029_T59GMK_20230504T214633.zip,,6.635678050172362e-08,0.05038526746759301,0.00015218927608070311,0.02600847376087007,0.8653797432656163
59GMK,20200228,S2A_MSIL2A_20200228T222541_N0500_R029_T59GMK_20230516T041545.zip,,0.0,0.04740213204335752,0.036579971532941166,0.00013642954071154377,0.9151094389202424
59GMK,20200304,S2B_MSIL2A_20200304T222539_N0500_R029_T59GMK_20230420T101828.zip,,0.0,0.0027182059780823556,0.002253940763302046,0.0002626401372258221,0.9929320075248589
59GMK,20200508,S2A_MSIL2A_20200508T222551_N0500_R029_T59GMK_20230511T230919.zip,,0.4633412629686033,0.009550432812100822,0.015401641003181808,8.798909094528551e-05,0.46203197733252377
59GMK,20200622,S2B_MSIL2A_20200622T222549_N0500_R029_T59GMK_20230421T104653.zip,,0.9240981947637864,0.009754977587997385,0.0,0.0014319461448369449,0.052192593919728206
59GMK,20200915,S2A_MSIL2A_20200915T222551_N0500_R029_T59GMK_20230627T161827.zip,,0.0,0.052042096741550296,0.002998530197311887,0.005398289985766471,0.9304152275539895
59GML,20200423,S2B_MSIL2A_20200423T222539_N0500_R029_T59GML_20230512T043949.zip,,0.11431037056944071,0.33313280314265714,0.055917764041924216,0.0009099173526298851,0.42430901025544043
59GML,20200516,S2B_MSIL2A_20200516T223709_N0500_R072_T59GML_20230416T094347.zip,,0.46030623654201547,0.0015578249574487145,0.00017302530515824434,0.000656169023991294,0.44242119302855665
59GMM,20190407,S2A_MSIL2A_20190407T223701_N0500_R072_T59GMM_20221016T115944.zip,,0.0,0.0005131369836198287,0.00028705943245045635,0.07603551414892452,0.7848806075626823
59GMM,20200526,S2B_MSIL2A_20200526T223709_N0500_R072_T59GMM_20230416T055031.zip,,1.3271356100344724e-07,0.008149740710880189,5.7863112597502995e-05,0.11245742383071058,0.5737107707008271
59GMM,20200531,S2A_MSIL2A_20200531T223721_N0500_R072_T59GMM_20230416T022844.zip,,3.317839025086181e-08,0.02413980046516103,2.2793554102342064e-05,0.07974349786497059,0.5672214093516611
59GMM,20201212,S2B_MSIL2A_20201212T223709_N0500_R072_T59GMM_20230226T120232.zip,,3.317839025086181e-08,0.040037060261910215,0.006303462828590483,0.09970836194969493,0.7992270098639355
59GML,20200526,S2B_MSIL2A_20200526T223709_N0500_R072_T59GML_20230416T055031.zip,,0.5553385357049246,0.012058719115065975,0.000583176565439398,0.00044233429882448963,0.3267113911367248
59GML,20201112,S2B_MSIL2A_20201112T223709_N0500_R072_T59GML_20230318T071832.zip,,0.00038646188964203837,0.04453246671377998,7.694068699174853e-05,0.0007635674732333336,0.94788255513419
59GML,20201202,S2B_MSIL2A_20201202T223709_N0500_R072_T59GML_20230303T002634.zip,,0.00034183695475462924,0.02927123665813982,0.007640950096383224,0.0010416687403160573,0.9571762203841394
59GMM,20190201,S2B_MSIL2A_20190201T223659_N0500_R072_T59GMM_20221123T143952.zip,,0.0,0.05900952551584102,0.013976264179614534,0.04573949655110633,0.777246923533764
59GMN,20200814,S2B_MSIL2A_20200814T223709_N0500_R072_T59GMN_20230405T124424.zip,,0.0,0.03354872744284193,0.010022594483760836,0.047964107617426616,0.8189610518876845
59GNL,20200712,S2B_MSIL2A_20200712T222549_N0500_R029_T59GNL_20230512T105436.zip,,0.0,0.018095726291551786,0.0008815498289653983,0.00013579915129677739,0.9763234030411313
59GNL,20200806,S2A_MSIL2A_20200806T222551_N0500_R029_T59GNL_20230612T012730.zip,,0.0,0.023400718643932835,6.92433004535486e-05,0.0002954535651839244,0.974282898862313
59GNL,20200925,S2A_MSIL2A_20200925T222551_N0500_R029_T59GNL_20230622T221248.zip,,0.0,0.005178284080013006,5.2322321425609075e-05,2.0968742638544664e-05,0.9947382390901158
59GNL,20201214,S2A_MSIL2A_20201214T222541_N0500_R029_T59GNL_20230626T171521.zip,,0.0,0.0006079608229567917,0.0002632041698600867,0.0001213665515376525,0.9989911778660323
59GNM,20200223,S2B_MSIL2A_20200223T222539_N0500_R029_T59GNM_20230515T102828.zip,,0.0,0.00429142570860747,0.00021317115736178713,0.0003393153970955637,0.9944018765697525
59GNM,20200304,S2B_MSIL2A_20200304T222539_N0500_R029_T59GNM_20230420T101828.zip,,0.0,0.0016888464205493678,0.0015263386651006466,0.0002221293227295198,0.9944982266150411
59GNM,20200508,S2A_MSIL2A_20200508T222551_N0500_R029_T59GNM_20230511T230919.zip,,0.0,0.004357085742913925,0.0006185115510565658,0.005912720926606083,0.9164391292663262
59GMM,20201227,S2A_MSIL2A_20201227T223711_N0500_R072_T59GMM_20230314T170056.zip,,0.0,0.09223954134193317,0.011681049498840416,0.11920614065646763,0.7209815163187913
59GMN,20200401,S2A_MSIL2A_20200401T223711_N0500_R072_T59GMN_20230417T194944.zip,,0.0,0.013856755617930929,0.00031131283572383633,0.02043775568096987,0.9094842087451601
59GMN,20200531,S2A_MSIL2A_20200531T223721_N0500_R072_T59GMN_20230416T022844.zip,,0.0,0.01717452828623661,0.002747071177600605,0.025386047159763902,0.8148601364958975
59GMN,20200620,S2A_MSIL2A_20200620T223721_N0500_R072_T59GMN_20230414T202348.zip,,0.0,0.009473458946718824,0.0002074644742386389,0.04783378290052123,0.8007377215072279
59GNQ,20201023,S2B_MSIL2A_20201023T223709_N0500_R072_T59GNQ_20230326T212449.zip,,0.0027620346316037437,0.0023048695923371188,0.0012907720943195278,0.0004341724148227776,0.9923356923168801
59GPM,20190104,S2A_MSIL2A_20190104T222531_N0500_R029_T59GPM_20221216T110629.zip,,0.0,5.2355499815859934e-05,1.0948868782784397e-05,7.033818733182703e-05,0.9993009313174144
59GPM,20200223,S2B_MSIL2A_20200223T222539_N0500_R029_T59GPM_20230515T102828.SAFE,,0.0,0.003163095012956161,0.0,1.632376800342401e-05,0.9951619603120095
59GPM,20200223,S2B_MSIL2A_20200223T222539_N0500_R029_T59GPM_20230515T102828.zip,,0.0,0.003163095012956161,0.0,1.632376800342401e-05,0.9951619603120095
59GNP,20201227,S2A_MSIL2A_20201227T223711_N0500_R072_T59GNP_20230314T170056.zip,,0.14157769881320897,0.17333880776772473,0.0035326027451800094,6.111459484208745e-05,0.679932415619059
59GNQ,20200327,S2B_MSIL2A_20200327T223709_N0500_R072_T59GNQ_20230420T210953.zip,,0.0015983357719450168,2.8500237225490294e-05,0.0,0.0012142959047912914,0.9906382526932558
59GNQ,20200401,S2A_MSIL2A_20200401T223711_N0500_R072_T59GNQ_20230417T194944.zip,,0.0014418333051317016,0.006349315363917174,0.0018644928185374303,0.0006498319514533794,0.9806695399152624
59GNQ,20200428,S2A_MSIL2A_20200428T222551_N0500_R029_T59GNQ_20230511T080312.zip,,0.2019107766729374,0.0010762074445672045,0.000740209886496727,0.002392725969721401,0.7661687253857817
59GNM,20200816,S2A_MSIL2A_20200816T222551_N0500_R029_T59GNM_20230611T084716.zip,,0.0,0.0037554619924950483,0.00019681421096811225,0.01144913255098689,0.9240651490870966
59GNN,20190228,S2B_MSIL2A_20190228T222539_N0500_R029_T59GNN_20221128T085508.zip,,0.0,0.0008554716142282209,0.0010946878079369346,0.00720654543282869,0.9665650412573282
59GNN,20200304,S2B_MSIL2A_20200304T222539_N0500_R029_T59GNN_20230420T101828.zip,,0.12373117541083142,0.007364972246276556,0.0018385473173612563,0.003558083748892671,0.8377248250669374
59GNN,20200428,S2A_MSIL2A_20200428T222551_N0500_R029_T59GNN_20230511T080312.zip,,0.0,0.007281561773185888,0.0018772001420035102,0.025447394003337745,0.743616842678027
59GNP,20200413,S2B_MSIL2A_20200413T222539_N0500_R029_T59GNP_20230512T174333.zip,,0.020676175593312564,0.04938039356206515,0.029435104727588826,0.06043702575638435,0.765793676862386
59GNP,20200622,S2B_MSIL2A_20200622T222549_N0500_R029_T59GNP_20230421T104653.zip,,0.016612453176996757,0.012387716032793521,0.0006684782067743637,0.0004437941479955276,0.7414847661421163
59GNP,20200811,S2B_MSIL2A_20200811T222549_N0500_R029_T59GNP_20230611T092258.zip,,0.018174591325178086,0.02194568033948129,0.0035361528329368517,0.0033433532071890934,0.8375659669344163
59GNP,20200816,S2A_MSIL2A_20200816T222551_N0500_R029_T59GNP_20230611T084716.zip,,0.014662061506099847,0.020550794456554555,0.005037408635007847,0.0009450864462957986,0.8586851072159681
59GNN,20200612,S2B_MSIL2A_20200612T222549_N0500_R029_T59GNN_20230703T100227.zip,,3.317839025086181e-08,0.0037733783232305135,0.0002639340944456057,0.0730128964402905,0.5456235712555698
59GNN,20200816,S2A_MSIL2A_20200816T222551_N0500_R029_T59GNN_20230611T084716.zip,,0.0,0.02053168370377006,0.0012305864944044645,0.05383409477738959,0.7072716414345008
59GNP,20190228,S2B_MSIL2A_20190228T222539_N0500_R029_T59GNP_20221128T085508.zip,,0.019466358771205138,0.015541156134186681,0.01728351929821069,0.0007709994326495267,0.940837057607639
59GNP,20200304,S2B_MSIL2A_20200304T222539_N0500_R029_T59GNP_20230420T101828.zip,,0.9838479301661242,1.1048403953536982e-05,6.071645415907711e-06,0.0001040806102169535,0.016029741109020872
59GNQ,20200516,S2B_MSIL2A_20200516T223709_N0500_R072_T59GNQ_20230416T062120.zip,,0.0027043374109574953,0.0174263854466309,0.00305062027000574,0.0005330108393800949,0.9379784075036247
59GNQ,20200620,S2A_MSIL2A_20200620T223721_N0500_R072_T59GNQ_20230414T202348.zip,,0.003265748952392328,0.02083191495715011,4.611796244869791e-05,0.0008118420310483376,0.9188937661122558
59GNQ,20200622,S2B_MSIL2A_20200622T222549_N0500_R029_T59GNQ_20230421T104653.zip,,0.2125644241392696,0.0015650910249136532,0.0006004293283698462,0.00011721925275629477,0.7220733176067764
59GNQ,20200816,S2A_MSIL2A_20200816T222551_N0500_R029_T59GNQ_20230611T084716.zip,,0.20684055460997144,0.005358741344587443,2.272719732184034e-05,6.655585084322879e-05,0.7613263393286684
59GPM,20200304,S2B_MSIL2A_20200304T222539_N0500_R029_T59GPM_20230420T101828.zip,,0.0,0.000955803066346827,0.0011840040344922545,0.0001026871178264173,0.997467128509859
59GPM,20200418,S2A_MSIL2A_20200418T222541_N0500_R029_T59GPM_20230515T094032.SAFE,,0.0,0.0022143921221230187,0.0,0.00015122710276342812,0.9894057086738266
59GPM,20200418,S2A_MSIL2A_20200418T222541_N0500_R029_T59GPM_20230515T094032.zip,,0.0,0.0022143921221230187,0.0,0.00015122710276342812,0.9894057086738266
59GPM,20200418,S2A_MSIL2A_20200418T222541_N0500_R029_T59GPM_20230515T094032_MASK.tif,no_SCL,,,,,
59GPM,20200925,S2A_MSIL2A_20200925T222551_N0500_R029_T59GPM_20230622T221248.zip,,0.0,0.0331223519497281,0.0003405429975348456,2.972783766477218e-05,0.9660287789357036
59GPN,20200304,S2B_MSIL2A_20200304T222539_N0500_R029_T59GPN_20230512T185111.zip,,0.4484206754456687,0.012946937800471797,0.008992239574520323,0.00010962140138884741,0.5274803998659593
59GPN,20200423,S2B_MSIL2A_20200423T222539_N0500_R029_T59GPN_20230512T043949.zip,,0.0,0.0020000597211024514,0.0011798567357108967,0.0008565996794967502,0.9154695571680254
59GPN,20200930,S2B_MSIL2A_20200930T222549_N0500_R029_T59GPN_20230627T094937.zip,,0.0,0.005694838437828673,0.0010433608382188512,0.05897137036705253,0.9320401060381353
59GPQ,20201214,S2A_MSIL2A_20201214T222541_N0500_R029_T59GPQ_20230626T171521.zip,,0.0,0.010127172769831553,0.00018185075696497356,2.713992322520496e-05,0.9868884642054937
59GQP,20191102,S2B_MSIL2A_20191102T221609_N0500_R129_T59GQP_20230524T202616.zip,,0.06586812917010892,1.9741142199262778e-05,1.7186406149946416e-05,0.007444699918049376,0.9031659483545177
59GQP,20200410,S2B_MSIL2A_20200410T221559_N0500_R129_T59GQP_20230424T203305.zip,,0.06988404152607323,0.0003283997067030302,9.754446733753372e-06,0.002530018148579467,0.8698308233881109
59GQP,20200420,S2B_MSIL2A_20200420T221559_N0500_R129_T59GQP_20230417T161704.zip,,0.07117302198731922,0.003503638010491007,0.0,0.0010925312125706285,0.8497814539434175
59GPN,20201214,S2A_MSIL2A_20201214T222541_N0500_R029_T59GPN_20230626T171521.zip,,0.0,0.00014495638700601525,4.850680654675996e-05,7.14994309906072e-05,0.9929897711022857
59GPP,20200119,S2A_MSIL2A_20200119T222541_N0500_R029_T59GPP_20230515T210302.zip,,0.0,0.038445857843869134,0.0008788292009648276,0.0024969061151091073,0.8893504666540589
59GPP,20200208,S2A_MSIL2A_20200208T222541_N0500_R029_T59GPP_20230508T143547.zip,,0.0,0.02565270188221008,0.003428787562085063,0.0007388827508866925,0.88328263675303
59GPP,20200702,S2B_MSIL2A_20200702T222549_N0500_R029_T59GPP_20230512T171922.zip,,1.9907034150517086e-07,0.004227125988301299,6.901105172179256e-05,0.2181485131104409,0.3851693590930355
59GQP,20200724,S2A_MSIL2A_20200724T221611_N0500_R129_T59GQP_20230414T061647.zip,,0.0619016526156184,0.00031433206923666475,2.786984781072392e-06,0.012628259362112268,0.796787734612692
59GQP,20200808,S2B_MSIL2A_20200808T221609_N0500_R129_T59GQP_20230410T151700.zip,,0.06594875265841851,0.0010174485154329283,1.0152587416763713e-05,0.016972670959950364,0.8148780196482427
59GQP,20200920,S2B_MSIL2A_20200920T222549_N0500_R029_T59GQP_20230617T125336.zip,,0.061719801858653424,0.00038725817100805903,1.3603140002853342e-06,0.014612791596577317,0.906380503050753
59GQP,20201111,S2A_MSIL2A_20201111T221611_N0500_R129_T59GQP_20230317T204809.zip,,0.05869333545675031,4.980076376654357e-05,1.635694639367487e-05,0.008993301283008352,0.9097047123267673
59GPP,20200816,S2A_MSIL2A_20200816T222551_N0500_R029_T59GPP_20230611T084716.zip,,6.635678050172362e-08,0.006596627084847097,0.0021527798514271684,0.04732120994953567,0.6871950657098019
59GPQ,20200423,S2B_MSIL2A_20200423T222539_N0500_R029_T59GPQ_20230512T043949.zip,,0.0,0.022508352659745653,0.01434653501481415,0.00026794867966595996,0.8652042295811891
59GPQ,20200428,S2A_MSIL2A_20200428T222551_N0500_R029_T59GPQ_20230511T080312.zip,,0.0,0.0022106761424149223,0.0005844041658786799,0.00035746397656278515,0.8852201883868999
59GPQ,20200702,S2B_MSIL2A_20200702T222549_N0500_R029_T59GPQ_20230512T171922.zip,,0.0,0.0011974081041536027,4.097531195981433e-05,0.00012976068427112054,0.7442861503445576
59HPB,20200317,S2B_MSIL2A_20200317T223539_N0500_R072_T59HPB_20230420T012130.zip,,0.13668418485671913,0.3295721314793249,0.0007574294710369242,0.0015527154853500818,0.530435001874579
59HPB,20200421,S2A_MSIL2A_20200421T223541_N0500_R072_T59HPB_20230419T110631.zip,,0.016364444709871567,0.017920577569417485,0.00529122332042694,0.0004347032690667914,0.9596641351554905
59HPB,20200829,S2A_MSIL2A_20200829T223541_N0500_R072_T59HPB_20230403T071428.zip,,0.002856792114160205,0.004072813295244541,0.004495505987040521,0.0021994950249003818,0.986267165669656
59HPB,20201003,S2B_MSIL2A_20201003T223539_N0500_R072_T59HPB_20230324T201248.zip,,0.010577967558170013,0.027489258496156282,0.0041538349242371455,0.00012962797071011708,0.9571147740053948
59HQA,20191026,S2B_MSIL2A_20191026T222549_N0500_R029_T59HQA_20230806T110620.zip,,0.014159342537018789,0.014373674938039356,0.0,0.000563468601630386,0.9701514593514952
59HQA,20200124,S2B_MSIL2A_20200124T222539_N0500_R029_T59HQA_20230516T052017.zip,,0.017004721284932696,0.1570424782930382,0.012397735906649282,0.0,0.8120174451975939
59HQA,20200223,S2B_MSIL2A_20200223T222539_N0500_R029_T59HQA_20230515T102828.zip,,0.0149239385403499,0.039975414812824114,0.007364242321691036,0.0007753458017723896,0.9348852193589271
59HQA,20200314,S2B_MSIL2A_20200314T222539_N0500_R029_T59HQA_20230513T025421.zip,,0.015573604599852024,0.022004339733444813,0.010697376584682864,0.0009206339726809135,0.9469495124435553
59HQB,20191123,S2A_MSIL2A_20191123T223541_N0500_R072_T59HQB_20221220T093627.zip,,0.2922287251867114,0.00013775667632157822,1.6257411222922285e-06,0.0,0.7072244285851739
59HQB,20200223,S2B_MSIL2A_20200223T222539_N0500_R029_T59HQB_20230515T102828.zip,,0.5404322812465785,0.003158151432808783,0.0014486348751331284,4.313190732612035e-07,0.45410721928593467
59HQB,20200317,S2B_MSIL2A_20200317T223539_N0500_R072_T59HQB_20230420T012130.zip,,0.4690624118699009,0.006317430930886095,0.0011777001403445908,0.00010723255729078537,0.5218857601666882
59HQB,20200329,S2A_MSIL2A_20200329T222541_N0500_R029_T59HQB_20230420T210531.zip,,0.528700966486508,0.001602615784287378,0.0010281651354839567,5.009936927880133e-06,0.4685527917956477
59HQA,20200401,S2A_MSIL2A_20200401T223531_N0500_R072_T59HQA_20230417T162802.zip,,0.33080029595124105,0.005357945063221422,0.0027787233618999274,0.0007987033885089963,0.6597875587672237
59HQA,20200423,S2B_MSIL2A_20200423T222539_N0500_R029_T59HQA_20230418T124948.zip,,0.015675163652409913,0.10053367440718511,0.06408777674924768,0.0006516235845269259,0.8165000116124366
59HQA,20200829,S2A_MSIL2A_20200829T223541_N0500_R072_T59HQA_20230403T071428.zip,,0.340058460323622,0.031479192172554175,0.017088795325828382,0.0012787946954389666,0.6093799290646016
59HQA,20201003,S2B_MSIL2A_20201003T223539_N0500_R072_T59HQA_20230324T201248.zip,,0.34189830159820306,0.01012398764436747,0.0034422911669171634,0.0002358651762933766,0.6434629944824337
59HQB,20200401,S2A_MSIL2A_20200401T223531_N0500_R072_T59HQB_20230417T162802.zip,,0.26425937538362515,0.004726029442503508,0.00025082863029651526,7.972767177282093e-05,0.7305763086386575
59HQB,20200421,S2A_MSIL2A_20200421T223541_N0500_R072_T59HQB_20230419T110631.zip,,0.3150321000925677,0.002102249163075106,0.0024133297500671864,8.659559855474932e-06,0.6793700750826971
59HQB,20200829,S2A_MSIL2A_20200829T223541_N0500_R072_T59HQB_20230403T071428.zip,,0.25950421531448137,0.001726238466362089,0.00225948155447394,1.4001280685863683e-05,0.7361454673342159
59HQB,20200903,S2B_MSIL2A_20200903T223539_N0500_R072_T59HQB_20230412T155447.zip,,0.2549830292533867,0.0006252799426677417,0.00013311170168645758,1.1280652685293015e-05,0.7440373124176761
60GTV,20191026,S2B_MSIL2A_20191026T222549_N0500_R029_T60GTV_20230806T110620.zip,,0.0,0.45080859054880373,0.004156920514530476,2.8102096542479953e-05,0.5429425914313489
60GTV,20200423,S2B_MSIL2A_20200423T222539_N0500_R029_T60GTV_20230512T043949.zip,,0.017746225128649207,0.0028704284325533095,0.0010438916924628652,3.8486932690999695e-06,0.9373288741576836
60GTV,20200722,S2B_MSIL2A_20200722T222549_N0500_R029_T60GTV_20230611T152247.zip,,0.0,0.0028987959562177964,0.0005251475608906407,0.00011678793368303356,0.9101803245510134
60GTV,20200915,S2A_MSIL2A_20200915T222551_N0500_R029_T60GTV_20230627T161827.zip,,0.0,0.0011799894492719003,0.00154302739539683,0.0003699058729068583,0.9883614520190709
60GTV,20201214,S2A_MSIL2A_20201214T222541_N0500_R029_T60GTV_20230626T171521.zip,,0.0,0.005332397702728259,1.0683441660777503e-05,5.441256001141337e-06,0.9917862249959356
60GUA,20200225,S2A_MSIL2A_20200225T221601_N0500_R129_T60GUA_20230424T212602.zip,,0.0,0.026924595472476866,0.0007339723491295649,1.1446544636547323e-05,0.9700604178486468
60GUA,20200425,S2A_MSIL2A_20200425T221611_N0500_R129_T60GUA_20230424T222545.zip,,0.0,0.12985391554772546,0.00043695939960385,6.287304952538312e-05,0.8512159216459135
60GUA,20200609,S2B_MSIL2A_20200609T221609_N0500_R129_T60GUA_20230416T144623.zip,,0.0,0.05491677200805571,0.00797266764211134,0.00023228191014628352,0.8517958467291084
60GVA,20201113,S2B_MSIL2A_20201113T220619_N0500_R086_T60GVA_20230318T184529.zip,,0.6366632824708611,5.009936927880133e-06,3.085590293330148e-06,8.526846294471485e-06,0.3632914290264465
60GVV,20200205,S2A_MSIL2A_20200205T221601_N0500_R129_T60GVV_20230426T082747.zip,,0.0,0.0004391491733604069,0.00037627612383502377,0.00013997962846838596,0.998900003649623
60GVV,20200609,S2B_MSIL2A_20200609T221609_N0500_R129_T60GVV_20230416T144623.zip,,0.0,0.003283001715322776,0.0,0.0007334083164953003,0.9639073858414537
60GVV,20200803,S2A_MSIL2A_20200803T221611_N0500_R129_T60GVV_20230403T120916.zip,,0.0,0.0020139614666175626,0.0012749460021698668,0.0009218947515104462,0.9843958049243366
60GUA,20200709,S2B_MSIL2A_20200709T221609_N0500_R129_T60GUA_20230406T202159.zip,,0.0,0.1041059916854954,0.0029770637788195794,0.0011772024644908278,0.8101333771288085
60GUV,20200225,S2A_MSIL2A_20200225T221601_N0500_R129_T60GUV_20230424T212602.zip,,0.0,0.018422931576205785,0.000992996041818043,1.247507473432404e-05,0.9743245045636876
60GUV,20200410,S2B_MSIL2A_20200410T221559_N0500_R129_T60GUV_20230424T203305.zip,,0.0,0.09021121363233699,0.0018221240141870797,0.00016612419998606509,0.8819389119478701
60GUV,20200724,S2A_MSIL2A_20200724T221611_N0500_R129_T60GUV_20230414T061647.zip,,0.0,0.02284013656225427,0.00400270735664447,0.001085198788325188,0.8534957747320016
60GUV,20200808,S2B_MSIL2A_20200808T221609_N0500_R129_T60GUV_20230410T151700.zip,,0.0,0.08421169803683465,0.019530260350828298,0.00038792173881307626,0.8383387911785296
60GVA,20190523,S2B_MSIL2A_20190523T220629_N0500_R086_T60GVA_20221209T032029.zip,,0.6272431743756657,9.15723570923786e-06,2.3224873175603266e-07,0.0001475111230553316,0.3687235941486591
60GVA,20200205,S2A_MSIL2A_20200205T221601_N0500_R129_T60GVA_20230426T082747.zip,,0.0,0.02271565124203304,0.009942501849695256,0.00036141220500263767,0.9655685614845338
60GVA,20200427,S2B_MSIL2A_20200427T220619_N0500_R086_T60GVA_20230419T110415.zip,,0.9276323568933083,1.6589195125430904e-06,7.259431786888564e-05,6.522871523319432e-05,0.07166837535376458
60GVA,20200507,S2B_MSIL2A_20200507T220619_N0500_R086_T60GVA_20230416T153725.zip,,0.9342023749091741,2.986055122577563e-07,0.0,2.289308927309465e-06,0.06465316969751261
60GVA,20200520,S2B_MSIL2A_20200520T221609_N0500_R129_T60GVA_20230415T182727.zip,,0.0,0.0171781115523837,4.014585220354279e-06,0.0014209972760541604,0.9214838371471893
60GVA,20200609,S2B_MSIL2A_20200609T221609_N0500_R129_T60GVA_20230416T144623.zip,,0.0,0.013479517320778631,0.0012303210672824575,0.0012791596577317263,0.8945732429553983
60GVA,20200830,S2A_MSIL2A_20200830T220631_N0500_R086_T60GVA_20230403T070241.zip,,0.6280575711427633,9.92033868500768e-06,0.0,0.00019754413555363122,0.3715273008384179
60GVV,20200808,S2B_MSIL2A_20200808T221609_N0500_R129_T60GVV_20230410T151700.zip,,0.0,0.0011749131555635183,0.0005475097959197216,0.0003222285261163699,0.9886230968045893
60HTB,20200223,S2B_MSIL2A_20200223T222539_N0500_R029_T60HTB_20230515T102828.zip,,0.0,0.00971589344428187,5.637008503621421e-05,5.3649457035643544e-05,0.9877838162448034
60HTB,20200314,S2B_MSIL2A_20200314T222539_N0500_R029_T60HTB_20230513T025421.zip,,0.0,0.009961347175357746,0.0012512566315307514,0.0001523883464222083,0.9884175234985949
60HTB,20201015,S2A_MSIL2A_20201015T222551_N0500_R029_T60HTB_20230617T201925.zip,,0.0,0.005224435220851954,0.0010754111632011838,0.0008704350682313595,0.9915516205984718
60HTB,20201214,S2A_MSIL2A_20201214T222541_N0500_R029_T60HTB_20230626T171521.zip,,0.0,0.00019309823126001572,2.8699307566995463e-05,0.00017561321959781156,0.9982946307411057
60HTC,20200518,S2A_MSIL2A_20200518T222551_N0500_R029_T60HTC_20230515T105810.zip,,0.0,0.002723348628571239,0.0,0.0010189083646039662,0.972666447689291
60HTC,20200622,S2B_MSIL2A_20200622T222549_N0500_R029_T60HTC_20230421T104653.zip,,0.0,0.0008614105460831252,0.0,0.00010202355002140006,0.9656716799214335
60HTC,20201015,S2A_MSIL2A_20201015T222551_N0500_R029_T60HTC_20230617T201925.zip,,0.0,0.001160845518097153,0.0007571308655246664,0.00044910269043566545,0.9968921138284212
60HTC,20201214,S2A_MSIL2A_20201214T222541_N0500_R029_T60HTC_20230626T171521.zip,,0.0,0.0012260742333303472,3.11876868358101e-06,1.9940212540767947e-05,0.9980971197839423
60HTE,20200314,S2B_MSIL2A_20200314T222539_N0500_R029_T60HTE_20230513T025421.zip,,0.0,0.011655369424786248,0.006147159432118673,0.0010115427619682748,0.9810889811248138
60HTE,20200423,S2B_MSIL2A_20200423T222539_N0500_R029_T60HTE_20230418T124948.zip,,0.0,0.016845232762996806,0.014769493133732138,0.000589911778660323,0.9666338532387085
60HTE,20200518,S2A_MSIL2A_20200518T222551_N0500_R029_T60HTE_20230515T105810.zip,,0.0,0.00402387516962452,0.0023015517533120327,0.00271107262417842,0.9851299431654175
60HTE,20201214,S2A_MSIL2A_20201214T222541_N0500_R029_T60HTE_20230626T171521.zip,,0.0,0.004031605734552971,0.0004799254149787161,2.1234169760551557e-05,0.9940273920789912
60HUB,20200111,S2B_MSIL2A_20200111T221559_N0500_R129_T60HUB_20230424T192236.zip,,0.0,0.006390290675876988,0.0010686759499802588,0.0013009246817362915,0.9864921483339472
60HUB,20200210,S2B_MSIL2A_20200210T221559_N0500_R129_T60HUB_20230424T223756.zip,,0.0,0.009913105795932993,0.0008450535996894502,0.00042461703843052945,0.9802051419869211
60HUB,20200311,S2B_MSIL2A_20200311T221559_N0500_R129_T60HUB_20230419T195843.zip,,0.0,0.004287709728899373,0.0018417987996058407,0.0006511590870634139,0.9922507888162282
60HUC,20200311,S2B_MSIL2A_20200311T221559_N0500_R129_T60HUC_20230419T195843.zip,,0.05939917253094714,0.0043535356551570835,0.004031738448113975,3.749158098347384e-06,0.9317896755485218
60HUC,20200314,S2B_MSIL2A_20200314T222539_N0500_R029_T60HUC_20230513T025421.zip,,0.1640455738368486,0.0018834376793706723,0.0020833374806321146,0.00010627038397351037,0.831634832001221
60HUC,20200410,S2B_MSIL2A_20200410T221559_N0500_R129_T60HUC_20230424T203305.zip,,0.06268950667051536,0.00014339700266422474,0.0001223287248549275,2.6542712200689446e-06,0.9288404152607324
60HUC,20200907,S2B_MSIL2A_20200907T221609_N0500_R129_T60HUC_20230402T233453.zip,,0.05837843935487938,0.004616706646626919,0.0015544739400333775,1.2939572197836105e-06,0.932578889917419
60HUB,20201216,S2B_MSIL2A_20201216T221559_N0500_R129_T60HUB_20230317T145235.zip,,0.0,0.01816125361229724,4.568664337543671e-05,0.0014007916363913855,0.9761258589055776
60HUC,20190302,S2A_MSIL2A_20190302T221601_N0500_R129_T60HUC_20221115T003632.zip,,0.05914260403913723,1.1944220490310251e-06,0.0,0.0,0.9399640678033583
60HUC,20200111,S2B_MSIL2A_20200111T221559_N0500_R129_T60HUC_20230424T192236.zip,,0.060538120311478726,0.0026459434441159784,0.002060510748139522,0.0,0.9344549288157638
60HUC,20200225,S2A_MSIL2A_20200225T221601_N0500_R129_T60HUC_20230424T212602.zip,,0.05826224863222086,0.0015367235012491663,0.0014440894356687601,3.5500877568422135e-06,0.9376713083234628
60HUD,20200907,S2B_MSIL2A_20200907T221609_N0500_R129_T60HUD_20230402T233453.zip,,0.26979336498551765,0.0003836085480804642,0.00039807432622983996,2.7969382981476505e-05,0.728065600313204
60HUD,20201214,S2A_MSIL2A_20201214T222541_N0500_R029_T60HUD_20230626T171521.zip,,0.014717701666550542,0.005022246110663203,0.0045616636972007395,1.449895653962661e-05,0.9746421876503396
60HUE,20200119,S2A_MSIL2A_20200119T222541_N0500_R029_T60HUE_20230515T210302.zip,,0.0,0.02423223546039993,0.004561597340420238,0.0,0.9693645674699155
60HUE,20200314,S2B_MSIL2A_20200314T222539_N0500_R029_T60HUE_20230513T025421.zip,,0.0,0.038859890975809636,0.019364501113134994,4.343051283837811e-05,0.9382304305559703
60HUC,20201214,S2A_MSIL2A_20201214T222541_N0500_R029_T60HUC_20230626T171521.zip,,0.16858202195745867,0.0003341727466066801,0.00012873215417334382,2.75380639082153e-06,0.8302952876732327
60HUD,20190618,S2B_MSIL2A_20190618T222549_N0500_R029_T60HUD_20230805T105242.zip,,0.015900312208652262,3.095543810405407e-05,4.047763610605141e-06,0.00020915657214143284,0.9396986075029612
60HUD,20200111,S2B_MSIL2A_20200111T221559_N0500_R129_T60HUD_20230424T192236.zip,,0.27276986473170295,0.0005698388525585516,0.0008963805694075335,0.0,0.725390028566594
60HUD,20200223,S2B_MSIL2A_20200223T222539_N0500_R029_T60HUD_20230515T102828.zip,,0.014023642920892764,0.011165689563073778,0.00031263997133387084,0.00016642280549832283,0.9718636633587812
60HUD,20200403,S2B_MSIL2A_20200403T222539_N0500_R029_T60HUD_20230513T124232.zip,,0.012295214680774118,0.013544248360158061,0.003957352497171543,0.00020766354458014405,0.9687985109538455
60HUD,20200428,S2A_MSIL2A_20200428T222551_N0500_R029_T60HUD_20230511T080312.zip,,0.018005646962020696,0.09113055364779811,0.017712748132886088,0.0007308204020557331,0.8671313963789105
60HUD,20200520,S2B_MSIL2A_20200520T221609_N0500_R129_T60HUD_20230415T182727.zip,,0.263802940268944,0.00018795558077113215,0.00027325722210609784,0.00018404053072153045,0.7106435612356959
60HUD,20200702,S2B_MSIL2A_20200702T222549_N0500_R029_T60HUD_20230512T171922.zip,,0.014456388664934755,0.0004701709682449627,0.0007383850750329296,0.00019983344448094067,0.9424067604287976
60HUE,20200518,S2A_MSIL2A_20200518T222551_N0500_R029_T60HUE_20230515T105810.zip,,0.0,0.032252381378960256,0.00452317676450974,0.000494092587615834,0.944041393359677
60HUE,20201214,S2A_MSIL2A_20201214T222541_N0500_R029_T60HUE_20230626T171521.zip,,0.0,0.0038266959963636485,0.0009068649407268058,9.953517075258543e-08,0.9938539686331499
60HVB,20190602,S2B_MSIL2A_20190602T220629_N0500_R086_T60HVB_20221215T175854.zip,,0.8750858490847742,1.0218944197265437e-05,1.9907034150517085e-06,0.000446813381508356,0.11942379089651328
60HVB,20200202,S2A_MSIL2A_20200202T220611_N0500_R086_T60HVB_20230425T150026.zip,,0.8897556079774122,1.758454683295676e-06,0.0,6.702034830674086e-06,0.11016476388598578
60HWB,20200126,S2A_MSIL2A_20200126T221601_N0500_R129_T60HWB_20230427T193345.zip,,0.19678242607025193,1.2076934051313699e-05,0.0,0.0,0.802434066243974
60HWB,20200202,S2A_MSIL2A_20200202T220611_N0500_R086_T60HWB_20230425T150026.zip,,0.02499411083573047,0.004661066154392321,1.1479723026798185e-05,3.649622927594799e-05,0.9698478107239193
60HWB,20200210,S2B_MSIL2A_20200210T221559_N0500_R129_T60HWB_20230424T223756.zip,,0.20783438011154576,0.00028825385449948737,2.952876732326701e-06,0.0005743179352424179,0.7905102836420582
60HWB,20200507,S2B_MSIL2A_20200507T220619_N0500_R086_T60HWB_20230416T153725.zip,,0.020640741072524643,0.0018010557363777825,1.4532134929877473e-05,6.582592625770983e-05,0.9659854811364262
60HVC,20200907,S2B_MSIL2A_20200907T221609_N0500_R129_T60HVC_20230402T233453.zip,,0.0,0.02362772519002923,0.0050984900514596835,6.104823806158573e-06,0.9633831672754901
60HVC,20201216,S2B_MSIL2A_20201216T221559_N0500_R129_T60HVC_20230317T145235.zip,,0.0,0.01757303393153971,0.0017789257500804576,2.3224873175603265e-06,0.9799534507184781
60HVD,20200210,S2B_MSIL2A_20200210T221559_N0500_R129_T60HVD_20230424T223756.zip,,0.0,0.0020193031874479513,0.0005715309504613455,1.3138642539341276e-05,0.9969793398163908
60HVD,20200223,S2B_MSIL2A_20200223T222539_N0500_R029_T60HVD_20230515T102828.zip,,0.8797149312709646,0.011030023125338006,9.953517075258543e-08,9.289949270241306e-06,0.10906825126658505
60HVB,20200830,S2A_MSIL2A_20200830T220631_N0500_R086_T60HVB_20230403T070241.zip,,0.874273907518555,1.2939572197836106e-05,7.090221996609168e-05,3.0524119030792866e-05,0.1252715485350082
60HVB,20201113,S2B_MSIL2A_20201113T220619_N0500_R086_T60HVB_20230318T184529.zip,,0.8832734795173208,6.3370725379146055e-06,0.0,3.981406830103417e-07,0.11666527317427614
60HVC,20200425,S2A_MSIL2A_20200425T221611_N0500_R129_T60HVC_20230424T222545.zip,,0.0,0.0008478737628607735,0.0017772336521776637,7.5646729771964925e-06,0.9616710959817651
60HVC,20200709,S2B_MSIL2A_20200709T221609_N0500_R129_T60HVC_20230406T202159.zip,,0.0,0.01208702028194996,0.00337324693680512,2.5812787615170487e-05,0.8703303572317278
60HWB,20200830,S2A_MSIL2A_20200830T220631_N0500_R086_T60HWB_20230403T070241.zip,,0.01840766951669039,3.4804131373154035e-05,2.090238585804294e-06,0.00034641557260924814,0.979567254255958
60HWB,20201002,S2A_MSIL2A_20201002T221611_N0500_R129_T60HWB_20230323T063834.zip,,0.21662940733441494,0.00012949525714911364,3.6230802153941094e-05,9.004615114083895e-05,0.7819385469855773
60HWB,20201113,S2B_MSIL2A_20201113T220619_N0500_R086_T60HWB_20230318T184529.zip,,0.02197262119236499,5.404759771865389e-05,5.806218293900817e-06,1.13801878560456e-05,0.9774977189856703
60HWB,20201218,S2A_MSIL2A_20201218T220621_N0500_R086_T60HWB_20230228T221926.zip,,0.01896237902329455,0.00010779658992505002,1.887850405274037e-05,8.195062391962867e-06,0.9806538133582835
60HVB,20200210,S2B_MSIL2A_20200210T221559_N0500_R129_T60HVB_20230424T223756.zip,,0.0,1.5693378588657637e-05,0.0,0.00014651577134780575,0.9937961718773328
60HVB,20200427,S2B_MSIL2A_20200427T220619_N0500_R086_T60HVB_20230419T110415.zip,,0.8842229455111297,1.542795146665074e-05,7.133353903935289e-06,0.0001047773564122216,0.11439006506282329
60HVB,20200609,S2B_MSIL2A_20200609T221609_N0500_R129_T60HVB_20230416T144623.zip,,0.0,0.004777588660953348,0.0,0.00042581146047956047,0.8174013357619915
60HVB,20200616,S2B_MSIL2A_20200616T220629_N0500_R086_T60HVB_20230414T233319.zip,,0.8784369660352819,2.1200991370300695e-05,5.972110245155125e-06,1.0285300977767161e-05,0.11360194558080432
60HVD,20200709,S2B_MSIL2A_20200709T221609_N0500_R129_T60HVD_20230406T202159.zip,,0.0,0.00014930275612887813,0.00016891118476713746,3.0192335128284247e-06,0.984407085577022
60HVD,20200902,S2A_MSIL2A_20200902T221611_N0500_R129_T60HVD_20230402T233800.zip,,0.0,0.000841768939054615,0.0006067995792980116,5.640326342646507e-07,0.9978257205516903
60HVD,20200907,S2B_MSIL2A_20200907T221609_N0500_R129_T60HVD_20230402T233453.zip,,0.0,0.0012319799867950008,0.00032365519689715695,3.1453113957817e-05,0.997948945093082
60HWB,20190707,S2A_MSIL2A_20190707T220621_N0500_R086_T60HWB_20221221T050842.zip,,0.019076247258635506,3.155264912856958e-05,1.4233529417619716e-05,0.00044760966287437666,0.9478733647200905
60HXC,20200909,S2A_MSIL2A_20200909T220631_N0500_R086_T60HXC_20230403T032440.zip,,0.0890779393565383,9.72126834350251e-06,1.632376800342401e-05,8.891808587230965e-06,0.9103988706075958
60HXC,20201203,S2B_MSIL2A_20201203T220619_N0500_R086_T60HXC_20230303T115034.zip,,0.0,0.00011927631295184821,1.1479723026798185e-05,2.952876732326701e-06,0.9997059731055968
60HWC,20200609,S2B_MSIL2A_20200609T221609_N0500_R129_T60HWC_20230416T144623.zip,,0.026157610625047695,0.0019751095716338033,0.00019263373379650367,0.00029817419318449505,0.7878370012043756
60HWC,20200909,S2A_MSIL2A_20200909T220631_N0500_R086_T60HWC_20230406T211751.zip,,0.5999901128397053,0.0025431567911188085,0.0006938264969260222,1.2309182783069732e-05,0.39596593906456845
60HWC,20200912,S2A_MSIL2A_20200912T221611_N0500_R129_T60HWC_20230330T101216.zip,,0.028185374302009614,0.0002211007926317431,0.0007431959416193045,0.0014998291312902081,0.9587490087955912
60HWC,20201004,S2B_MSIL2A_20201004T220629_N0500_R086_T60HWC_20230323T223745.zip,,0.2154912558352494,4.4790826838663444e-06,0.0,1.5262059515396432e-06,0.7807031496245865
60HWC,20201113,S2B_MSIL2A_20201113T220619_N0500_R086_T60HWC_20230318T184529.zip,,0.22194478452294453,0.02567393605197063,0.008681888912113762,3.0524119030792864e-06,0.7425809469776146
60HWC,20201203,S2B_MSIL2A_20201203T220619_N0500_R086_T60HWC_20230303T115034.zip,,0.22301793955560864,0.020229362211804207,0.004895305589563406,7.365602635691322e-06,0.7510670170304677
60HWD,20200106,S2A_MSIL2A_20200106T221601_N0500_R129_T60HWD_20230424T200830.zip,,0.0,0.013811433936848251,0.00562463296405785,1.8248114637973994e-06,0.9795050447742376
60HWD,20200210,S2B_MSIL2A_20200210T221559_N0500_R129_T60HWD_20230424T223756.zip,,0.0,0.00028559958327941846,4.14398094233264e-05,1.957525024800847e-06,0.9979534241757658
60HWD,20200609,S2B_MSIL2A_20200609T221609_N0500_R129_T60HWD_20230416T144623.zip,,0.0,0.00011098171538913275,3.404102839738422e-05,2.1897737565568796e-06,0.934419660186927
60HWD,20200709,S2B_MSIL2A_20200709T221609_N0500_R129_T60HWD_20230406T202159.zip,,0.0,0.0013072285758839552,0.0016568292739572862,1.5162524344643847e-05,0.9317085212059681
60HXC,20200507,S2B_MSIL2A_20200507T220619_N0500_R086_T60HXC_20230416T153725.zip,,0.0,7.995992050457696e-06,3.0192335128284247e-06,1.3105464149090414e-05,0.9939395025232166
60HXC,20200830,S2A_MSIL2A_20200830T220631_N0500_R086_T60HXC_20230403T070241.zip,,0.0,7.398781025942183e-06,9.72126834350251e-06,6.466468259892967e-05,0.9986200775710764
60HWC,20190617,S2A_MSIL2A_20190617T220621_N0500_R086_T60HWC_20221213T201219.zip,,0.2186295334122979,0.00012767044568531624,3.729251064196867e-05,0.00019976708770043895,0.6302266415838036
60HWC,20191102,S2B_MSIL2A_20191102T221609_N0500_R129_T60HWC_20230524T202616.zip,,0.023915514547065204,0.00029027773630478995,0.0,4.4658113277659996e-05,0.9737043672715088
60HWC,20200210,S2B_MSIL2A_20200210T221559_N0500_R129_T60HWC_20230424T223756.zip,,0.02423100785996065,0.00016483024276628148,8.934940494557085e-05,0.000235533392390868,0.9728026449812708
60HWC,20200507,S2B_MSIL2A_20200507T220619_N0500_R086_T60HWC_20230416T153725.zip,,0.21919479364700184,2.8533415615741157e-06,9.953517075258542e-07,2.949558893301615e-05,0.7051534998224956
